鎮安廟,古公三王,宜蘭縣宜蘭市旋流路4號,24.7274101,121.768614
鎮南宮,關聖帝君,宜蘭縣宜蘭市神農路二段132號,24.7529398,121.7515492
鎮興廟,三山國王,宜蘭縣宜蘭市進士路53號,24.741535,121.746527
彌陀寺,釋迦牟尼佛,宜蘭縣宜蘭市力行街63巷25號,24.763615,121.758343
鑑民堂,關聖帝君,宜蘭縣宜蘭市進士路40號,24.7349701,121.739842
靈惠廟,開漳聖王,宜蘭縣宜蘭市城隍街卅9號,24.7593101,121.751727
大眾爺廟,大眾爺,宜蘭縣宜蘭市南橋路0號,24.7241907,121.7487376
三清宮,開漳聖王,宜蘭縣宜蘭市三清路915號,24.7556457,121.7460286
三聖宮,靈寶天尊,宜蘭縣宜蘭市東港路校舍巷卅之0號,24.747671,121.763878
三聖堂,三官大帝,宜蘭縣宜蘭市東後街2號,24.760512,121.753809
文昌廟,文昌帝君,宜蘭縣宜蘭市文昌路616號,24.7582939,121.7488857
永鎮廟,開漳聖王,宜蘭縣宜蘭市黎明路82號,24.744713,121.78357
玉皇宮,玉皇上帝,宜蘭縣宜蘭市吳沙路57號,24.768474,121.756088
光明寺,清水祖師,宜蘭縣宜蘭市西門路91號,24.760722,121.749618
西關廟,關聖帝君,宜蘭縣宜蘭市舊城西路廿9號,24.7585081,121.749773
宜蘭五穀廟,神農大帝,宜蘭縣宜蘭市神農路二段162號,24.7535166,121.7518529
宜蘭同興廟,廣澤尊王,宜蘭縣宜蘭市中山路241號,24.7619417,121.7536697
宜蘭念佛會,釋迦牟尼佛,宜蘭縣宜蘭市中山路257號,24.726754,121.766884
宜蘭東嶽廟,東嶽大帝,宜蘭縣宜蘭市中山路二段299號,24.7535178,121.7521626
武營廟,大樹公,宜蘭縣宜蘭市西安街7號,24.757589,121.75045
南興廟,註生娘娘,宜蘭縣宜蘭市南興街6號,24.7551071,121.752887
城隍廟,城隍,宜蘭縣宜蘭市城隍街0號,24.7590148,121.7529445
昭應宮,天上聖母,宜蘭縣宜蘭市中山路三段106號,24.7576138,121.7528302
普濟寺,普庵祖師,宜蘭縣宜蘭市聖後街64號,24.758462,121.75733
進福廟,關聖帝君,宜蘭縣宜蘭市建業路廿1號,24.728815,121.757347
開漳聖王廟,開漳聖王,宜蘭縣宜蘭市負郭路25巷26號,24.7528661,121.745652
開興廟,開台聖王,宜蘭縣宜蘭市延平路0之1號,24.7555979,121.7659396
開興廟,三山國王,宜蘭縣宜蘭市七張路2號,24.7574371,121.783522
慈民宮,地母,宜蘭縣宜蘭市環河路91號,24.7626611,121.7514289
慈安寺,觀世音菩薩,宜蘭縣宜蘭市慈安路77號,24.760434,121.7642201
慈航宮,天上聖母,宜蘭縣宜蘭市津梅路136之1號,24.7677937,121.7512953
慈雲寺,觀音佛祖,宜蘭縣宜蘭市七張路62號,24.7614125,121.7792833
慈雲宮,觀音佛祖,宜蘭縣宜蘭市舊城西路61號,24.758968,121.749705
慈愛寺,觀音佛祖,宜蘭縣宜蘭市光復路102號,24.7557811,121.753703
感應宮,孚佑帝君,宜蘭縣宜蘭市城隍街14號,24.7591531,121.752497
新民堂,濟世光耀大帝 李觀濤,宜蘭縣宜蘭市新? 民路153號,24.75,121.75
新生帝王廟,保生大帝,宜蘭縣宜蘭市北津路31之5號,24.768649,121.75457
新興廟,敵天大帝,宜蘭縣宜蘭市東港路6之26號,24.7495281,121.777925
雷音寺,釋迦牟尼佛,宜蘭縣宜蘭市中山路257號,24.726754,121.766884
靖安堂,靖姑娘媽,宜蘭縣宜蘭市聖後街52巷2號,24.75848,121.7578
碧霞宮,岳武穆王,宜蘭縣宜蘭市城隍街52號,24.759407,121.751132
福德祠,福德爺,宜蘭縣宜蘭市東港路福德巷廿9號,24.753374,121.7628971
福德廟,福德正神,宜蘭縣宜蘭市南橋路卅6號,24.725216,121.741356
金六結福德廟,福德正神,宜蘭縣宜蘭市民權新路259巷42號,24.7514044,121.7452782
慶和廟,輔順將軍,宜蘭縣宜蘭市慶和街慶和巷16號,24.7626299,121.7518049
鎮平宮,北極玄天上帝,宜蘭縣宜蘭市鎮平路6之12號,24.7642101,121.736158
茭白里福德廟,福德正神,宜蘭縣宜蘭市茭白路37之2號,24.7763181,121.750552
太陽宮,太陽星神,宜蘭縣宜蘭市大坡路82號,24.769692,121.755041
伏羲廟,八卦祖師,宜蘭縣宜蘭市南橋路27號,24.729745,121.739946
巧仁宮,魯班先師,宜蘭縣宜蘭市大福路一段175號,24.765678,121.766681
妙嚴宮,太乙救苦天尊,宜蘭縣宜蘭市旋流路24之50號,24.7373581,121.764467
宜蘭慈惠堂,西王金母,宜蘭縣宜蘭市嵐峰路一段35號,24.742446,121.755148
金七結福德廟,福德正神,宜蘭縣宜蘭市泰山路7結巷9之10號,24.754543,121.74809
順安公廟,大眾爺,宜蘭縣宜蘭市凱旋路9號,24.722843,121.765635
新福宮,神農大帝,宜蘭縣宜蘭市凱旋路 14號,24.72492,121.763835
慶安廟,協天大帝,宜蘭縣宜蘭市黎明路481巷11號,24.742675,121.771207
龍山嚴石觀音,觀音佛祖,宜蘭縣頭城鎮大里里濱海路六段181巷100號,24.9520449,121.908978
頭城城隍廟,城隍老爺,宜蘭縣頭城鎮新建里吉祥路1號3樓,24.8556739,121.82187
靈山寺,釋迦牟尼佛,宜蘭縣頭城鎮福成里福成路55號,24.8622069,121.805727
大安廟,古公三王,宜蘭縣頭城鎮大溪里濱海路五段171號,24.9394778,121.8918414
中興宮,延平郡王,宜蘭縣頭城鎮大坑里協天路506號,24.854829,121.83003
中興廟,三王公,宜蘭縣頭城鎮中崙里三和路598號,24.8309121,121.802181
吉祥寺,釋迦牟尼佛,宜蘭縣頭城鎮福成里福德路28號,24.874667,121.808366
協天宮,關聖帝君,宜蘭縣頭城鎮大坑里協天路599號,24.8572001,121.8313296
協天廟,關聖帝君,宜蘭縣頭城鎮金面里金面路354號,24.853064,121.801803
武營里福德廟,福德正神,宜蘭縣頭城鎮武營里青雲路121巷39號,24.860996,121.826505
武當祖廟台灣第一行宮外澳接天宮,玄天上帝,宜蘭縣頭城鎮外澳里濱海路二段1巷21號,24.8795076,121.8411717
金斗公廟,金斗公,宜蘭縣頭城鎮外澳里濱海路二段586號,24.893781,121.857694
金威廟,觀音佛祖,宜蘭縣頭城鎮金盈里金盈路41號,24.8476441,121.796559
威靈廟,李江將軍,宜蘭縣頭城鎮夷坑里協天路686巷48號,24.85,121.8166667
威惠廟,開漳聖王,宜蘭縣頭城鎮二城里青雲路一段257號,24.839853,121.795732
城東里福德廟,福德正神,宜蘭縣頭城鎮城東里和平街54號,24.857079,121.8242062
城南里福德廟,福德正神,宜蘭縣頭城鎮城南里和平街44號,24.8557909,121.823004
韋馱院,韋馱菩,宜蘭縣頭城鎮拔雅里吉祥路320號,24.86401,121.808838
飛元宮,飛像四將軍,宜蘭縣頭城鎮拔雅里復興路107巷9號,24.8649749,121.819794
泰安廟,李廣將軍,宜蘭縣頭城鎮竹安里頭濱路二段426號,24.8360431,121.823991
草嶺慶雲宮,玉皇上帝,宜蘭縣頭城鎮石城里濱海路七段33號,24.969802,121.9254
神農廟,神農大帝,宜蘭縣頭城鎮拔雅里復興路12巷1號,24.8611089,121.816405
將軍廟,將軍爺,宜蘭縣頭城鎮新建里新興路324號,24.8556999,121.820325
理安宮,三王公,宜蘭縣頭城鎮外澳里濱海路二段1巷33號,24.880358,121.8419999
喚醒堂,轄落靈宮王天君,宜蘭縣頭城鎮城西里纘祥路39號,24.85736,121.821992
港口里福德廟,福德正神,宜蘭縣頭城鎮港口里(路)27號,24.8746825,121.8363339
紫霄宮,神農大帝,宜蘭縣頭城鎮更新里濱海路三段161號,24.904219,121.866464
善慧寺,釋迦牟尼佛,宜蘭縣頭城鎮新建里新興路311號,24.8561369,121.820355
圓通寺,釋迦牟尼佛,宜蘭縣頭城鎮二城里二城路121號,24.8369762,121.795953
開成寺,觀音佛祖,宜蘭縣頭城鎮新建里吉祥路1號3樓,24.8556739,121.82187
順天府池府王爺廟,池府王爺,宜蘭縣頭城鎮頂埔里頂埔路一段250號,24.846145,121.81488
瑞陽宮,呂仙祖,宜蘭縣頭城鎮二城里青雲路一段257號,24.839853,121.795732
董慶寺,董公,宜蘭縣頭城鎮港口里(路)100號,24.8746825,121.8363339
福聖廟,福德正神,宜蘭縣頭城鎮下埔里下埔路41之1號,24.837771,121.807248
福德廟,福德正神,宜蘭縣頭城鎮更新里濱海路三段88號旁,24.901926,121.863875
福興廟,開台國聖,宜蘭縣頭城鎮福成里宜三路二段316號,24.8609803,121.8037331
鳳山廟,廣澤尊王,宜蘭縣頭城鎮合興里(路)75號,24.9267794,121.8733386
慶天宮,玉皇上帝,宜蘭縣頭城鎮外澳里濱海路二段461號,24.8911438,121.8500726
慶元宮,天上聖母,宜蘭縣頭城鎮城東里和平街105號,24.857426,121.823908
慶安堂,定遠帝君趙恩主,宜蘭縣頭城鎮城北里西4巷5號,24.85952,121.824243
蓮光寺,釋迦牟尼佛,宜蘭縣頭城鎮福成里福成路267之1號,24.8561259,121.812785
鎮安宮,玄壇元帥,宜蘭縣頭城鎮竹安里頭濱路一段462號,24.821273,121.820654
鎮海宮,王顯大帝,宜蘭縣頭城鎮更新里更新路188之2號,24.905799,121.861563
濟安宮,仙公,宜蘭縣頭城鎮金面里北宜路一段396號,24.8544631,121.79715
九陽山東明玄元殿,原始道德天尊,宜蘭縣頭城鎮福成里福德路6號,24.874667,121.808366
九鳳宮,九天玄女,宜蘭縣頭城鎮金面里北宜路二段2巷25號,24.8605869,121.794427
二城里福德廟,福德正神,宜蘭縣頭城鎮二城里(2圍段230號),24.8510859,121.7793794
大修宮,孚估帝君,宜蘭縣頭城鎮武營里武營路33巷5號,24.8628409,121.825314
天后宮,天上聖母,宜蘭縣頭城鎮合興里忠孝新村54號,24.9267794,121.8733386
中山福德宮,福德正神,宜蘭縣頭城鎮更新里更新路153號旁,24.9065709,121.855112
北天宮,天上聖母,宜蘭縣頭城鎮更新里更新路150之6號,24.907079,121.854791
北門坑福德廟,福德正神,宜蘭縣頭城鎮拔雅里(路)118之1號,24.8612819,121.821821
北武營武德廟,福德正神,宜蘭縣頭城鎮武營里武營路145之1號,24.863863,121.826294
明山寺,釋迦牟尼佛,宜蘭縣頭城鎮大溪里內大溪路17號,24.9437935,121.8874945
東嶽廟,東嶽仁聖大帝,宜蘭縣頭城鎮城北里纘祥路133號,24.860162,121.823807
武功廟,三山國王,宜蘭縣頭城鎮武營里武營路127巷5號,24.8657839,121.828005
金面山福德廟,福德正神,宜蘭縣頭城鎮金面里(金面段大金面小段495-6),24.8695806,121.7907726
拱蘭宮,天上聖母,宜蘭縣頭城鎮龜山里龜山路280號,24.942471,121.89886
普陀觀音廟,天上聖母,宜蘭縣頭城鎮龜山里龜山路282號,24.942471,121.89886
菩提觀佛修院,大日如來佛,宜蘭縣頭城鎮福成里福德路14號,24.874667,121.808366
開蘭吳沙公紀念祠,開蘭吳沙公,宜蘭縣頭城鎮新建里吉祥路1號3樓,24.8556739,121.82187
瑞光宮,三太子,宜蘭縣頭城鎮福成里福德路6之1號,24.874667,121.808366
聖德堂,三太子,宜蘭縣頭城鎮拔雅里吉祥路272號,24.862463,121.810753
雷聖宮,田都元帥,宜蘭縣頭城鎮武營里青雲路232巷15號,24.8662229,121.828763
福安廟,福德正神,宜蘭縣頭城鎮福成里福德路240號,24.874667,121.808366
福崇寺,開璋聖王,宜蘭縣頭城鎮福德路31號,24.874667,121.808366
福德宮,福德正神,宜蘭縣頭城鎮頂埔里第1鄰,24.8445111,121.809996
福德祠,福德正神,宜蘭縣頭城鎮二城里(2圍段378號),24.8510859,121.7793794
蓮光寺,釋迦牟尼佛,宜蘭縣頭城鎮福成里福成路267之1號,24.8561259,121.812785
礁溪協天廟,關聖帝君,宜蘭縣礁溪鄉大忠村中山路一段51號,24.818543,121.769087
龍潭寺,釋迦牟尼佛,宜蘭縣礁溪鄉龍潭村大坡路200之1號,24.7800349,121.7403431
天農廟,神農大帝,宜蘭縣礁溪鄉三民村16結路100號,24.7765623,121.7458212
三山國王廟,三山國王,宜蘭縣礁溪鄉林美村林尾路41號之1,24.820615,121.755762
龍潭三皇宮,三官大帝,宜蘭縣礁溪鄉龍潭村3皇路2號,24.7879415,121.7494666
永護廟,開漳聖王,宜蘭縣礁溪鄉光武村武暖路82號,24.783039,121.764547
永興廟,三山國王,宜蘭縣礁溪鄉龍潭村3皇路112巷14號,24.7879415,121.7494666
正覺寺,釋迦牟尼佛,宜蘭縣礁溪鄉吳沙村四結路80號,24.789191,121.747596
如來禪寺,釋迦牟尼佛,宜蘭縣礁溪鄉龍潭村環湖路20號,24.7879415,121.7494666
妙釋寺,釋迦牟尼佛,宜蘭縣礁溪鄉 六 結村中山路二段70號,24.7511433,121.7534311
協和廟,石公,宜蘭縣礁溪鄉吳沙村81號,24.7885774,121.7580139
長興廟,輔順將軍,宜蘭縣礁溪鄉時潮村大塭路47之3號,24.8181061,121.812193
保安廟,開漳聖王,宜蘭縣礁溪鄉匏崙村匏杓崙路67號,24.7963041,121.731637
昭惠廟,開臺聖王,宜蘭縣礁溪鄉白雲村白雲路4號,24.8325334,121.7855684
九龍山白鵝湖玉清宮,玉皇上帝,宜蘭縣礁溪鄉白鵝村柴圍路48之8號,24.798921,121.763072
常興廟,三山國王,宜蘭縣礁溪鄉二結村二結路54號,24.783243,121.721756
通聖宮,玉皇上帝,宜蘭縣礁溪鄉二結村二結路77號,24.785888,121.724528
圓明寺,釋迦牟尼佛,宜蘭縣礁溪鄉二結村二結路65號,24.789401,121.7193549
開成寺,釋迦牟尼佛,宜蘭縣礁溪鄉匏崙村匏杓崙路122號,24.8127877,121.7117177
集惠廟,開漳聖王,宜蘭縣礁溪鄉白雲村白雲路25-1號,24.8325334,121.7855684
雲夢山如來禪寺,,宜蘭縣礁溪鄉匏崙村匏杓崙路116號,24.78301,121.737323
源興居禪院,,宜蘭縣礁溪鄉二結村二結路17號,24.7853361,121.723864
福嚴寺,釋迦牟尼佛,宜蘭縣礁溪鄉匏崙村匏杓崙路1之25號,24.7833751,121.737021
福崇寺,釋迦牟尼佛,宜蘭縣礁溪鄉德陽村德陽路80巷1號,24.826865,121.773545
白鵝村柴圍福德廟,福德正神,宜蘭縣礁溪鄉白鵝村柴圍路11之5號,24.7942541,121.758789
瑤池宮,,宜蘭縣礁溪鄉白鵝村柴圍路12號,24.801038,121.76084
德陽宮,中壇元帥,宜蘭縣礁溪鄉德陽村中山路二段133號,24.8265581,121.773219
天庭道院,,宜蘭縣礁溪鄉二結村二結路49-2號,24.7853361,121.723864
毘盧寺,釋迦牟尼佛,宜蘭縣礁溪鄉玉石村忠孝路1巷19號,24.833458,121.770461
九龍山靈峰禪寺,,宜蘭縣礁溪鄉匏杓崙路128-1號,24.807719,121.711112
三山國王廟,三山國王,宜蘭縣礁溪鄉吳沙村四結路75-2號,24.790842,121.748254
三興宮,保生大帝,宜蘭縣礁溪鄉吳沙村三興巷4弄3號,24.787066,121.75677
玉尊宮,三官大帝,宜蘭縣礁溪鄉時潮村塭底路55-1號,24.8170929,121.8128357
玉聖宮,三官大帝,宜蘭縣礁溪鄉玉田村茅埔路29-7號,24.796039,121.792244
玉鼎慈天宮,天上聖母,宜蘭縣礁溪鄉玉田村踏踏路99號,24.79777,121.786098
佛印精舍,西方三聖,宜蘭縣礁溪鄉匏崙村匏杓崙路132號,24.808478,121.713039
吳沙福德廟,福德正神,宜蘭縣礁溪鄉吳沙村四結路58號之1,24.7948652,121.7507895
定慧寺,釋迦牟尼佛,宜蘭縣礁溪鄉二結村二結路56-16號,24.781325,121.72487
武聖廟,,宜蘭縣礁溪鄉成斥2-2號,24.8235901,121.7714318
國聖廟,開漳聖王,宜蘭縣礁溪鄉大忠路30巷3號,24.820106,121.767335
寂光佛寺,釋迦牟尼佛,宜蘭縣礁溪鄉龍潭村環湖路70號,24.7879415,121.7494666
淨?禪寺,釋迦牟尼佛,宜蘭縣礁溪鄉二結村二結路81之5號,24.7873461,121.72538
清修宮,宇宙三祖,宜蘭縣礁溪鄉玉石村忠孝路1巷31號,24.8310278,121.770415
勝安宮,王母娘娘玉皇上帝,宜蘭縣礁溪鄉龍潭村育龍路17巷24號,24.781058,121.744697
黃龍山黃帝神宮,軒轅黃帝,宜蘭縣礁溪鄉龍潭村環湖路46巷8號,24.7879415,121.7494666
照光寺,釋迦牟尼佛,宜蘭縣礁溪鄉吳沙村開蘭路148號,24.7910051,121.753066
聖元廟,聖媽,宜蘭縣礁溪鄉二龍村淇武蘭路164號之5,24.808955,121.792526
彰福廟,開漳聖王,宜蘭縣礁溪鄉龍潭村漳福路122號,24.7884581,121.7440891
福德宮,福德正神,宜蘭縣礁溪鄉光武村武暖路124-2號,24.782745,121.776796
福德廟,福德正神,宜蘭縣礁溪鄉光武村武暖路7-17號,24.781606,121.777094
吳沙澤蘭宮,天上聖母媽祖,宜蘭縣礁溪鄉吳沙村開蘭路161號,24.78883,121.756197
鎮安宮,玄天上帝,宜蘭縣壯圍鄉新南村新南路120-1號,24.722814,121.7999798
鎮安宮,開漳聖王,宜蘭縣壯圍鄉東港村壯濱路一段1巷11號,24.721068,121.819991
鎮安廟,古公三王,宜蘭縣壯圍鄉美福村美福路51號,24.725235,121.780597
鎮安廟,開漳聖王,宜蘭縣壯圍鄉忠孝村壯六路47號,24.7513181,121.801668
鎮安廟,開漳聖王,宜蘭縣壯圍鄉新社村新社路133-1號,24.7805691,121.813748
永鎮廟,開漳聖王,宜蘭縣壯圍鄉永鎮村壯濱路四段382號,24.7750961,121.815594
永安宮,中壇元帥,宜蘭縣壯圍鄉復興村紅葉路101-1號,24.742657,121.814602
永安廟,大眾爺,宜蘭縣壯圍鄉功勞路77-1,24.7690638,121.7786931
永惠廟,開漳聖王,宜蘭縣壯圍鄉古亭村古亭路20號,24.773497,121.802339
同安廟,玄天上帝,宜蘭縣壯圍鄉復興村紅葉路19號,24.7335871,121.81226
美城村福德廟,福德正神,宜蘭縣壯圍鄉美城村土圍路25-2號,24.7936101,121.795821
協天廟,關聖帝君,宜蘭縣壯圍鄉美福村美福路34號,24.724363,121.786935
協天廟,關聖帝君,宜蘭縣壯圍鄉美福村美福路87-1號,24.7249338,121.774939
順和協天廟,關聖帝君,宜蘭縣壯圍鄉忠孝村順和路47號,24.766023,121.810645
南安宮,南發元帥,宜蘭縣壯圍鄉美城村大福路三段270巷35號,24.775213,121.77602
保安宮,中壇元帥,宜蘭縣壯圍鄉過嶺村壯濱路三段302號,24.7565656,121.8163478
保安廟,廣澤尊王,宜蘭縣壯圍鄉古結村古結路236號,24.730016,121.804028
振安宮,開漳聖王,宜蘭縣壯圍鄉復興村壯濱路二段448號,24.748397,121.816386
紫雲寺,齊天大聖,宜蘭縣壯圍鄉美城村美間路27號,24.7768731,121.775036
集安宮,太上老君,宜蘭縣壯圍鄉過嶺村壯濱路三段510號,24.7614365,121.8156498
補天宮,女媧娘神,宜蘭縣壯圍鄉大福村壯濱路六段279號,24.8027798,121.8163846
福德廟,福德正神,宜蘭縣壯圍鄉永鎮村壯濱路 四段178號,24.768661,121.815982
慶安寺,廣澤尊王,宜蘭縣壯圍鄉東港村後路36號,24.7237976,121.8249453
鎮安廟,古公三王,宜蘭縣壯圍鄉吉祥村壯五路112號,24.746267,121.7887207
玄威廟,玄天上帝,宜蘭縣壯圍鄉忠孝村壯六路23-1號,24.7461651,121.80277
延平廟,延平郡王,宜蘭縣壯圍鄉忠孝村順和路7號,24.7671221,121.805412
東安聖祖廟,聖祖,宜蘭縣壯圍鄉美城村美間路68-2號,24.7768731,121.775036
東港大眾爺廟,大眾爺,宜蘭縣壯圍鄉東港村部後路2號,24.729929,121.822186
東港金斗公廟,金斗公,宜蘭縣壯圍鄉東港村部後路58號,24.729929,121.822186
發蓮宮,開漳聖王,宜蘭縣壯圍鄉新社村新社路62號,24.781571,121.808951
萬善廟,有應公,宜蘭縣壯圍鄉美城村美間路20-14號,24.7768731,121.775036
福德廟,福德正神,宜蘭縣壯圍鄉過嶺村壯濱路三段53號,24.756792,121.815725
福德廟,福德正神,宜蘭縣壯圍鄉新社村新社路23號,24.779513,121.80554
漁師廟,漁師爺,宜蘭縣壯圍鄉東港村部後路仁愛新村49號,24.729929,121.822186
鎮安宮,中壇元帥,宜蘭縣員山鄉逸仙村大安路2號,24.740687,121.7046111
鎮安廟,三山國王,宜蘭縣員山鄉同樂村新城路71號,24.763511,121.730512
關聖廟,關聖帝君,宜蘭縣員山鄉湖東村茄苳路47-1號,24.745818,121.707168
讚化宮,三山國王,宜蘭縣員山鄉頭分村永同路二段186號,24.7381293,121.662532
大安宮,水仙王,宜蘭縣員山鄉逸仙村大安路167號,24.740443,121.692619
大眾廟,大眾爺,宜蘭縣員山鄉同樂村永同路一段266號,24.763649,121.725026
天真德化佛堂,明明上帝,宜蘭縣員山鄉枕山村枕山路149-46號,24.767759,121.711784
太平宮,觀世音菩薩,宜蘭縣員山鄉中華村再連路18-6號,24.713752,121.668107
山前三興宮,三官大帝,宜蘭縣員山鄉同樂村新城路115-9號,24.766276,121.725144
三鬮二慈惠寺,觀世音菩薩,宜蘭縣員山鄉尚德村3鬮路35巷11號,24.737754,121.722055
久天宮,九天玄女,宜蘭縣員山鄉枕山村坡城路66-6號,24.7791411,121.696366
保民廟,三山國王,宜蘭縣員山鄉深溝村深洲一路37巷7號,24.715727,121.71978
中華寺,釋迦牟尼佛,宜蘭縣員山鄉中華村冷水路2號,24.6976662,121.6328988
永廣廟,三山國王,宜蘭縣員山鄉永和村永廣路22號,24.75937,121.713763
再興宮,張公聖君,宜蘭縣員山鄉七賢村浮洲路11號,24.718898,121.742887
西山廟,關聖帝君,宜蘭縣員山鄉湖西村隘界路46號,24.7478271,121.687988
佛國山寺,阿彌陀佛,宜蘭縣員山鄉中華村長嶺路30號,24.6897741,121.621318
鎮安宮,玄天上帝,宜蘭縣員山鄉七賢村七賢路285巷13號,24.714048,121.731652
千花台山寺,盧舍那佛,宜蘭縣員山鄉中華村冷水路23-1號,24.695593,121.632074
千慧寺,觀世音菩薩,宜蘭縣員山鄉內城村榮光路520-1號,24.723558,121.679059
藏億禪寺,釋迦牟尼佛,宜蘭縣員山鄉湖北村大湖路134-6號,24.742959,121.689527
大礁溪福安宮,福德正神,宜蘭縣員山鄉枕山村坡城路71號,24.7816511,121.693338
天真道院,明明上帝,宜蘭縣員山鄉內城村榮光路352巷38號,24.727071,121.688729
三元宮,三官大帝,宜蘭縣員山鄉內城村內城路393號,24.7214941,121.690355
三官宮,三官大帝,宜蘭縣員山鄉深溝村深蓁路88號,24.721611,121.716281
三興廟,福德正神,宜蘭縣員山鄉深溝村深洲二路225號,24.709607,121.717989
中和三福廟,三官大帝,宜蘭縣員山鄉永和村中和路20號,24.753402,121.712556
五恆山清微宮,三清祖師,宜蘭縣員山鄉枕山村坡城路37之50號,24.780306,121.696229
玉旨協天大帝關聖廟,關聖帝君,宜蘭縣員山鄉蓁巷村員山路二段85號,24.7222923,121.7085646
玉雲宮,玉皇大帝,宜蘭縣員山鄉中華村再連路35之6號,24.7128061,121.672763
代天宮,五府千歲,宜蘭縣員山鄉尚德村大鬮路43-1號,24.7331931,121.712266
伏聖宮,八卦祖師,宜蘭縣員山鄉枕山村坡城路2-36號,24.771741,121.709726
仙公廟,仙公呂洞賓,宜蘭縣員山鄉頭分村頭分路52-1號,24.7381293,121.662532
妙善堂,地母至尊,宜蘭縣員山鄉七賢村賢德路一段82號,24.718033,121.734506
協天宮,關聖帝君,宜蘭縣員山鄉中華村粗坑路79號,24.7138141,121.6404578
協進廟,關聖帝君,宜蘭縣員山鄉枕山村枕山路113-6號,24.774244,121.720727
鎮安宮,開台國聖王,宜蘭縣羅東鎮義和里民族路33巷17號,24.8355401,121.233192
羅東城隍廟,城隍老廟,宜蘭縣羅東鎮大新里中正路128號,24.6759805,121.7715528
羅東震安宮,上天聖母,宜蘭縣羅東鎮仁和里中正路35號,24.673539,121.770495
蘭陽慈惠堂,王母娘娘,宜蘭縣羅東鎮西安里西安街297號,24.668615,121.757214
妙覺寺,釋迦牟尼佛,宜蘭縣羅東鎮羅東信義里興東路181巷32號,24.681793,121.769205
爐源寺,三奶夫人,宜蘭縣羅東鎮維揚路515巷16號,24.6718898,121.7600018
奠安宮,北極玄天上帝,宜蘭縣羅東鎮羅東里中山路169號,24.67345,121.781661
慈安寺,觀音佛祖,宜蘭縣羅東鎮羅莊里(街)316號,24.6981981,121.7611982
慈惠禪寺,釋迦牟尼佛,宜蘭縣羅東鎮開羅里清潭路2號,24.6740181,121.774296
聖安宮,上天聖母,宜蘭縣羅東鎮漢民里忠孝路48號,24.675848,121.76523
福安宮,福德鄭神,宜蘭縣羅東鎮西安里西安街2號,24.668381,121.763166
震三宮,三山國王,宜蘭縣羅東鎮東安里天祥路168號,24.6748565,121.7766897
興安宮,三山國王,宜蘭縣羅東鎮北成路二段38號,24.6790931,121.754029
慶昌宮,玄天上帝,宜蘭縣羅東鎮西寧路66號,24.6731341,121.761665
鎮安堂,關聖帝君,宜蘭縣羅東鎮東明里安平路81巷2號,24.6766833,121.766925
昊天玉皇宮,玉皇大天尊,宜蘭縣羅東鎮東安里光榮路438巷65號,24.681049,121.779049
靈宵玉尊宮,玉皇大帝,宜蘭縣羅東鎮光榮路500巷160號,24.6796681,121.780083
蘭林福德廟,福德正神,宜蘭縣羅東鎮復興路二段307巷41號左邊,24.690906,121.762873
勸世堂,救世真人,宜蘭縣羅東鎮信義里愛國路107號,24.685013,121.767638
十六份福德廟,福德正神,宜蘭縣羅東鎮羅東南昌街30之3號,24.67364,121.77434
五明宮,五顯大帝,宜蘭縣羅東鎮東安里月眉路810號,24.6731611,121.781212
永和寺,觀音佛祖,宜蘭縣羅東鎮仁愛里復興路三段3號,24.6922217,121.7629767
永福宮,鄭成功,宜蘭縣羅東鎮北成里北投街95號,24.672826,121.7507329
玉皇宮,玉皇大帝,宜蘭縣羅東鎮新群里月眉路508號,24.668984,121.7873341
玉照天宮,玉皇上帝,宜蘭縣羅東鎮光武街137號,24.678398,121.757803
石岩廟,觀世音菩薩,宜蘭縣羅東鎮東光段1315地號,24.6766833,121.766925
北成福德宮,福德正神,宜蘭縣羅東鎮北成里北成街190號,24.676466,121.757956
西安里鎮安廟,古公三王,宜蘭縣羅東鎮西安街208號,24.6693161,121.758698
竹林福德廟,福德正神,宜蘭縣羅東鎮公正路322號,24.680477,121.762981
西秦爺廟,西秦王爺,宜蘭縣羅東鎮中山西路115之1號,24.674547,121.76722
東安福德廟,福德正神,宜蘭縣羅東鎮東安段第952號,24.6766833,121.766925
勉民堂,關聖帝君,宜蘭縣羅東鎮中正路三段190號,24.707381,121.771954
西秦爺廟,西秦王爺,宜蘭縣羅東鎮中山西路115之1號,24.674547,121.76722
東安福德廟,福德正神,宜蘭縣羅東鎮東安段第952號,24.6766833,121.766925
勉民堂,關聖帝君,宜蘭縣羅東鎮中正路三段192號,24.6746862,121.7709853
救安宮,救世真人,宜蘭縣羅東鎮新群里中山東路460號,24.674698,121.775031
開蘭福德廟,福德正神,宜蘭縣羅東鎮信義里復興路一段100巷5號,24.6829928,121.7689053
萬靈公祠,萬靈公,宜蘭縣羅東鎮西安街466號,24.667182,121.754978
萬仙公廟,萬仙爺公,宜蘭縣羅東鎮仁愛里復興路二段307巷268號,24.6887852,121.756612
雷雄寺,達摩祖師,宜蘭縣羅東鎮羅東里公園路140號,24.6763734,121.7695012
福德廟,福德正神,宜蘭縣羅東鎮復興路三段307巷116號,24.6940627,121.7617689
福德廟,福德正神,宜蘭縣羅東鎮忠義巷92號,24.673559,121.766323
慶安宮,開台聖王,宜蘭縣羅東鎮成功里中正南路175號,24.672035,121.770204
樹林福德廟,福德正神,宜蘭縣羅東鎮公正段864號,24.6804034,121.7640978
天送埤鎮安廟,古公三王,宜蘭縣三星鄉三星鄉天山村南湖路15之3號,24.659652,121.622675
尾塹保安宮,保生大帝,宜蘭縣三星鄉三星鄉尾塹村(路)11鄰27號,24.668761,121.651203
武同宮,國聖爺,宜蘭縣三星鄉三星鄉萬富村(路)11鄰124-2號,24.668761,121.651203
紫微宮,三官大帝,宜蘭縣三星鄉三星鄉大義村(路)7鄰88-2號,24.668761,121.651203
開安宮,開漳聖王,宜蘭縣三星鄉三星鄉大洲村(路)8鄰104號,24.668761,121.651203
禪雲谷寺,千手千眼觀世音菩薩,宜蘭縣三星鄉三星鄉拱照村大坑路75之6號,24.663726,121.681552
濟玄宮,濟公活佛,宜蘭縣三星鄉三星鄉大義村大義路118之18號,24.6849481,121.69498
願王寺,釋迦牟尼,宜蘭縣三星鄉三星鄉天山村下湖路47之20號,24.64232,121.63696
靈巖寺,釋迦牟尼佛,宜蘭縣三星鄉三星鄉萬德村(路)8鄰88-5號,24.668761,121.651203
貴林村福德廟,福德正神,宜蘭縣三星鄉三星鄉貴林村(路)6鄰59-2號,24.668761,121.651203
義德福德廟,福德正神,宜蘭縣三星鄉三星鄉義德村義德路49號,24.6678258,121.6498838
聖武宮,玄天上帝,宜蘭縣三星鄉三星鄉貴林村(路)6鄰66-7號,24.668761,121.651203
福德廟,福德正神,宜蘭縣三星鄉三星鄉大義村(路)12鄰149號,24.668761,121.651203
福德廟,福德正神,宜蘭縣三星鄉三星鄉行建村石圍段698地號,24.665483,121.654047
福德廟,福德正神,宜蘭縣三星鄉三星鄉萬德村(路)7鄰75號,24.668761,121.651203
玉蘭福德廟,土地公,宜蘭縣大同鄉松羅村鹿場路3號,24.666092,121.59206
本覺禪寺,文殊師利菩薩,宜蘭縣大同鄉松羅村玉蘭5號,24.6730628,121.5873912
明龍文慈惠堂,西王金母,宜蘭縣大同鄉復興村泰雅一路13巷71-1號,24.628516,121.614286
褔德廟,褔德正神,宜蘭縣五結鄉鎮安村15鄰舊街路67號,24.709778,121.768676
靈惠廟,開漳聖王,宜蘭縣五結鄉大吉村26鄰3吉路115號邊,24.7040191,121.7964688
大羅天宮,鴻鈞始祖,宜蘭縣五結鄉孝威村14鄰孝威南路22號,24.6811801,121.812575
大吉協天宮,關聖帝君,宜蘭縣五結鄉大吉村8鄰大吉路25號,24.699141,121.801281
大眾爺廟,大眾爺,宜蘭縣五結鄉成興村7鄰成鳳路邊,24.6575525,121.8363339
大眾廟,大眾爺,宜蘭縣五結鄉錦眾村15 鄰大眾路32號,24.694895,121.819605
下福福德廟,福德正神,宜蘭縣五結鄉利澤村利成路二段217號,24.6626251,121.8234297
上四村萬應廟,萬應公,宜蘭縣五結鄉上四村19鄰福德路97號,24.700948,121.766222
五福宮,五榖王,宜蘭縣五結鄉孝威村10鄰孝威西路55號旁,24.6894012,121.8135556
永安寺,清水祖師 三坪袓師,宜蘭縣五結鄉季新村25鄰新店路99號,24.677747,121.826016
仙水寺,觀音佛祖,宜蘭縣五結鄉季新村1鄰季水路7號,24.6731822,121.830629
正勉堂,王天君,宜蘭縣五結鄉福興村20鄰興盛北路36號,24.685099,121.7839875
艮安宮,玄天上帝,宜蘭縣五結鄉孝威村7鄰孝威西路8號旁,24.6894012,121.8135556
利澤簡永安宮,天上聖母,宜蘭縣五結鄉利澤村5鄰利澤路26號,24.6666261,121.823193
忠善堂,大眾爺,宜蘭縣五結鄉利澤村26鄰下福東路37號,24.66583,121.8262421
忠義堂,大眾爺公,宜蘭縣五結鄉利澤村23鄰下福路邊,24.6615731,121.8192506
保安宮,玄天上帝,宜蘭縣五結鄉錦眾村3鄰錦草路36-1號,24.707434,121.820559
保安宮,敵天大帝,宜蘭縣五結鄉成興村18鄰5濱路一段100號,24.6575525,121.8363339
挽善堂,關聖帝君,宜蘭縣五結鄉成興村9鄰利成路一段169號,24.6521601,121.826494
國安廟,開台國聖公,宜蘭縣五結鄉三興村16鄰復興北路56號,24.710666,121.776208
二結王公廟,古公三王,宜蘭縣五結鄉鎮安村16鄰舊街路98號,24.7087344,121.7690794
孝威村國姓廟,開台國聖,宜蘭縣五結鄉孝威村16鄰孝威南路49-1號,24.685761,121.813731
奠安宮,福德正神,宜蘭縣五結鄉五結村8鄰新生路20號,24.6862681,121.797526
景德宮,神農大帝,宜蘭縣五結鄉協和村3鄰協和北路30號,24.68762,121.80378
善覺寺,釋迦牟尼佛,宜蘭縣五結鄉五結村6鄰五結路二段520號,24.684841,121.795401
善永堂,開漳聖王,宜蘭縣五結鄉利澤村3鄰利澤路53號,24.6675011,121.8225221
開山廟,開台國聖公,宜蘭縣五結鄉季新村9鄰季水路北巷5號,24.676379,121.832068
開基灶君廟省民堂,九天司命真君張恩主,宜蘭縣五結鄉三興村2鄰3結東路14號,24.7037315,121.7808036
順安宮,媽祖 (天上聖母),宜蘭縣五結鄉大吉村11鄰大吉路55號,24.703363,121.800961
萬善祠,有應公,宜蘭縣五結鄉季新村16鄰新店路邊,24.6853779,121.8306397
萬善堂,萬善公,宜蘭縣五結鄉成興村5濱路一段路邊,24.6575525,121.8363339
福安宮,開漳聖王,宜蘭縣五結鄉協和村9鄰協和路60號,24.675001,121.800737
福德祠,福德正神,宜蘭縣五結鄉利澤村11鄰利澤西路(五股圳)旁,24.6615731,121.8192506
福興廟,開台國聖,宜蘭縣五結鄉利澤村13鄰利澤西路34號,24.664347,121.82489
廣惠宮,廣惠尊王,宜蘭縣五結鄉利澤村7鄰利澤東路7號,24.6670581,121.823904
德義宮,協天大帝,宜蘭縣五結鄉孝威村4鄰孝威東路42號,24.697255,121.811953
慶元宮,香山祖師,宜蘭縣五結鄉季新村15鄰新店路11號,24.673995,121.828321
慶興廟,開台國聖,宜蘭縣五結鄉季新村19鄰新店路22-11號,24.673805,121.826053
鎮河廟,姜太公,宜蘭縣五結鄉季新村25鄰新店路133號旁(冬山河邊),24.6853779,121.8306397
靈顯堂,大眾爺,宜蘭縣五結鄉協和村2鄰協和北路協同街15號附近,24.6801464,121.8078603
天賀宮,天上聖母,宜蘭縣五結鄉褔興村4鄰中褔北路旁,24.684856,121.798385
三山宮,三山國王,宜蘭縣五結鄉三興村14鄰復興北路26號,24.7088551,121.77845
三興村太陽堂,太陽公,宜蘭縣五結鄉三興村20鄰復興中路7號,24.705692,121.777363
四結福德廟,福德正神,宜蘭縣五結鄉上四村17鄰福德路68號,24.6973741,121.7656157
成安宮,開台聖王,宜蘭縣五結鄉協和村6鄰協和中路11號,24.680281,121.813486
姑娘媽廟,姑娘媽,宜蘭縣五結鄉利澤村18鄰下福東路邊,24.6615731,121.8192506
季新村黃吉公廟,黃吉公,宜蘭縣五結鄉季新村16鄰新店路14之5號旁,24.6853779,121.8306397
明德宮,開台聖王,宜蘭縣五結鄉錦眾村14鄰大眾路15號,24.693129,121.83057
五結指天宮,玉皇上帝,宜蘭縣五結鄉五結路三段627號,24.6823,121.778915
祈安宮,三府王爺,宜蘭縣五結鄉季新村4鄰季水路51號,24.6857961,121.833577
校地爺廟,校地爺公,宜蘭縣五結鄉利澤村24鄰下褔東路利澤國小對面,24.6667991,121.825131
師恩堂,彌勒佛,宜蘭縣五結鄉協和村11鄰親和路二段291巷51弄62號,24.6801464,121.8078603
清安堂,人頭爺,宜蘭縣五結鄉季新村4鄰季水路51號宅邊,24.6857961,121.833577
勝安宮,玄天上帝,宜蘭縣五結鄉錦眾村19鄰大眾路82號,24.6970621,121.820439
萬善堂,萬善爺,宜蘭縣五結鄉錦眾村8鄰錦草路80號,24.708939,121.817343
萬善堂,萬善公,宜蘭縣五結鄉孝威村6鄰孝威東路81號邊,24.6894012,121.8135556
萬善堂,萬善公,宜蘭縣五結鄉大吉村14鄰3吉路5號附近,24.7040191,121.7964688
萬善堂,萬善公,宜蘭縣五結鄉協和村8鄰協和路68-1號,24.677591,121.801042
雷祖殿,雷祖,宜蘭縣五結鄉福興村19鄰興盛北路130號,24.6849701,121.781205
福連堂,萬應公,宜蘭縣五結鄉三興村17鄰復興北路64號,24.710865,121.775447
福德祀,福德正神,宜蘭縣五結鄉孝威村16鄰孝威南路51號,24.685842,121.813941
福德廟,福德正神,宜蘭縣五結鄉成興村6鄰利成路一段336巷內,24.6575525,121.8363339
鎮安宮,三官大帝,宜蘭縣冬山鄉永美村永興路一段188號,24.655945,121.771308
鎮安宮,三山國王,宜蘭縣冬山鄉鹿埔村松樹路532號,24.6512057,121.7523023
鎮安廟,三山國王,宜蘭縣冬山鄉東城村和睦路205號,24.622674,121.798864
蘭陽大興振安宮,三山國王,宜蘭縣冬山鄉大興村振安路1之1號,24.62532,121.8105559
覺善堂,觀音佛祖,宜蘭縣冬山鄉永美村美和路二段205號,24.6636545,121.7705603
大安廟,大伯爺,宜蘭縣冬山鄉安平村安平路11號,24.629205,121.786807
大眾爺廟,大眾爺,宜蘭縣冬山鄉南興村冬山路175巷13號,24.634214,121.7916909
大進廟,古公三王,宜蘭縣冬山鄉東城村冬山路一段1號,24.6150929,121.811403
天照宮,玉皇上帝,宜蘭縣冬山鄉太和村冬山路二段75號,24.635593,121.786456
五分尾福德廟,福德正神,宜蘭縣冬山鄉香和村香和路,24.627771,121.7982632
永光宮,三山國王,宜蘭縣冬山鄉中山村中山路256巷6號(94.8.9府民禮字第0940096,24.629982,121.744692
永安宮,三山國王,宜蘭縣冬山鄉順安村義成路二段378巷15號,24.6539533,121.7643383
永福宮,三山國王,宜蘭縣冬山鄉太和村太和路61號,24.6303961,121.7720847
玉尊宮,玉皇上帝,宜蘭縣冬山鄉大進村進偉路727號,24.657764,121.695068
白蓮寺,三寶佛,宜蘭縣冬山鄉廣興村永興路二段903號,24.6688386,121.7490799
四方林慈惠堂,西王金母,宜蘭縣冬山鄉大進村大進路717巷20號,24.62408,121.7095079
正安宮,南海佛祖,宜蘭縣冬山鄉香和村成興路90巷51號旁,24.636652,121.795583
定安宮,天上聖母,宜蘭縣冬山鄉冬山村冬山路305號,24.6349906,121.7892728
奉尊宮,玉皇上帝,宜蘭縣冬山鄉三奇村3奉路77號,24.6400623,121.8149793
保安宮,趙府元帥,宜蘭縣冬山鄉丸山村丸山路77號,24.642653,121.76288
保安廟,古公三王,宜蘭縣冬山鄉補城村保安一路30號,24.6392461,121.798135
指安宮,三官大帝,宜蘭縣冬山鄉柯林村柯林路101號,24.6799274,121.7361086
昭靈宮,關聖帝君,宜蘭縣冬山鄉群英村冬山路五段162號,24.6672071,121.771669
振安宮,三山國王,宜蘭縣冬山鄉得安村得安一路1號,24.648632,121.739255
振興廟,福德正神,宜蘭縣冬山鄉武淵村富農路二段290號,24.659959,121.798161
國聖廟,開台國聖,宜蘭縣冬山鄉大興村中興路38號,24.63429,121.824284
訓民堂,豁落靈宮王天君,宜蘭縣冬山鄉八寶村八寶路27號,24.637937,121.767697
得安宮,三山國王,宜蘭縣冬山鄉得安村大埤五路170巷3號,24.648441,121.732388
詔安宮,三山國王,宜蘭縣冬山鄉安平村安平路491號,24.629205,121.786807
進安宮,三官大帝,宜蘭縣冬山鄉大進村大進路80之1號,24.631832,121.712477
進興宮,鄭成功,宜蘭縣冬山鄉珍珠村富農路1,24.647451,121.7954601
照安宮,呂洞賓,宜蘭縣冬山鄉安平村安宮路101號,24.617459,121.7923531
聖福廟,開漳聖王,宜蘭縣冬山鄉珍珠村富農路一段520巷13號,24.646602,121.7964794
道總廟三清宮,元始大天尊,宜蘭縣冬山鄉得安村3清路123號,24.6432102,121.7394939
道種寺,阿彌陀佛,宜蘭縣冬山鄉太和村14鄰太和路591號,24.624122,121.7670259
境安宮,玄天上帝,宜蘭縣冬山鄉柯林村境安一路181號,24.67907,121.740609
福安宮,開台國姓,宜蘭縣冬山鄉清溝村永清路456號,24.6646427,121.7631201
福德祀,福德正神,宜蘭縣冬山鄉東城村東城路271巷21號,24.630563,121.80528
福德廟,福德正神,宜蘭縣冬山鄉大興村福興路60號,24.6290741,121.809764
福德廟,福德正神,宜蘭縣冬山鄉南興村南興路18號,24.635322,121.7921407
福德廟,福德正神,宜蘭縣冬山鄉冬山村冬山路236號旁,24.6352121,121.7889693
福興宮,帝爺公,宜蘭縣冬山鄉鹿埔村梅花路559巷31號,24.662202,121.738665
廣興宮,三山國王,宜蘭縣冬山鄉廣興村永興路二段919號,24.6696017,121.7490113
慶安宮,三山國王,宜蘭縣冬山鄉八寶村寶慶路113巷20之1號,24.6348661,121.762244
調訓宮,帝爺公,宜蘭縣冬山鄉鹿埔村鹿埔路777號,24.661531,121.754231
澤安宮,趙元帥,宜蘭縣冬山鄉大進村大進路169號,24.631832,121.712477
鎮山廟,大眾爺公,宜蘭縣冬山鄉中山村中山路40號旁,24.633544,121.748168
龍目井福德廟,福德正神,宜蘭縣冬山鄉鹿埔村鹿埔路658巷7號,24.663723,121.7544351
蘭陽太玄宮,中壇元帥,宜蘭縣冬山鄉鹿埔村梅花路461號,24.6634545,121.7392888
蘭陽太和宮,福德正神,宜蘭縣冬山鄉八寶村八寶路172號,24.638008,121.763398
蘭陽南海宮,九天娘娘,宜蘭縣冬山鄉中山村中山二路223號,24.6360341,121.744439
觀覺禪寺,,宜蘭縣冬山鄉中山村中山路717之1號,24.633544,121.748168
寶雄寺,釋迦佛祖,宜蘭縣冬山鄉東城村冬山路一段37巷12號,24.615188,121.811102
寶福廟,土地公,宜蘭縣冬山鄉東城村東福路232號,24.6234861,121.807707
土地公廟,福德正神,宜蘭縣冬山鄉太和村冬山路二段350巷143號,24.637808,121.78689
大赤天宮,太上李老君,宜蘭縣冬山鄉群英村9分路30之2號,24.6665065,121.7702373
大埤福德廟,福德正神,宜蘭縣冬山鄉安平村安平路旁,24.629205,121.786807
大眾爺廟,大眾爺地眾王,宜蘭縣冬山鄉安平村1鄰大安一路26號,24.627646,121.781559
大眾爺廟,大眾爺,宜蘭縣冬山鄉補城村補城路76號斜對面,24.644016,121.808742
大眾福德廟,福德正神,宜蘭縣冬山鄉群英村武罕七路50巷22號,24.6645451,121.792001
大進禪寺,釋迦牟尼佛,宜蘭縣冬山鄉大進村大進路31之5號,24.6363407,121.7154904
大進村福德廟,福德正神,宜蘭縣冬山鄉大進村大進路15之1號,24.631832,121.712477
天美福德祠,福德正神,宜蘭縣冬山鄉永美村鹿安路,24.6608555,121.7650473
天慈宮,關聖帝君,宜蘭縣冬山鄉得安村3清路2號,24.6432102,121.7394939
天蒼堂,關聖帝君,宜蘭縣冬山鄉得安村得安一路35號,24.647787,121.737614
天德堂,明明上帝,宜蘭縣冬山鄉丸山村港尾路101號,24.642809,121.766369
十甲園土地公廟,土地公,宜蘭縣冬山鄉安平村照安路111號邊,24.6283837,121.7939757
三奇村福德宮,土地公,宜蘭縣冬山鄉三奇村3福路123號,24.6400623,121.8149793
下湖宮,福德正神,宜蘭縣冬山鄉得安村內湖路177號,24.642745,121.7470841
丸山太子宮,中壇元帥三太子,宜蘭縣冬山鄉丸山村溪心路185巷22號,24.648092,121.7584
丸山福德正神,土地公,宜蘭縣冬山鄉丸山村山路145號,24.631919,121.7537404
中合寺,觀音佛祖,宜蘭縣冬山鄉補城村3堵路627號,24.666953,121.777475
內湖宮,福德正神,宜蘭縣冬山鄉得安村內湖一路128號旁,24.644061,121.74351
民安福德廟,福德正神,宜蘭縣冬山鄉順安村永興路二段273巷1號對面,24.658111,121.756451
永安福德祠,福德正神,宜蘭縣冬山鄉順安村義成路三段72巷9號,24.6571524,121.7649287
民安福德廟,土地公,宜蘭縣冬山鄉安平村大安路715巷20號旁,24.617622,121.780083
永美福德祠,福德正神,宜蘭縣冬山鄉永美村永美路18號,24.6528362,121.7763607
永興福德廟,福德正神,宜蘭縣冬山鄉順安村永興路二段91巷1號前,24.65348,121.758768
代天觀音慈善堂,三府王爺,宜蘭縣冬山鄉大進村進偉路398號,24.6516351,121.708063
石頭城福德正神,福德正神,宜蘭縣冬山鄉中山村中山路7號,24.633544,121.748168
石聖爺廟,石聖爺,宜蘭縣冬山鄉八寶村寶聖路25巷21號,24.638665,121.763449
佛光慈惠寺,釋迦牟尼,宜蘭縣冬山鄉東城村佛光路260號,24.6156609,121.803049
協明宮,關聖帝君,宜蘭縣冬山鄉順安村永興路一段279號厝後,24.6550027,121.7679359
里腦福德廟,土地公,宜蘭縣冬山鄉三奇村成興路326號,24.6398298,121.8012896
忠孝祠,福德正神,宜蘭縣冬山鄉丸山村寶聖路161巷12號,24.640126,121.76322
忠義聖堂,關聖帝君,宜蘭縣冬山鄉柯林村林路91號之3,24.6816526,121.7337949
竺蓮寺,釋迦牟尼佛,宜蘭縣冬山鄉順安村永興路一段336號,24.6556898,121.7677001
松樹門福德廟,福德正神,宜蘭縣冬山鄉鹿埔村松樹路101號旁,24.650246,121.751271
青湖福德廟,福德正神,宜蘭縣冬山鄉大進村大進路152號附近,24.631832,121.712477
城隍爺廟,抗日義軍,宜蘭縣冬山鄉東城村香中路508巷36之1號,24.6224301,121.811526
建進宮,保生大帝,宜蘭縣冬山鄉補城村建進二路27號,24.643508,121.802331
珍珠福德廟,福德正神,宜蘭縣冬山鄉順安村鹿安路343號前,24.6607511,121.7649277
昭安福德廟,土地公,宜蘭縣冬山鄉安平村照安二路327巷38號旁,24.612668,121.79582
柯林村福德廟,福德正神,宜蘭縣冬山鄉柯林村柯林路469號,24.682697,121.739252
柯林村福德廟,福德正神,宜蘭縣冬山鄉柯林村安農二路57巷6號,24.688174,121.741678
柯林湧泉福德宮,福德正神,宜蘭縣冬山鄉柯林村光華一路256號,24.680465,121.732026
茅埔城福德宮,福德正神,宜蘭縣冬山鄉得安村得安路155巷19號,24.649245,121.738023
茅埔城福德廟,福德正神,宜蘭縣冬山鄉得安村得安路97巷15號旁,24.6483601,121.739755
草湖福德廟,福德正神,宜蘭縣冬山鄉大進村大進路176號,24.631832,121.712477
得山福德廟,福德正神,宜蘭縣冬山鄉得安村梅林路308號邊,24.641938,121.752205
梅林宮,福德正神,宜蘭縣冬山鄉廣興村梅花路500巷128號,24.6653148,121.7366342
梅福宮,福德正神,宜蘭縣冬山鄉得安村大埤五路170巷50號,24.648439,121.732864
鹿安宮,天上聖母,宜蘭縣冬山鄉鹿埔村永興路二段412巷19號,24.6619851,121.753809
鹿興福德廟,福德正神,宜蘭縣冬山鄉鹿埔村永興路二段735號,24.6674922,121.7492012
湧泉福德廟,福德正神,宜蘭縣冬山鄉鹿埔村松樹路29巷22號旁,24.651499,121.750549
復安廟,三應公,宜蘭縣冬山鄉補城村成興路515號後面,24.6415743,121.8056879
進利福德廟,福德正神,宜蘭縣冬山鄉大進村大進路133之2號,24.631832,121.712477
開山宮,開山聖王,宜蘭縣冬山鄉太和村寶和路600號,24.6267,121.764449
開陽開山宮,開山聖王,宜蘭縣冬山鄉太和村寶和路600號,24.6267,121.764449
順安福德廟,福德正神,宜蘭縣冬山鄉順安村義成路三段61巷1弄15號後,24.656698,121.76238
順美福德祠,福德正神,宜蘭縣冬山鄉順安村永興路一段272號後面,24.65542,121.769276
慈善寺廟,慈善爺,宜蘭縣冬山鄉群英村8仙路223號,24.6613404,121.7808036
慈德寺,福德正神,宜蘭縣冬山鄉丸山村義成路二段34號,24.6450851,121.764118
新寮福德廟,福德正神,宜蘭縣冬山鄉中山村中山路124之1號,24.633544,121.748168
福安宮,土地公,宜蘭縣冬山鄉三奇村3奉路30號旁,24.6400623,121.8149793
福安福德廟,土地公,宜蘭縣冬山鄉安平村安平路58號旁,24.630114,121.785608
福德宮,福德正神,宜蘭縣冬山鄉得安村大埤路72號,24.646208,121.731169
福德廟,福德正神,宜蘭縣冬山鄉大進村大進路120之1號,24.631832,121.712477
福德廟,福德正神,宜蘭縣冬山鄉得安村得安路7巷6號對面,24.64988,121.7409869
福德廟,土地公,宜蘭縣冬山鄉東城村佛光路161號,24.618936,121.803183
福德廟,土地公,宜蘭縣冬山鄉東城村(路)42號邊,24.6235262,121.8064364
福德廟,福德正神,宜蘭縣冬山鄉太和村冬山路二段63號旁,24.6356841,121.787236
福德廟,土地公,宜蘭縣冬山鄉安平村安平路586號旁,24.629205,121.786807
福德廟,福德正神,宜蘭縣冬山鄉東城村東福路236號,24.622194,121.808764
鼻仔頭福德廟,福德正神,宜蘭縣冬山鄉得安村3清路1號,24.6432102,121.7394939
廣安村福德廟,福德正神,宜蘭縣冬山鄉廣安村水井一路56號邊,24.6758141,121.747963
廣安宮,三山國王,宜蘭縣冬山鄉廣安村廣安路195號,24.6709716,121.7457812
廣德福德廟,福德正神,宜蘭縣冬山鄉得安村梅花路881號對面,24.657274,121.732294
廣興土地公廟,福德正神,宜蘭縣冬山鄉廣興村廣興路37巷27號,24.6712056,121.7533882
樹林福德廟,福德正神,宜蘭縣冬山鄉廣興村廣興路49之8號,24.6710108,121.7528109
鎮安廟,古公三王,宜蘭縣蘇澳鎮南安里海邊路77號,24.583272,121.866916
鎮南廟,關聖帝君,宜蘭縣蘇澳鎮朝陽里南澳路10號,24.4642014,121.8051992
龍德廟,福德正神,宜蘭縣蘇澳鎮龍德里福德路130號,24.639631,121.8323789
寶山寺,清水祖師,宜蘭縣蘇澳鎮中原路25號,24.5965659,121.8497901
南仙宮,孚佑帝君,宜蘭縣蘇澳鎮南成里新化巷70號,24.5799761,121.861847
蘇澳永安宮,延平郡王,宜蘭縣蘇澳鎮永光里2鄰成功路713號,24.5931531,121.852237
蘇澳港城隍廟,城隍爺,宜蘭縣蘇澳鎮蘇東里埤岸路31號,24.5999983,121.8536463
日月宮,太陽星君,宜蘭縣蘇澳鎮永光里永光路50巷5號,24.592394,121.850587
大玄廟,玄天上帝,宜蘭縣蘇澳鎮存仁里大成路58號,24.624483,121.850316
天后宮,天上聖母,宜蘭縣蘇澳鎮朝陽里朝陽路44號,24.461733,121.815797
永安宮(嶺腳),玄天上帝,宜蘭縣蘇澳鎮港邊里嶺腳路104號,24.613647,121.855282
永安廟,三山國王,宜蘭縣蘇澳鎮港邊里港口路14號,24.6190728,121.8486053
玉皇宮,玉皇上帝,宜蘭縣蘇澳鎮新城里武荖坑路66號,24.6087304,121.8104616
白雲寺,釋迦牟尼佛,宜蘭縣蘇澳鎮蘇北里冷泉路9號,24.6014329,121.849402
妙光寺,釋迦牟尼佛,宜蘭縣蘇澳鎮朝陽里朝陽路3巷2號,24.461346,121.8175829
協天廟,協天大帝,宜蘭縣蘇澳鎮朝陽里海岸路37號,24.445434,121.80032
招寶宮,觀音菩薩,宜蘭縣蘇澳鎮岳明新村91-1號,24.610241,121.8585171
定安宮,五顯靈官大帝,宜蘭縣蘇澳鎮存仁里存仁路24號,24.6264003,121.8426488
法華寺,釋迦牟尼佛,宜蘭縣蘇澳鎮新城里新城南路1之1號,24.6136107,121.8207747
南方澳城隍廟,城隍爺,宜蘭縣蘇澳鎮南建里內埤路146號,24.5787784,121.8690214
南天宮,天上聖母,宜蘭縣蘇澳鎮南正里江夏路17號,24.5818812,121.8649068
保安廟,三山國王,宜蘭縣蘇澳鎮隘丁里城南路22號,24.615087,121.836904
指南宮,呂仙祖,宜蘭縣蘇澳鎮蘇北里冷泉路9-1號,24.601072,121.849539
建安廟,開台國聖,宜蘭縣蘇澳鎮永榮里永愛路248巷11號邊號,24.6217499,121.8382886
昭安宮,中壇元帥,宜蘭縣蘇澳鎮南建里內埤路119號,24.5774851,121.867906
晉安宮,法主聖帝,宜蘭縣蘇澳鎮蘇北里太平1巷13號,24.5957592,121.8506526
祥光寺,釋迦牟尼佛,宜蘭縣蘇澳鎮永光里長安西巷218號,24.594654,121.842083
頂寮城隍廟,城隍尊神,宜蘭縣蘇澳鎮頂寮里頂寮路4巷1號,24.643346,121.8333189
朝安宮,天上聖母,宜蘭縣蘇澳鎮東澳里東澳路11號,24.5189378,121.8328391
紫雲宮,順天聖母,宜蘭縣蘇澳鎮新城里新城南路7鄰175號,24.6136107,121.8207747
進安宮,天上聖母,宜蘭縣蘇澳鎮南正里江夏路81號,24.5841743,121.8646362
慈惠堂,王母娘娘,宜蘭縣蘇澳鎮南強里蘇花公路二段536號,24.4608523,121.7890491
聖安宮,國聖公,宜蘭縣蘇澳鎮永榮里大同南巷5號,24.6222671,121.8336429
聖安廟,池府王爺,宜蘭縣蘇澳鎮聖湖里中山路二段211巷25號,24.606627,121.8253669
漢聖宮,田都元帥,宜蘭縣蘇澳鎮南成里新化巷36號,24.5798699,121.86232
箕山宮,三山國王,宜蘭縣蘇澳鎮聖湖里中山一段476巷15號,24.5964746,121.8386422
慶安廟,三山國王,宜蘭縣蘇澳鎮新城里新城北路27-1號,24.616862,121.8193349
震安宮,天上聖母,宜蘭縣蘇澳鎮南強里南澳路2號,24.46352,121.806505
鎮安廟,古公三王,宜蘭縣蘇澳鎮南安里海邊路77號,24.583272,121.866916
鎮南廟,古公三王,宜蘭縣蘇澳鎮南成里文化巷31-2號後,24.8690252,121.8316469
龍德城隍爺廟,城隍爺,宜蘭縣蘇澳鎮龍德里濱海路93-1號,24.6371751,121.833527
靈濟寺,濟公活佛,宜蘭縣蘇澳鎮長安里砲台山路4號,24.590961,121.8548378
蘇澳城隍廟,康大人,宜蘭縣蘇澳鎮蘇西里志成路旁,24.5938282,121.8415221
蘇澳福德宮,福德正神,宜蘭縣蘇澳鎮蘇西里中山路198-9號,24.6075561,121.827566
丁軍廟,丁軍爺,宜蘭縣蘇澳鎮聖湖里聖愛路133-1號,24.6043584,121.8346996
大眾爺廟,萬善公,宜蘭縣蘇澳鎮港邊里濱海公路旁,24.6124977,121.8477213
天君廟,王天君,宜蘭縣蘇澳鎮長安里1鄰砲台山1號,24.5933011,121.856212
天祝宮,媽祖,宜蘭縣蘇澳鎮朝陽里海岸路68號,24.4460141,121.8007099
永春福德正神廟,福德正神,宜蘭縣蘇澳鎮永春里永春路122號,24.5804456,121.8460607
永福宮,福德正神,宜蘭縣蘇澳鎮蘇東里蘇花路五段101巷1號,24.5956399,121.854413
永樂里圳頭坑福德廟,福德正神,宜蘭縣蘇澳鎮永樂里永樂南路94號旁,24.567436,121.842818
永樂福德廟,福德正神,宜蘭縣蘇澳鎮永樂里永樂路140巷3號旁,24.576233,121.841238
先帝廟,神農大帝,宜蘭縣蘇澳鎮龍德里隆恩路17號,24.638483,121.8255561
四面佛寺,四面佛,宜蘭縣蘇澳鎮永樂里永樂路326號,24.5749101,121.831505
正覺寺,釋迦牟尼佛,宜蘭縣蘇澳鎮新城南路2-1號,24.615296,121.8212592
池碧宮,池府千歲,宜蘭縣蘇澳鎮南興里華山5巷16號,24.579433,121.866819
存仁大眾廟,大眾爺,宜蘭縣蘇澳鎮存仁里存仁路邊,24.6264003,121.8426488
妙光寺,陳靖姑,宜蘭縣蘇澳鎮新城里武荖坑路1號,24.6129961,121.8112629
周爺廟,周爺公,宜蘭縣蘇澳鎮聖湖里21鄰志成路115巷101號,24.591002,121.835836
坪林福德廟,福德正神,宜蘭縣蘇澳鎮聖湖里30鄰志成路222號,24.5945461,121.8381258
東安宮,康元帥,宜蘭縣蘇澳鎮長安里長安東巷4號後,24.593511,121.8543
武荖坑福德廟,福德正神,宜蘭縣蘇澳鎮新城里武荖坑路71號,24.612891,121.812039
金龍寺,佛祖,宜蘭縣蘇澳鎮南正里水道巷1-1號,24.585179,121.863776
金斗公祠,金斗公,宜蘭縣蘇澳鎮長安里長安東巷4號後,24.593511,121.8543
後湖福德廟,福德正神,宜蘭縣蘇澳鎮聖湖里聖愛路135-1號,24.604611,121.834556
南光寺,釋迦牟尼佛,宜蘭縣蘇澳鎮南興里華山巷7巷22-1號,24.5807247,121.8683952
南順宮,五府千歲,宜蘭縣蘇澳鎮聖湖里聖愛路59-1號,24.599115,121.836311
南新城福德廟,福德正神,宜蘭縣蘇澳鎮新城里新城南路1號旁,24.6136107,121.8207747
昭安宮,三山國王,宜蘭縣蘇澳鎮龍德里1鄰育英路27號,24.638407,121.833188
原林寺,釋迦牟尼佛,宜蘭縣蘇澳鎮聖湖里金湖街113巷13-1號,24.5909323,121.8327389
國聖廟,國聖公,宜蘭縣蘇澳鎮港邊里三民路7號旁,24.609346,121.8479341
國聖廟,延平郡王,宜蘭縣蘇澳鎮頂寮里頂寮路19巷40號,24.6444942,121.8317767
國聖廟,開台聖王,宜蘭縣蘇澳鎮龍德里福德西巷77號,24.644806,121.8259378
區界帝君廟,關聖帝君,宜蘭縣蘇澳鎮龍德里福德路462巷51號,24.648458,121.8301979
眾安祠,大眾爺,宜蘭縣蘇澳鎮聖湖里中山路二段211巷93號,24.607456,121.818825
湖東福德宮,福德正神,宜蘭縣蘇澳鎮蘇傲鎮永春里湖東路邊,24.594654,121.842083
港口海後大眾爺廟,大眾爺,宜蘭縣蘇澳鎮港邊里岳明國小後,24.6124977,121.8477213
紫竹林,觀世音菩薩,宜蘭縣蘇澳鎮南公路11號,24.594654,121.842083
隆恩大眾爺廟,大眾爺,宜蘭縣蘇澳鎮龍德里隆恩路2號,24.643117,121.822926
隆恩廟,觀音佛祖,宜蘭縣蘇澳鎮龍德里隆恩路56號,24.6456811,121.821737
慈澳宮,五福大帝,宜蘭縣蘇澳鎮永春里永春路146巷3號,24.582178,121.8456651
新城福德廟,福德正神,宜蘭縣蘇澳鎮新城里新城北路55-1號旁,24.616862,121.8193349
聖湖天師府,張天師,宜蘭縣蘇澳鎮蘇傲鎮聖湖里5鄰聖湖新村11-16號,24.594654,121.842083
聖湖福德宮,福德正神,宜蘭縣蘇澳鎮聖湖里31鄰志成路11-1號,24.5973945,121.8332587
聖爺廟,聖爺公,宜蘭縣蘇澳鎮聖湖里聖愛路132號前公墓旁,24.6049993,121.8351019
萬聖廟,萬聖爺,宜蘭縣蘇澳鎮蘇東里蘇南公路1號,24.594533,121.85757
隘丁城隍廟,城隍爺,宜蘭縣蘇澳鎮隘丁里仁愛路1號前,24.617114,121.834476
隘丁福德廟,福德正神,宜蘭縣蘇澳鎮隘丁里城南路22號,24.615087,121.836904
福安宮,西秦王爺,宜蘭縣蘇澳鎮蘇北里冷泉路9-1號,24.601072,121.849539
福德禪寺,藥師佛,宜蘭縣蘇澳鎮隘丁里大圳路135巷27號,24.612451,121.831295
福德廟,土地公,宜蘭縣蘇澳鎮港邊路嶺腳路134-1號旁,24.6090091,121.8632299
福德廟,福德正神,宜蘭縣蘇澳鎮永榮里思村路9-1號旁,24.622964,121.840146
廣法太子宮,中壇元帥,宜蘭縣蘇澳鎮南寧里內埤路171號,24.5797619,121.870618
澳仔角福德廟,土地公,宜蘭縣蘇澳鎮港邊里港邊路旁,24.608366,121.8561241
大南澳八仙宮,八仙,宜蘭縣南澳鄉南澳村大通路2號,24.4638417,121.7980225
南溪福德廟,土地公土地婆,宜蘭縣南澳鄉武塔村南溪路17號,24.4398358,121.7820557
