東山寺,釋迦牟尼佛,屏東縣屏東市勝利里修德巷6號,22.677706,120.487375
觀音寺,釋迦牟尼佛,屏東縣屏東市復興南路一段162巷19號,22.6523694,120.485266
圓音精舍,釋迦牟尼佛,屏東縣屏東市長春里民安路71號,22.6678536,120.5009566
慎省堂,釋迦牟尼佛,屏東縣屏東市光榮里信義路109號,22.6726581,120.4845182
鐵爐寺,釋迦牟尼佛,屏東縣屏東市豐田里民學路58巷8弄15號,22.67336,120.505438
天鐘寶宮,文尼真佛,屏東縣屏東市斯文里中正路209號,22.681075,120.491542
祈安堂,觀世音菩薩,屏東縣屏東市豐榮里公園東路135號,22.6724092,120.4972277
南海寺,觀世音菩薩,屏東縣屏東市勝利路廣東路910號,22.6843928,120.474098
昌黎殿,三山國王,屏東縣屏東市崇蘭里崇蘭路15號,22.686422,120.480572
海豐三山國王廟,三山國王,屏東縣屏東市三山里海豐街28號,22.696244,120.506386
三元宮,三官大帝,屏東縣屏東市潭墘里潭墘9號,22.6755397,120.4530456
公館新興天后宮,天上聖母,屏東縣屏東市公館里公興路221巷13-1號,22.640328,120.478656
天聖宮,天上聖母,屏東縣屏東市新生里復興南路一段108巷21弄2號,22.652898,120.484885
明鳳宮,天上聖母,屏東縣屏東市永安里建國路61巷32號,22.663381,120.483979
頂宅慈鳳宮,天上聖母,屏東縣屏東市頂宅里頂宅34號,22.652063,120.4948021
南清宮,天上聖母,屏東縣屏東市豐榮里民享一路146號,22.674461,120.498165
天后宮,天上聖母,屏東縣屏東市楠樹里廈門街14之1號,22.670434,120.494373
海豐聖豐宮,天上聖母,屏東縣屏東市海豐里金城街4號,22.700356,120.513443
慈聖宮,天上聖母,屏東縣屏東市頂柳里頂宅街45號,22.6463442,120.4983678
慈鳳宮,天上聖母,屏東縣屏東市崇蘭里中山路39號,22.670943,120.4862515
代天宮,五府千歲,屏東縣屏東市厚生里延平一路2號,22.667677,120.481873
屏東萬福宮,五府千歲,屏東縣屏東市一心里自立路123號,22.665736,120.489748
萬年殿,五府千歲,屏東縣屏東市金泉里萬倉街1-2號,22.668624,120.491134
屏邑慈正宮,五福大帝,屏東縣屏東市勝利里青島街72號,22.679058,120.486947
昌賢堂,文賢聖帝,屏東縣屏東市厚生里延平路84號,22.668031,120.48202
天鳳亭,中壇元帥,屏東縣屏東市大湖里廣官路122號,22.6206,120.494316
青雲宮,中壇元帥,屏東縣屏東市豐榮里民享一路128號,22.6735441,120.497867
廣興宮,中壇元帥,屏東縣屏東市廣興里廣興96號,22.693262,120.481578
屏東玉皇宮,玉皇上帝,屏東縣屏東市勝豐里自由路145號,22.666861,120.492218
瑤池聖母宮,西王金母,屏東縣屏東市北興里公裕街508巷53號,22.6891126,120.4969257
屏東覺世堂,保生大帝,屏東縣屏東市華山里華山街50巷10號,22.683614,120.501506
慈和宮,保生大帝,屏東縣屏東市玉成里大成路4號,22.6370172,120.4738774
龍虎宮,保生大帝,屏東縣屏東市溝美里和洋巷32號,22.6795729,120.4952682
屏東都城隍廟,城隍尊神,屏東縣屏東市大同里南昌街12號,22.6699282,120.4875915
安溪城隍宮,城隍尊神,屏東縣屏東市勝利里青島街76號,22.6785423,120.4866554
永安殿,真武大帝,屏東縣屏東市安鎮里林內巷5號,22.666936,120.477808
玄聖殿,真武大帝,屏東縣屏東市北勢里北勢巷26-4號,22.683818,120.491118
真武宮,真武大帝,屏東縣屏東市斯文里協和東路51號,22.680177,120.49285
北極殿,真武大帝,屏東縣屏東市必信里民族路365號,22.671137,120.479724
紫霄帝闕玄天上帝廟,真武大帝,屏東縣屏東市溝美里自由路385號,22.680608,120.495219
慈本堂,真武大帝,屏東縣屏東市凌雲里田中路6-2號,22.663271,120.453927
慈鳳堂,真武大帝,屏東縣屏東市義勇里台糖二街38巷117-1號,22.6639761,120.4938949
嘉王宮,真武大帝,屏東縣屏東市萬年里建國路22巷20號,22.663502,120.487381
龍興宮,真武大帝,屏東縣屏東市擇仁里自由路79巷9號,22.666872,120.485922
東石徐府廟,徐府千歲,屏東縣屏東市必信里光復路232-1號,22.670276,120.480459
臨水宮,順水聖母,屏東縣屏東市萬年里自立路102巷38號,22.665489,120.487492
大埔福德祠,福德正神,屏東縣屏東市維新里和平路336巷1號,22.676043,120.47787
北勢頭福德祠,福德正神,屏東縣屏東市仁愛里中正路368號,22.6828427,120.4925751
民和福德祠,福德正神,屏東縣屏東市橋北里廣東路27號,22.669504,120.498269
龍華里福德祠,福德正神,屏東縣屏東市龍華里龍華路165號,22.6354303,120.4821645
檳榔腳福安宮,福德正神,屏東縣屏東市永城里福安巷16號,22.678393,120.480601
豐田里福德宮,福德正神,屏東縣屏東市豐田里田寮巷38-8號,22.673866,120.510415
慶春里福德祠,福德正神,屏東縣屏東市慶春里福德巷32號,22.6680318,120.4937223
真鴻宮,雷府千歲,屏東縣屏東市龍華里公華街150巷6號,22.6345772,120.4851332
東隆宮,溫府千歲,屏東縣屏東市厚生里延平路98號,22.6680167,120.4813391
鎮隆宮,溫府千歲,屏東縣屏東市永安里互助街35巷16號,22.6553929,120.4847707
北隆宮,溫府千歲,屏東縣屏東市北勢里中正路289號,22.683508,120.492641
光華東隆宮,溫府千歲,屏東縣屏東市光華里福光街62號,22.665239,120.4893304
扶風宮,萬薛池府王爺,屏東縣屏東市扶風里福州街75號,22.6719511,120.493864
華山萬福宮,謝府千歲,屏東縣屏東市華山里廣東路459號,22.682756,120.499012
天清宮,羅府千歲,屏東縣屏東市橋南里明月巷19之3號,22.666626,120.497827
聖帝廟,關聖帝君,屏東縣屏東市武廟里永福路36號,22.6713842,120.4881051
玉興宮,觀世音菩薩,屏東縣屏東市玉成里公興路740巷36弄2號,22.634039,120.472543
長安宮,觀世音菩薩,屏東縣屏東市長安里光復路350巷25號,22.668517,120.468577
鎮溪宮,觀世音菩薩,屏東縣屏東市前進里清進巷143號,22.647907,120.465546
帥府宮,中壇元帥,屏東縣屏東市瑞光里香楊巷3-92號,22.6634585,120.5125905
巧聖殿,巧聖先師,屏東縣屏東市建南路167號,22.662192,120.481825
屏東五王代天府,五府千歲,屏東縣屏東市青島街78號,22.6785423,120.4866554
萬世聖母宮,天上聖母,屏東縣屏東市瑞光里菸廠東巷46號,22.6624216,120.5052317
明鳳宮,,屏東縣屏東市四維路12之1號,22.665919,120.482471
超峰寺,觀音佛祖,屏東縣屏東市大洲里61-1號,22.641022,120.462843
圓德寺,阿彌陀佛,屏東縣屏東市龍華里龍華西路153巷45號,22.633139,120.4789388
義安堂,謝府元帥,屏東縣屏東市溝美里和洋巷23號,22.678688,120.4946707
慈天宮,天上聖母,屏東縣屏東市湖南里歸義巷13號,22.65523,120.5053609
豐源里福德祠,福德正神,屏東縣屏東市民學路41巷2號,22.6722719,120.5065318
南方代天府,五府千歲,屏東縣屏東市永安里建興南路51號,22.6608254,120.4840033
扶正殿,萬府千歲,屏東縣屏東市扶風里福建路4號,22.671596,120.494006
林仔內三山國王廟,三山國王,屏東縣屏東市永光里衡陽街43-4號,22.670691,120.477318
廣興福德祠,福德正神,屏東縣屏東市廣興里廣興175-1號,22.692329,120.485237
屏東慈惠堂,金母娘娘,屏東縣屏東市勝利路120號,22.679998,120.486374
新應宮,九龍三公,屏東縣屏東市建國路光明街114號,22.664917,120.4826729
和興里精崇堂,天上聖母,屏東縣屏東市和興里忠孝路380號,22.697118,120.499517
清白救世壇,溫府千歲,屏東縣屏東市光榮里重慶路80號,22.673472,120.483552
大光寺,釋迦牟尼佛,屏東縣屏東市三山里海豐街1-10號,22.697679,120.5061
屏東八仙府聖何殿,關聖帝君何仙姑娘娘,屏東縣屏東市勝利里公正四街98號,22.684391,120.488655
屏東海豐福德祠,福德正神,屏東縣屏東市三山里金城街171號,22.698931,120.50693
三世救世壇,五府千歲,屏東縣屏東市崇蘭里崇武路97號,22.68462,120.483548
義濟宮,五府千歲,屏東縣屏東市民權里忠孝路26-1,22.672456,120.48204
顯靈宮,五顯大帝,屏東縣屏東市湖南里歸禮巷36-1號,22.641812,120.5062419
光照寺,釋迦牟尼佛,屏東縣屏東市復興南路一段240巷7號,22.650637,120.485269
南興五王宮,五府千歲,屏東縣屏東市潭乾里蘭州街90巷5號,22.6761111,120.4941667
義德宮,蔡府千歲,屏東縣屏東市橋南里永興巷20-1號,22.6672418,120.4968066
公館新興福德宮,福德正神,屏東縣屏東市新興里新興街3巷36-2號,22.643671,120.484758
屏東鎮南宮,關聖帝君,屏東縣屏東市忠孝路317之3號,22.6915826,120.4888782
屏東海豐鎮安宮,五府千歲,屏東縣屏東市仁義里9號,22.7018609,120.5192737
南天太子殿,,屏東縣屏東市建華一街79號,22.6680521,120.485159
新三元宮,三官大帝,屏東縣屏東市崇武路364號,22.6804972,120.4762369
屏東王厝太子宮,中壇元帥,屏東縣屏東市維新里昆明街24號,22.674895,120.482275
林仔內萬豐殿,三府千歲,屏東縣屏東市光復路286號,22.66981,120.478121
三教寶宮,孚佑帝君,屏東縣三地門鄉三地村中正路一段10號,22.7156459,120.645023
霧霧山法雲宮,道濟仙師,屏東縣三地門鄉青葉村光復巷88號之1,22.8376041,120.639527
玉泉禪寺,釋迦牟尼佛觀世音菩薩,屏東縣九如鄉玉泉村玉泉街93號,22.7218216,120.5113364
九塊厝三山國王廟,三山國王,屏東縣九如鄉九明村仁愛街174號,22.7308245,120.4847426
清水宮,三代祖師,屏東縣九如鄉玉水村清水路52號,22.714273,120.478034
北極玄天上帝廟,玄天上帝,屏東縣九如鄉東寧村東寧路66巷1號,22.733495,120.489676
清水寺,清水祖師,屏東縣九如鄉九明村崁頂八巷8-10號,22.7341705,120.4674459
開台聖王廟,開台聖王,屏東縣九如鄉三塊村三多路193號,22.749116,120.482252
大坵武廟,關聖帝君,屏東縣九如鄉大坵村大仁街37號,22.742907,120.479781
善圓宮,觀音菩薩,屏東縣九如鄉玉泉村黃金路15巷32號,22.720953,120.5237278
洽興村德安寺,玄天上帝觀音佛祖,屏東縣九如鄉洽興村平和路22號,22.762298,120.501048
後庄代天府,五府千歲,屏東縣九如鄉後庄村後庄路68號,22.745985,120.5012992
清水大佛寺,清水祖師,屏東縣九如鄉大坵村水尾路11號,22.735941,120.4683885
三山國王清聖宮,神農大帝,屏東縣九如鄉後庄村後庄路130號,22.7503843,120.5013189
皇天龍慈寺,道教神,屏東縣九如鄉九明村九明街71巷50號,22.73145,120.484352
萬府宮,朱府千歲,屏東縣九如鄉玉泉村中庄街120號,22.7236108,120.5081952
龍沙宮,中壇元帥,屏東縣九如鄉九明村光復街77號,22.7445851,120.4849087
三山宮,三山國王,屏東縣九如鄉東寧村新庄路112號,22.7226684,120.4894399
昌榮慈玄宮,天上聖母,屏東縣九如鄉洽興村平和路136巷22號,22.762298,120.501048
普濟寺,釋迦牟尼佛,屏東縣九如鄉九明村光復街121號,22.7337189,120.484154
九如禪寺,釋迦牟尼佛,屏東縣九如鄉九如路二段322巷27號,22.729333,120.488647
鎮安宮,池府千歲,屏東縣九如鄉耆老村路198號,22.7693601,120.402416
北玄宮,玄天上帝,屏東縣九如鄉耆老村平和路339號,22.761457,120.494666
靈霄寶殿,玉皇大帝,屏東縣九如鄉大坵村水尾路13號,22.735941,120.4683885
玄山宮,九天玄女,屏東縣九如鄉九如路二段1巷3號,22.7287044,120.4887583
慎修寺,釋迦文佛,屏東縣里港鄉大平村仁和路南巷6號,22.7765628,120.493487
青龍寺,觀音佛祖,屏東縣里港鄉中和村中和路14-1號,22.8080205,120.4955515
塔樓三坪祖師廟,三坪祖師爺,屏東縣里港鄉塔樓村塔樓路54-2號,22.7625663,120.4825358
慈天宮,天上聖母,屏東縣里港鄉載興村載興路73號,22.7805541,120.5264583
慈龍宮,天上聖母,屏東縣里港鄉鐵店村鐵店路55-3號,22.7770816,120.5029571
廣慈宮,天上聖母,屏東縣里港鄉潮厝村(路)59號,22.7693601,120.402416
臺灣省里港雙慈宮,天上聖母,屏東縣里港鄉大平村大平路50號,22.778252,120.493373
王爺廟,五府千歲,屏東縣里港鄉過江村過江路71-1號,22.7798323,120.4928532
北極殿,玄天上帝,屏東縣里港鄉永春村第六鄰,22.7791661,120.494492
保生大帝宮,保生大帝,屏東縣里港鄉潮厝村(路)84號,22.7693601,120.402416
土庫雙慈宮,福德正神,屏東縣里港鄉土庫村土庫路57-1號,22.819033,120.5074988
福德祠,福德正神,屏東縣里港鄉永春村永春路40-3號,22.7776181,120.4966194
福安宮,福德正神,屏東縣里港鄉茄苳村武洛路,22.7729104,120.5184546
聖合宮,李府千歲,屏東縣里港鄉瀰力村瀰力路8號,22.822247,120.491206
麗仙師祠,麗伯公,屏東縣里港鄉塔樓村塔樓路,22.7629013,120.4834002
興隆宮,天上聖母,屏東縣里港鄉茄苳村福興路28-1號,22.7871264,120.5092822
紫竹寺,觀音佛祖,屏東縣里港鄉過江村,22.7870802,120.4962417
興南祠,福德正神,屏東縣里港鄉春林村中山路2號邊,22.773973,120.494457
崑崙道壇,如來佛祖,屏東縣里港鄉中和村南進路25號,22.8047277,120.4861157
代天府東德殿,五府千歲,屏東縣里港鄉中和村中和路27-1號,22.8080205,120.4955515
載興村臨水三清宮,順天聖母,屏東縣里港鄉載興村載興路58-2號,22.7805541,120.5264583
天元宮,三太子,屏東縣里港鄉塔樓村光明巷,22.767092,120.47517
三部村慶濟宮,天上聖母,屏東縣里港鄉三?村51-5號,22.802807,120.5106372
南港堂指玄宮,濟公活佛,屏東縣里港鄉土庫村土庫路112號,22.819033,120.5074988
茄苳村慈德宮,觀音佛祖,屏東縣里港鄉大港洋段32號,22.7791661,120.494492
中南太子宮,李府千歲,屏東縣里港鄉中和村中南路3之1號,22.8007692,120.4859503
天慈宮,媽祖,屏東縣里港鄉玉田村玉田路4-47號,22.7752741,120.48012
慈后宮,天上聖母,屏東縣里港鄉茄苳村路59號,22.7693601,120.402416
劉公聖君廟,劉公聖君,屏東縣里港鄉玉田村玉田路40號,22.7752549,120.4812704
慈光禪寺,釋迦牟尼佛,屏東縣高樹鄉新豐村和興路31號,22.8631286,120.641694
慈雲寺,釋迦牟尼佛,屏東縣高樹鄉高樹村南興路47號,22.8233333,120.6016522
廣修禪寺,釋迦牟尼佛,屏東縣高樹鄉東興村武尚路25號,22.8227019,120.5914648
三山國王廟,三山國王,屏東縣高樹鄉大埔村永豐巷12號,22.8311314,120.5961204
菜寮村三山國王廟,三山國王,屏東縣高樹鄉菜寮村大平路9號,22.850614,120.605741
道聖堂,太上道祖,屏東縣高樹鄉鹽樹村日新路1號,22.8046738,120.5653251
太子殿,中壇元帥,屏東縣高樹鄉長榮村南昌路18號,22.8169881,120.594176
玄天上帝廟,玄天上帝,屏東縣高樹鄉源泉村泉興路25號,22.8121909,120.6059564
北宸宮,玄天上帝,屏東縣高樹鄉鹽樹村新豐路39號,22.7955939,120.5707734
北極宮,玄天上帝,屏東縣高樹鄉鹽樹村公平路25號,22.8035525,120.5773831
北極殿,玄天上帝,屏東縣高樹鄉舊寮村長美路64號,22.849216,120.61029
佛聖宮,媽祖佛祖,屏東縣高樹鄉舊庄村光復路6號,22.7986071,120.5831943
慈津寶宮,媽祖,屏東縣高樹鄉新豐村和興路24號,22.85961,120.6411836
順天宮,媽祖,屏東縣高樹鄉廣福村廣福路30號,22.760623,120.615595
鳳聖宮,天上聖母,屏東縣高樹鄉新南村興農路11號,22.7844616,120.5595696
鎮南宮,媽祖,屏東縣高樹鄉南華村,22.7783925,120.5883446
威武廟,威烈侯陳將軍,屏東縣高樹鄉鹽樹村自強路106-8號,22.8046738,120.5653251
泰安宮,康府元帥,屏東縣高樹鄉泰山村產業路91號,22.788719,120.613812
楊府廟,楊府爺,屏東縣高樹鄉鹽樹村南鹿1-1號,22.8046738,120.5653251
田子村觀音廟,觀音佛祖,屏東縣高樹鄉田子村復興路55-1號,22.801754,120.578024
廣興壇,觀音佛祖,屏東縣高樹鄉廣興村中正路36號,22.7413317,120.6181689
寶蓮禪寺,釋迦牟尼佛,屏東縣高樹鄉新豐村和興路24號,22.85961,120.6411836
普陀殿,觀世音菩薩北極玄天上帝,屏東縣高樹鄉新南村12鄰大和路6-12號,22.7853515,120.5636024
不動寺,大日如來阿彌陀佛,屏東縣高樹鄉新豐村和興路26-5號,22.8631286,120.641694
觀宗禪寺,釋迦牟尼佛觀世音菩薩,屏東縣高樹鄉東振村高美路16-5號,22.8281596,120.5883537
寶蓮禪寺,釋迦牟尼佛,屏東縣高樹鄉新豐村和興路24號,22.85961,120.6411836
北極殿,玄天上帝,屏東縣高樹鄉新豐村泰和路105號,22.8632645,120.6330205
正順廟,玄天上帝,屏東縣高樹鄉田子村文山路14號,22.798364,120.576558
三賢宮,北港媽祖,屏東縣高樹鄉新南村田中路13號,22.7877183,120.5603019
三山國王廟,三山國王,屏東縣高樹鄉廣興村中正路19-1號,22.7413317,120.6181689
不動寺,阿彌陀佛,屏東縣高樹鄉舊寮段149-1353、149-1327、149-648地號,22.8196569,120.6084832
五顯廟,五顯大帝,屏東縣高樹鄉大埔村百畝100號,22.834009,120.586807
慈德寺,觀世音,屏東縣高樹鄉新豐村和興路16-5號,22.8631286,120.641694
東元宮,東營元帥,屏東縣高樹鄉東興村和興巷1號,22.829046,120.596611
翠屏岩慈音寺,慈音佛祖,屏東縣高樹鄉泰山村山下路131號,22.7869405,120.6190458
內明禪寺,釋迦牟尼佛,屏東縣高樹鄉新豐村維興路68-2號,22.871344,120.638156
法音精舍,本師釋迦牟尼佛,屏東縣高樹鄉新豐村和興路26-7號,22.8631286,120.641694
楊府廟,楊府爺,屏東縣高樹鄉鹽樹村日新1-1號,22.8046738,120.5653251
新鳳宮,天上聖母,屏東縣高樹鄉新南村社北路17-20號,22.786138,120.560553
法輪禪寺,觀世音菩薩三寶佛,屏東縣高樹鄉新豐村沿山公路一段20號,22.8724605,120.6372471
廣法禪寺,三寶佛,屏東縣高樹鄉高樹鄉舊庄村光復路28號,22.796849,120.5966557
佛濟寺,釋迦牟尼佛,屏東縣高樹鄉高樹鄉舊寮村長美四巷27-1號,22.8196569,120.6084832
西安寺,釋迦牟尼佛,屏東縣高樹鄉高樹鄉舊寮村萬興路100號,22.853001,120.626485
慧直寺,觀世音菩薩,屏東縣高樹鄉高樹鄉司馬村和平路16之2號,22.851116,120.609483
明信禪寺,釋迦牟尼佛,屏東縣高樹鄉高樹鄉田子村焦場路21-6號,22.8196569,120.6084832
廣福聖中廟,盤古開天祖,屏東縣高樹鄉高樹鄉廣福村中正路13-3號,22.7598361,120.6158781
覺園精舍,釋迦牟尼佛,屏東縣高樹鄉高樹鄉新豐村泰和路1-5號,22.8632645,120.6330205
濟南佛院,南無藥師佛,屏東縣高樹鄉高樹鄉和興村3-2號,22.8196569,120.6084832
天聖堂,趙府千歲,屏東縣高樹鄉高樹鄉新南村田中路4-25號,22.8196569,120.6084832
私埤庄福德祠,福德正神,屏東縣高樹鄉高樹鄉長榮村振興路7之3號,22.8105493,120.5905986
朝鳳宮,天上聖母,屏東縣鹽埔鄉鹽北村光復路31號,22.7538338,120.5772213
慈天宮,天上聖母,屏東縣鹽埔鄉新二村維新路137號,22.7391937,120.5557118
代天府,池府千歲,屏東縣鹽埔鄉高朗村豐年街19號,22.7556354,120.5849415
振隆宮,謝府千歲,屏東縣鹽埔鄉振興村中正路28號,22.723332,120.611361
朝聖宮,謝府元帥,屏東縣鹽埔鄉久愛村光華路(鹽埔段1198號,22.7192216,120.5996612
宏願寺,釋迦牟尼佛,屏東縣鹽埔鄉新二村維新路2-12號,22.739738,120.556685
慧光千手觀音寺,千手觀音,屏東縣鹽埔鄉鹽中村勝利路31號,22.7557978,120.5745811
一心東明宮,五府千歲,屏東縣鹽埔鄉新圍村德協路55號,22.7327962,120.5556053
淨念寺,釋迦佛祖,屏東縣鹽埔鄉新二村維新路259-11號,22.7391937,120.5557118
慈法宮,觀世音菩薩,屏東縣長治鄉香楊村香楊巷36弄30號,22.6633784,120.5127824
三山國王宮,三山國王,屏東縣長治鄉新潭村仁義巷33號,22.6812382,120.5166014
國王宮,三山國王,屏東縣長治鄉德成村中興路654號,22.6935377,120.5442428
天后宮,天上聖母,屏東縣長治鄉長興村長興路517號,22.6817795,120.5117271
老潭頭太子宮,哪吒太子,屏東縣長治鄉香楊村潭頭路242號,22.6700047,120.5202652
福崙宮,哪吒太子,屏東縣長治鄉崙上村崑崙路179-2號,22.6896443,120.5341564
新潭頭玄天上帝廟,玄天上帝,屏東縣長治鄉進興村新進巷7號,22.674149,120.525469
福德祠,福德正神,屏東縣長治鄉新潭村新民街62號,22.6827281,120.5195651
保安宮,廣澤尊王,屏東縣長治鄉繁華村榮華三街11-1號,22.7044448,120.5744316
聖德巖,觀世音菩薩,屏東縣長治鄉復興村新興路137號,22.6800392,120.5507573
番仔寮惠迪宮,玄天上帝,屏東縣長治鄉繁華村舊廟路1號,22.698917,120.57606
鎮隆宮,五府千歲,屏東縣長治鄉繁隆村水源路9號,22.7020085,120.576938
子靈壇,福德正神,屏東縣長治鄉崙上村6鄰,22.6891613,120.5351057
三庄壇,福德正神,屏東縣長治鄉崙上村自強巷56-1號,22.6861196,120.5389157
福德祠,福德正神,屏東縣長治鄉復興村復興路359號,22.6856795,120.5429158
福德祠,福德正神,屏東縣長治鄉復興村新興路,22.6800392,120.5507573
福德祠,福德正神,屏東縣長治鄉復興村復興路285號,22.6856795,120.5429158
崑崙壇,福德正神,屏東縣長治鄉崙上村9鄰,22.6891613,120.5351057
九龍山西岐城宮,玉皇上帝,屏東縣長治鄉復興村復興路99巷73號,22.6856795,120.5429158
三子宮,中壇元帥,屏東縣長治鄉進興村上寮巷,22.6786189,120.5419148
迴瀾壇,福德正神,屏東縣長治鄉崙上村7鄰,22.6891613,120.5351057
圓通寺,觀世音菩薩,屏東縣長治鄉繁昌村中山路120號,22.709233,120.576475
萬府宮,萬府千歲,屏東縣長治鄉復鄉村復興路136號,22.6833333,120.5333333
進興村下寮福德祠,福德正神,屏東縣長治鄉進興村下寮巷4鄰5-1號,22.6748581,120.5413687
法雲精舍,釋迦牟尼佛,屏東縣長治鄉繁昌村振興路20號,22.708477,120.577109
乾龍大寶殿,玉皇上帝,屏東縣長治鄉繁華村信義四巷6-1號,23.8279862,120.7083247
永興禪寺,釋迦牟尼佛,屏東縣麟洛鄉麟洛村成功路179號,22.675144,120.486049
顯法寺,釋迦牟尼佛,屏東縣麟洛鄉麟洛村中正路小份巷31號,22.64551,120.52805
仁聖宮,天上聖母,屏東縣麟洛鄉田中村中華路194號,22.6423191,120.5186556
國聖宮,天上聖母,屏東縣麟洛鄉田道村中華路302號,22.632599,120.51555
朝鳳宮,天上聖母,屏東縣麟洛鄉田心村中正路394號,22.636586,120.523345
福聖宮,天上聖母,屏東縣麟洛鄉麟趾村中華路68號,22.6503105,120.5245193
玄聖宮,真武大帝,屏東縣麟洛鄉新田村民族路310號,22.661596,120.536944
鄭成功廟,開台聖王,屏東縣麟洛鄉麟頂村成功路170號,22.6598974,120.525684
慈海宮,觀世音菩薩,屏東縣麟洛鄉田中村延和街長春巷43號,22.6386762,120.5201153
南天中元宮,三太子,屏東縣麟洛鄉新田村民族路362號,22.6619174,120.5371392
東林淨苑,阿彌陀佛,屏東縣麟洛鄉田心村中正路立心巷21號,22.6311851,120.5231991
湧源堂,觀世音菩薩,屏東縣麟洛鄉新田村2鄰民族路238號,22.6566905,120.5306393
圓通寺,釋迦牟尼佛,屏東縣竹田鄉二崙村信實路10-1號,22.592196,120.546312
圓隆寺,釋迦如來佛,屏東縣竹田鄉永豐村永豐路3號,22.632683,120.53234
德修禪寺,觀音菩薩,屏東縣竹田鄉美崙村中崙12號,22.597776,120.547267
國王宮,三山國王,屏東縣竹田鄉頭崙村三山路75號,22.597005,120.535567
六堆忠義祠,六堆民眾衛鄉平亂之忠勇烈士,屏東縣竹田鄉西勢村龍門路99號,22.6213785,120.5251282
先農宮,五穀先帝,屏東縣竹田鄉南勢村南昌路20號,22.601807,120.533322
法師公壇,五谷神農皇帝,屏東縣竹田鄉永豐村永豐路64號,22.632683,120.53234
神農宮,五谷先帝,屏東縣竹田鄉竹田村中正路20號,22.5909391,120.5446462
神農宮,五谷神農皇帝,屏東縣竹田鄉福田村和平路4號,22.613267,120.536004
六興宮,中壇元帥,屏東縣竹田鄉鳳明村鳳安路2-1號,22.571842,120.50818
太子宮,太子爺,屏東縣竹田鄉西勢村光明路101號,22.6212095,120.5232577
通明宮,太子爺,屏東縣竹田鄉永豐村(路)3-1號,23.8279862,120.7083247
通明宮,中壇元帥,屏東縣竹田鄉美崙村通明路9號,22.6023828,120.5488908
通明宮,中壇元帥,屏東縣竹田鄉糶糴村振福路7號,22.579017,120.534417
通明宮,中壇元帥,屏東縣竹田鄉糶糴村永興路14號,22.5843521,120.5286227
廣宮善堂,中壇元帥,屏東縣竹田鄉二崙村忠義路9巷15號,22.589812,120.553731
覺善堂,玉皇大天尊,屏東縣竹田鄉西勢村龍門路26號,22.6164828,120.5240671
北極殿,玄天上帝,屏東縣竹田鄉履豐村豐興路9號,22.58613,120.5367378
鳳興宮,玄天上帝,屏東縣竹田鄉鳳明村鳳安路20號,22.571842,120.50818
興農宮,上帝公,屏東縣竹田鄉六巷村太平路27號,22.6075925,120.5202532
朱王宮,朱王爺,屏東縣竹田鄉竹南村竹南路50號,22.572582,120.540296
永福堂,註生娘娘,屏東縣竹田鄉竹田村公正路148號,22.5814937,120.5450798
福德祠,土地伯公,屏東縣竹田鄉竹南村潮州路5號,22.5507923,120.5556283
福德祠,福德正神,屏東縣竹田鄉竹田村中正路17號,22.5826975,120.5429171
廣泉宮,福德正神,屏東縣竹田鄉二崙村義和路12號,22.593312,120.551321
昭靜堂,觀世音,屏東縣竹田鄉福田村瑞竹路104號,22.6183137,120.5362442
山水湖聖道院,五老大天尊,屏東縣竹田鄉泗州村連成路2號,22.5724219,120.520505
伍龍宮,康府千歲,屏東縣竹田鄉泗洲村平洋路21-1號,22.57017,120.517182
港興宮,池府千歲,屏東縣竹田鄉泗州村洲同路9號,22.5651391,120.5227524
建安宮,開漳聖王,屏東縣竹田鄉大湖村大新路1號,22.589017,120.520342
一如淨舍,阿彌陀佛,屏東縣竹田鄉六巷村溪邊11號,22.60286,120.529138
慈聖寺,三寶佛,屏東縣竹田鄉二崙村忠義路9巷30號,22.589761,120.5504419
誠一宮,關聖帝君,屏東縣竹田鄉泗州村新庄洋段4-1號,22.5943638,120.5336665
儀鳳宮,天上聖母,屏東縣竹田鄉西勢村光明路199-8號,22.621422,120.517307
無極聖天宮,無極虛空地母,屏東縣竹田鄉永豐村路46-12號,22.637666,120.484475
五豐宮,五府千歲,屏東縣竹田鄉履豐村振豐路54號,22.5799311,120.5322273
三玄殿,玄天上帝,屏東縣竹田鄉大湖村代明路113-5號,22.5823383,120.520713
妙覺寺,釋迦牟尼佛,屏東縣內埔鄉內田村光明路228號,22.6160583,120.5712762
后堆福泉堂,關聖帝君,屏東縣內埔鄉東勢村大同路三段福泉巷23號,22.6417028,120.5775569
妙善寺,觀世音菩薩,屏東縣內埔鄉東勢村大同路二段南二巷22號,22.6348648,120.5718936
龍泉寺,觀世音菩薩,屏東縣內埔鄉龍潭村通霄巷35號,22.6837156,120.6056064
廣福宮,天上聖母,屏東縣內埔鄉和興村6-1號,22.5999218,120.5710804
三山國王廟,三山國王,屏東縣內埔鄉內埔村崇聖路627號,22.6106344,120.5710804
國王宮,三山國王,屏東縣內埔鄉振豐村新中路86號,22.6307262,120.5448087
國王宮,三山國王,屏東縣內埔鄉富田村里仁路153號,22.61422,120.54011
五谷宮,神農大帝,屏東縣內埔鄉老埤村南山路13號,22.631979,120.597677
天后宮,天上聖母,屏東縣內埔鄉內田村廣濟路164號,22.6152434,120.56637
天聖宮,天上聖母,屏東縣內埔鄉東片村光復路1號,22.6466594,120.5832638
聖母廟,天上聖母,屏東縣內埔鄉義亭村南平路75號,22.619513,120.585484
慈濟宮,天上聖母,屏東縣內埔鄉美和村永安路65巷17號,22.598719,120.55652
慈濟宮,天上聖母,屏東縣內埔鄉豐田村竹南路27號,22.6206761,120.5366552
慈善宮,天上聖母,屏東縣內埔鄉東勢村嘉應路北三巷98號,22.637307,120.569208
元帥廟,中壇元帥,屏東縣內埔鄉上樹村上樹路143號,22.65,120.5875
大和元帥宮,中壇元帥,屏東縣內埔鄉東勢村新生路211號,22.6558657,120.5809872
玄武宮,玄天上帝,屏東縣內埔鄉黎明村黎東路274號,22.6893779,120.6032026
鎮安宮,池府千歲,屏東縣內埔鄉豐田村新中路199號,22.6299569,120.5431878
延平郡王廟,延平郡王,屏東縣內埔鄉豐田村延平路2號,22.63186,120.544226
福德祠,福德正神,屏東縣內埔鄉東勢村嘉應路1號,22.635623,120.569699
興南慈惠堂,瑤池金母,屏東縣內埔鄉興南村昌宏路119號,22.6169384,120.5771839
昌黎祠,韓愈,屏東縣內埔鄉內田村廣濟路164號,22.6152434,120.56637
慈善宮,觀世音菩薩,屏東縣內埔鄉振豐村瀧觀巷659號,22.6239629,120.5477609
明善堂,關聖帝君,屏東縣內埔鄉富田村新田路211號,22.614016,120.537923
福善堂,關聖帝君,屏東縣內埔鄉振豐村瀧觀巷657號,22.6239629,120.5477609
關帝廟,關聖帝君,屏東縣內埔鄉興南村昌宏路65號,22.6169384,120.5771839
屏邑德智殿,王母娘娘,屏東縣內埔鄉建興村(路)218巷45號,22.6597057,120.5797128
中天玉皇宮,玉皇上帝,屏東縣內埔鄉建興村信義路626巷50號,22.6658448,120.5639184
福德祠,福德正神,屏東縣內埔鄉美和村海平路2號,22.595152,120.557125
福德祠,福德正神,屏東縣內埔鄉東寧村東寧路320號,22.6179277,120.5629923
清光寺,釋迦牟尼,屏東縣內埔鄉龍潭村龍真路61號,22.6746439,120.6007996
北柵福德祠,土地公,屏東縣內埔鄉美和村美和段地號:988號,22.596977,120.5595696
慈聖宮,天上聖母,屏東縣內埔鄉老埤村壽比路2-10號,22.635899,120.596678
正覺禪寺,釋迦牟尼佛,屏東縣內埔鄉豐田村永田路57號,22.6385639,120.541185
三眛淨修庵,阿彌陀佛,屏東縣內埔鄉東勢村大同路三段榮和巷50號,22.648836,120.579019
順天宮,謝府元帥,屏東縣內埔鄉隘寮村清涼路1段451號,22.6923795,120.6184945
佛心佛院,無極聖宗古佛南海觀音佛祖,屏東縣內埔鄉豐田村龍崗路222號,22.637812,120.5580559
玉林禪寺,觀世音菩薩,屏東縣萬丹鄉水泉村泉發街240號,22.5722755,120.4919227
觀音寺,觀音菩薩,屏東縣萬丹鄉灣內村香內路499號,22.5621176,120.4678277
街後角大憲宮,大二便爺,屏東縣萬丹鄉萬後村大憲街221號,22.5869812,120.4875586
代天宮,五府千歲,屏東縣萬丹鄉頂林段189號,22.591522,120.4703258
三青宮,天上聖母,屏東縣萬丹鄉廈南村下蚶49-34號,22.596789,120.461329
慈聖宮,天上聖母,屏東縣萬丹鄉後庄路139號,22.5752264,120.4617951
萬惠宮,天上聖母,屏東縣萬丹鄉萬生村萬新路1660號,22.583816,120.489207
興安宮,天上聖母,屏東縣萬丹鄉興安村興化部路99號,22.5491092,120.4960939
天鳳壇,中壇元帥,屏東縣萬丹鄉廣安村39號,22.610228,120.4962417
太子宮,中壇元帥,屏東縣萬丹鄉上村村4鄰23號,22.5987981,120.4804048
真武廟,玄天上帝,屏東縣萬丹鄉社上村60-5號,22.6241206,120.4746455
建隆宮,玄天上帝,屏東縣萬丹鄉社中村菜寮131號,22.619185,120.469141
新興宮,玄天上帝,屏東縣萬丹鄉新鍾村(路)167號,22.591522,120.4703258
萬泉寺,玄天真武大帝,屏東縣萬丹鄉寶厝村中興路二段435號,22.5810772,120.4860596
保榮宮,池府千歲,屏東縣萬丹鄉寶厝村寶長厝街127號,22.5809156,120.4890434
八仙洞仙姑宮,何仙姑,屏東縣萬丹鄉寶厝村中興路二段471巷18弄35號,22.5810767,120.4860604
南聖宮,倪府千歲,屏東縣萬丹鄉廈南村下蚶63號,22.596789,120.461329
保全宮,保生大帝,屏東縣萬丹鄉萬全村成功街二段157號,22.592992,120.490763
神農壇,神農大帝,屏東縣萬丹鄉崙頂村(路),22.5852839,120.461686
農惠宮,神農大帝,屏東縣萬丹鄉萬生村頭前厝1號,22.584789,120.489725
真武宮,真武大帝,屏東縣萬丹鄉廈北村下蚶190號,22.596789,120.461329
清水寺,清水祖師,屏東縣萬丹鄉田厝村寶田路508號,22.5941032,120.4704861
普庵壇,普庵祖師,屏東縣萬丹鄉廈北村下蚶169號,22.596789,120.461329
福德祠,福德正神,屏東縣萬丹鄉磚寮村號,22.6219312,120.4530456
萬安古地廟,福德正神,屏東縣萬丹鄉萬惠村萬丹路一段112號,22.585829,120.48929
尊王宮,廣澤尊王,屏東縣萬丹鄉四維村四維東路425號,22.5984772,120.4967119
甘隆宮,觀音佛組,屏東縣萬丹鄉甘棠村(路)46號,22.49406,120.49406
協元寺,觀音佛祖,屏東縣萬丹鄉崙頂村惠崙路976號,22.5876729,120.475265
加興尊王宮,廣澤尊王,屏東縣萬丹鄉加興村加禮濫59-39號,22.609524,120.469976
忠心宮,福德正神　觀音佛祖,屏東縣萬丹鄉社口村一鄰,22.611047,120.4602459
水仙宮,,屏東縣萬丹鄉水仙村9之1號,22.552536,120.4998407
清水寺,清水祖師,屏東縣萬丹鄉香社村下社皮路2號,22.56456,120.4775252
觀中福廟,中壇元帥,屏東縣萬丹鄉四維村高田仔,22.59859,120.498876
福德祠,福德正神,屏東縣萬丹鄉萬全村成功街二段10巷尾,22.5898304,120.4976813
九聖堂,釋迦牟尼佛,屏東縣萬丹鄉水泉村泉興路1160號,22.5756403,120.4861736
久留真靈宮,池府千歲,屏東縣萬丹鄉萬全村和平西路190號,22.5906268,120.4830523
陳府城隍廟,陳府城隍,屏東縣萬丹鄉寶厝村中興路二段407號,22.5799649,120.4850867
土地公廟,福德正神,屏東縣萬丹鄉廣安村六鄰92號,22.610228,120.4962417
港新宮,池府千歲,屏東縣萬丹鄉萬丹鄉竹林村頂新路130號,22.616136,120.501404
土地公廟,福德正神,屏東縣萬丹鄉廣安村15-7號,22.610228,120.4962417
興龍宮,五府千歲,屏東縣萬丹鄉興全村福龍路295號,22.5510918,120.4947823
普安宮,觀音菩薩,屏東縣萬丹鄉灣內村井仔頭二鄰43號,22.591522,120.4703258
福德祠,土地公,屏東縣萬丹鄉竹林村十三鄰竹田仔24號,22.632059,120.5104
如王宮,廣澤尊王,屏東縣萬丹鄉加興村加禮濫109-2號,22.609524,120.469976
廓振宮,謝府王公,屏東縣萬丹鄉寶厝村下部路102巷192號,22.5757175,120.4792804
保安宮,保生大帝,屏東縣萬丹鄉四維村頂本縣部8-8號,22.605497,120.489503
淨觀寺,西方三聖,屏東縣萬丹鄉萬生村萬竹路45巷6號,22.5829471,120.5080521
嘉新宮,朱府千歲,屏東縣萬丹鄉新鐘村萬新路43巷43號,22.5599654,120.4863412
萬丹三清宮,三清道祖,屏東縣萬丹鄉社皮村社皮17-85號,22.615835,120.467949
香社福德宮,福德正神,屏東縣萬丹鄉香社村香內路211號,22.5621176,120.4678277
保安堂,廣澤尊王,屏東縣萬丹鄉水泉里大發路103路,22.574923,120.48558
天王聖帝公廟,天王聖帝宮,屏東縣萬丹鄉社口村新厝子20-3號,22.611047,120.4602459
成功殿,鄭成功,屏東縣萬丹鄉甘棠村客厝路89號,22.537166,120.481322
代天真王府,五府千歲,屏東縣萬丹鄉寶厝村保長厝街78巷33號,22.5804977,120.4864029
隆社宮,五府千歲,屏東縣萬丹鄉社口村新厝子,22.611047,120.4602459
白雲寺,釋迦牟尼佛,屏東縣潮州鎮三星里三林路82號,22.552757,120.5522264
法興禪寺,釋迦牟尼佛,屏東縣潮州鎮新榮里信義路60號,22.548416,120.5365849
菩提園,釋迦牟尼佛,屏東縣潮州鎮光華里永安路3-2號,22.547455,120.547596
明心堂,彌勒菩薩,屏東縣潮州鎮三星里三星路12號,22.542765,120.553751
潮州三山國王廟,三山國王,屏東縣潮州鎮同榮里西市路33號,22.5507445,120.5406133
三仙國王廟,三仙國王,屏東縣潮州鎮四春里四春路24號,22.549937,120.57437
朝林宮,中壇元帥,屏東縣潮州鎮泗林里通潮一巷4號,22.5473078,120.5678164
神農宮,神農大帝,屏東縣潮州鎮三和里中興路57號,22.554466,120.539072
東皇宮,孔府千歲,屏東縣潮州鎮光華里光華路182號,22.546161,120.543081
北極殿,玄天上帝,屏東縣潮州鎮蓬萊里江山路18號,22.5523807,120.5260337
玄天宮,北極玄天上帝,屏東縣潮州鎮光華里光華路217-1號,22.546901,120.542735
民主宮,民主千歲,屏東縣潮州鎮蓬萊里榮田路152之3號,22.5519364,120.5335093
尊聖堂,玉皇大帝,屏東縣潮州鎮三共里四維路507巷535號,22.561586,120.552898
天台寶宮,呂仙祖,屏東縣潮州鎮三共里重義巷50號,22.5614652,120.5411479
城隍廟,縣城隍,屏東縣潮州鎮三星里壽星路24號,22.5537948,120.5514308
慈峰宮,白府千歲,屏東縣潮州鎮同榮里西市路33號,22.5507445,120.5406133
東隆宮,溫府千歲,屏東縣潮州鎮三共里力行巷18號,22.5515526,120.5438235
玉敕尊王宮,保安廣澤尊王,屏東縣潮州鎮永春里光春路143號,22.542905,120.537813
五靈宮,濟公活佛,屏東縣潮州鎮永春里自由路153號,22.5421034,120.5344709
八聖宮,觀音佛祖,屏東縣潮州鎮八爺里環龍路1號,22.538089,120.529187
妙光寺,準提菩薩,屏東縣潮州鎮八爺里曲振路11-2號,22.538379,120.527377
覺慧寺,釋迦牟尼佛,屏東縣潮州鎮富春里田單路15號,22.55,120.5333333
道明壇,黃道老仙師,屏東縣潮州鎮光春里仙林路1號,22.523859,120.5337792
福惠宮,福德正神,屏東縣潮州鎮光春里光明路10號,22.539161,120.538413
仙天道宮,太上老君,屏東縣潮州鎮五魁里太平路407號,22.55973,120.53322
棋興宮,觀音佛祖,屏東縣潮州鎮興美里3鄰興中路,22.511612,120.533152
朱安宮,朱府千歲,屏東縣潮州鎮檨子里光復路一段40巷37號,22.5099362,120.5336574
震雷宮,雷府千歲,屏東縣潮州鎮光春里光春路403-1號,22.536776,120.539788
天王殿,西極天王,屏東縣潮州鎮光春里光明路49號,22.538123,120.53724
東安宮,五府千歲,屏東縣潮州鎮光春里光復路162號,22.5384314,120.5354487
無極總堂,西王金母,屏東縣潮州鎮三星里壽星路60號,22.5550541,120.5511138
忠義祠,忠義將軍,屏東縣潮州鎮三星里忠義路101號,22.5518884,120.5505165
佛光真細心堂,瑤池金母,屏東縣潮州鎮蓬萊里瑞豐路28號,22.5540207,120.5263996
崙興宮,關聖帝君,屏東縣潮州鎮崙東里崙東路435-1號,22.534793,120.5549524
潮州福安宮,福德正神,屏東縣潮州鎮同榮里西寺路2號,22.5515565,120.543021
潮州天營宮,丁府王爺,屏東縣潮州鎮新榮里民治路1號,22.5467484,120.5352945
清淨堂,觀音大世,屏東縣潮州鎮光華里光華路130-2號,22.544705,120.544259
東善堂,朱府千歲,屏東縣潮州鎮崙新路,22.55,120.5333333
佛祖救世宮,觀音大世,屏東縣潮州鎮崙東里崙新南路38-1號,22.520139,120.574682
慈龍宮,濟公禪師,屏東縣潮州鎮九塊里復興路134巷30號,22.5204225,120.56144
禪宗達摩禪寺,釋迦牟尼佛,屏東縣潮州鎮崙東里新開路601號,22.5267545,120.5752855
南天聖南宮,文衡聖君,屏東縣潮州鎮三星里三星路1-7號,22.545975,120.551897
聖德魯班廟,巧聖先師,屏東縣潮州鎮彭城里彭城路151號,22.535676,120.551436
天慈慈惠堂,西王金母,屏東縣潮州鎮永春里武昌街256-2號,22.545573,120.535484
萬福德靈宮,三法司,屏東縣潮州鎮九塊里中華路19-1號,22.5179734,120.5669639
三山宮,三山國王,屏東縣潮州鎮三星里三星路38-4號,22.547998,120.553236
文衡殿,關聖帝君,屏東縣潮州鎮富春里田新路20號,22.53959,120.539659
三共里福德祠,福德正神,屏東縣潮州鎮三共里重義巷33-1號,22.5623132,120.544003
永興宮,福德正神,屏東縣潮州鎮八爺里萬壽路100號,22.5387089,120.5307881
武安宮,武安尊王,屏東縣潮州鎮興美里武丁路69-1號,22.5158312,120.52921
武聖宮,關聖帝君,屏東縣潮州鎮彭城里彭城路223巷98號,22.534491,120.552171
普門講堂,釋迦牟尼佛,屏東縣萬巒鄉萬全村竹雲巷1號,22.5739345,120.5722084
竹雲庵,觀世音菩薩,屏東縣萬巒鄉萬全村竹雲巷3號,22.5739345,120.5722084
志成佛寺,觀世音佛祖,屏東縣萬巒鄉鹿寮村永康路31號,22.5609535,120.5635587
映泉禪寺,釋迦牟尼佛,屏東縣萬巒鄉五溝村東興路33號,22.591988,120.598267
三山國王宮,三山國王,屏東縣萬巒鄉泗溝村永平路97號,22.5932263,120.5794985
國王廟,三山國王,屏東縣萬巒鄉鹿寮村永康路37號,22.561349,120.564077
天靈宮,天上聖母,屏東縣萬巒鄉萬巒村中正路145號,22.573031,120.567832
慈濟宮,天上聖母,屏東縣萬巒鄉赤山村東山路175號,22.5882951,120.6102625
聖岳宮,天上聖母,屏東縣萬巒鄉泗溝村永全路51號,22.5884499,120.5816635
西方道堂,王老仙師,屏東縣萬巒鄉新厝村富山路1號,22.5688493,120.617113
玄明廟,玄天上帝,屏東縣萬巒鄉萬全村高崗路1號,22.5683337,120.5791147
佳和宮,李府千歲,屏東縣萬巒鄉佳和村佳和路34號,22.5776046,120.5966078
福攸宮,福德正神,屏東縣萬巒鄉泗溝村永全路51號,22.5884499,120.5816635
萬巒莊福德祠,福德正神,屏東縣萬巒鄉萬巒村褒忠路211號,22.575528,120.568086
慈雲堂,關聖帝君,屏東縣萬巒鄉五溝村東興路25號,22.588913,120.59903
廣泉堂,關聖帝君,屏東縣萬巒鄉五溝村東興路34號,22.591988,120.598267
圓融禪寺,釋迦牟尼佛,屏東縣萬巒鄉新厝村清安路53號,22.5790923,120.6290035
武平忠孝祠,大德定光古佛,屏東縣萬巒鄉新置村新榮路74-1號,22.5344747,120.6227575
國王廟,三山國王,屏東縣萬巒鄉新置村,22.5346478,120.6142365
三皇宮,神農大帝,屏東縣萬巒鄉萬金村,22.5849127,120.617113
明道宮,中壇元帥,屏東縣萬巒鄉鹿寮村三多路,22.563852,120.556002
神農宮,神農大帝,屏東縣萬巒鄉五溝村大林路,22.5856018,120.6008193
悟心堂,觀音菩薩,屏東縣萬巒鄉成德村恭寬路20號,22.6055445,120.6010933
福德宮,土地公,屏東縣萬巒鄉佳和村光明路,22.577443,120.599562
普願寺,華嚴三聖,屏東縣萬巒鄉新置村新光路142號,22.5346478,120.6142365
紫微寶殿,三官大帝,屏東縣萬巒鄉成德村新安路18號,22.640796,120.6263851
蓮華寺,西方三聖,屏東縣萬巒鄉新厝村新平路67號,22.5697739,120.6078628
淨土寺,觀音佛祖,屏東縣崁頂鄉港東村新厝路88號,22.4966418,120.4775351
南天宮,中壇元帥,屏東縣崁頂鄉園寮村南進巷30號,22.5076992,120.4591821
北極宮,玄天上帝,屏東縣崁頂鄉崁頂村中正路99-1號,22.5145699,120.5132108
洲隆宮,朱府千歲,屏東縣崁頂鄉洲子村廟前路7號,22.5299102,120.4959123
北院廟,清水祖師,屏東縣崁頂鄉力社村舊店路61號,22.541469,120.513026
竹福堂,福德正神,屏東縣崁頂鄉圍內村大庭路16號,22.5363581,120.5058815
南海紫竹宮,翠屏娘娘,屏東縣崁頂鄉圍內村竹圍路16-1號,22.537254,120.508517
港隆宮,盧府千歲,屏東縣崁頂鄉港東村平和南路67號,22.5002273,120.4754688
南望安福德祠,福德正神,屏東縣崁頂鄉園寮村南州路125-6號,22.4980931,120.5094883
天聖宮,天上聖母,屏東縣崁頂鄉越溪村復興路6號,22.4905654,120.4950499
泰佛宮,觀音菩薩,屏東縣崁頂鄉北勢村後?路27號,22.5108024,120.4847242
朱池隆壇,朱府千歲,屏東縣崁頂鄉崁頂村中正路地號583號,22.514891,120.514014
龍潭寺,觀世音菩薩,屏東縣新埤鄉餉潭村龍潭路2號,22.4760224,120.6159026
高恩寺,釋迦牟尼佛,屏東縣新埤鄉建功村三民路160號,22.480229,120.5614601
淨土寺,釋迦牟尼佛,屏東縣新埤鄉新埤村西巷路10號,22.470169,120.54976
三山國王廟,三山國王,屏東縣新埤鄉新埤村新華路49號,22.4665632,120.5497435
打鐵村天后宮,媽祖,屏東縣新埤鄉打鐵村東興路129號,22.4945,120.548101
三聖宮,中壇元帥,屏東縣新埤鄉南豐村南和路46號,22.498957,120.555799
坤元宮,上帝公,屏東縣新埤鄉箕湖村進化路122號,22.4650803,120.6039342
馬正宮,馬府千歲,屏東縣新埤鄉萬隆村太平路60-10號,22.507334,120.5912217
三官殿,三官大帝,屏東縣南州鄉同安村三千路10-6號,22.4772228,120.5365003
南清宮,水僊尊王,屏東縣南州鄉溪南村人和路1巷2號,22.487949,120.509203
北極殿,玄天上帝,屏東縣南州鄉同安村牛埔路2號,22.47437,120.522277
北極殿,北極玄天上帝,屏東縣南州鄉南安村社邊路12號,22.464823,120.513615
武當廟,玄天上帝,屏東縣南州鄉同安村同安路34號,22.4729812,120.5251796
福安宮,北極玄天上帝,屏東縣南州鄉萬華村萬華路6巷4號,22.464852,120.504771
朝天府,朱府千歲,屏東縣南州鄉壽元村勝利路40號,22.4915521,120.5381094
溪州代天府,朱府千歲,屏東縣南州鄉溪州村人和路170號,22.490403,120.509878
如意宮,吳府千歲,屏東縣南州鄉仁里村人和路2巷8號,22.4890705,120.5115521
南意宮,吳府千歲,屏東縣南州鄉米崙村光華路151號,22.482652,120.521416
神龍宮,龍樹尊王,屏東縣南州鄉米崙村中興路59號,22.4838579,120.516503
精明寶宮,觀世音菩薩,屏東縣南州鄉米崙村精明路51號,22.4876011,120.5231369
浮隆宮,浮池祖師,屏東縣南州鄉七塊村復興路14號,22.490333,120.495113
永安宮,李府千歲,屏東縣南州鄉溪北村永安路三巷34號,22.4952109,120.515126
神農宮,神農大帝,屏東縣南州鄉南州鄉南安村神農路79號,22.490403,120.509878
福安宮,福德正神,屏東縣南州鄉同安村三千路,22.4774832,120.5371114
萬華村福德祠,福德正神,屏東縣南州鄉萬華村萬華路69號,22.4640939,120.5043623
北朝宮,萬善爺,屏東縣南州鄉南安村社邊路,22.464823,120.513615
忠興堂,觀世音菩薩章府千歲,屏東縣南州鄉米崙村精明路2號,22.488379,120.521246
鎮安堂,吳府千歲,屏東縣南州鄉七塊村文化路二巷1-2號,22.484331,120.502672
振興堂,李府千歲,屏東縣南州鄉溪北村仁里路101號,22.4920705,120.5115342
萬善廟,萬善公婆,屏東縣南州鄉七塊村,22.4816082,120.4962417
萬興莊福德祠,土地公,屏東縣南州鄉七塊村,22.4816082,120.4962417
福德祠,福德正神,屏東縣南州鄉七塊村,22.4816082,120.4962417
清元宮,朱府千歲,屏東縣南州鄉壽元村,22.4872098,120.5336665
福安宮,土地公,屏東縣南州鄉神農路15號,22.4671372,120.5206271
大埔福德宮,福德正神,屏東縣南州鄉萬華村大埔路,22.4807605,120.5106913
彌陀寺,釋迦牟尼佛,屏東縣南州鄉溪南村3鄰人和路3巷6號,22.488193,120.508887
朝清宮,朱府千歲,屏東縣南州鄉壽元村,22.4872098,120.5336665
五顯宮,五福大帝,屏東縣南州鄉南州鄉米崙村中興路64號,22.483666,120.517219
妙林寺,釋迦牟尼佛,屏東縣林邊鄉永樂村中山路278號,22.4376298,120.5124521
超峰寺,觀世音菩薩,屏東縣林邊鄉永樂村美華路三巷1號,22.4372634,120.5173765
忠福宮,三山國王,屏東縣林邊鄉林邊村忠孝路6號,22.4339275,120.5183352
靈善堂,三山國王,屏東縣林邊鄉光林村信義路10號,22.4255478,120.5144284
放索安瀾宮,天上聖母,屏東縣林邊鄉水利村豐作路91號,22.4211351,120.5044778
慈濟宮,天上聖母,屏東縣林邊鄉林邊村中林路68號,22.433482,120.517681
林邊道一寶島真水壇,西王金母,屏東縣林邊鄉仁和村中山路435號,22.438426,120.511367
舉善堂,朱府千歲,屏東縣林邊鄉竹林村中興路一巷13號,22.461063,120.530891
竹隆宮,李府將軍,屏東縣林邊鄉竹林村中興路26號,22.461063,120.530891
鎮安宮,岳府千歲,屏東縣林邊鄉鎮安村永和路122號,22.4564421,120.5034783
神農宮,神農大帝,屏東縣林邊鄉光林村仁愛路2巷14號,22.4323088,120.5168594
佛山寺,清水祖師,屏東縣林邊鄉永樂村榮農路五巷40號,22.4388569,120.516447
萬勝宮,陳府元帥,屏東縣林邊鄉竹林村勝利路16-10號,22.445739,120.520716
天錫堂,關聖帝君,屏東縣林邊鄉鎮安村中正路28號,22.449162,120.503535
普龍殿,池府千歲,屏東縣林邊鄉水利村豐作路71-1號,22.4211351,120.5044778
福德宮,福德正神,屏東縣林邊鄉林邊鄉田厝段290-3號,22.439381,120.514293
開台延平郡王祠,開台聖王,屏東縣林邊鄉林邊鄉堤防路15-1號,22.439381,120.514293
天隆宮,李府將軍,屏東縣林邊鄉竹林村下庄路64號,22.454463,120.522922
鎮安代天宮,吳府千歲,屏東縣林邊鄉鎮安村中正路54-1號,22.4537447,120.5037193
下庄福德宮,福德正神,屏東縣林邊鄉竹林村下庄路,22.454463,120.522922
代天府,池府千歲,屏東縣林邊鄉仁和村中山路1巷16號,22.4328933,120.5154536
中天殿,池府千歲,屏東縣林邊鄉水利村豐漁路175號,22.420638,120.5036162
明德堂,觀音佛祖,屏東縣東港鎮東隆街49號,22.4642124,120.4488396
海宮,七府王爺,屏東縣東港鎮鎮海里鎮海路42-5號,22.461655,120.442311
東港朝隆宮,天上聖母,屏東縣東港鎮延平路108號,22.4670387,120.4478247
朝隆聖堂,天上聖母,屏東縣東港鎮新生路三路111號,22.4666667,120.4544444
九龍宮,司命灶君,屏東縣東港鎮興農路28號,22.4915913,120.4788053
東隆壇,江府千歲,屏東縣東港鎮頂新里延平路49號,22.469111,120.450201
南隆宮,朱王爺,屏東縣東港鎮南平里67號,22.4435201,120.4732056
慈峰宮,朱府千歲,屏東縣東港鎮興漁里興漁街167-3號,22.4613035,120.4466034
震靈宮,朱府千歲,屏東縣東港鎮盛漁里89-1號,22.461521,120.4462049
舊嘉蓮宮,朱府千歲,屏東縣東港鎮嘉蓮里嘉蓮路80-2號,22.457062,120.450029
靈帝殿,何府千歲,屏東縣東港鎮盛漁街1號,22.4666667,120.4544444
鎮南宮,李府千歲,屏東縣東港鎮新勝里新勝街19號,22.4676635,120.452242
共心堂,刑府千歲,屏東縣東港鎮興漁里興漁街134號,22.4613035,120.4466034
共心堂,刑府千歲,屏東縣東港鎮南平里69號,22.4435201,120.4732056
共和堂,刑王爺,屏東縣東港鎮共和街17-1號,22.462998,120.449503
共善堂,刑府千歲,屏東縣東港鎮頂中街16號,22.4693239,120.450828
金茄萣港大清府,茅府千歲,屏東縣東港鎮嘉蓮里嘉蓮路30-1號,22.454708,120.448947
臺灣省東港東隆宮,溫府千歲,屏東縣東港鎮東隆里東隆街21-1號,22.4630759,120.4487658
溫府正修堂,溫府千歲,屏東縣東港鎮東隆里光復路三段191-1號,22.463618,120.447558
大潭保安宮,保生大帝,屏東縣東港鎮大潭里(路)17-9號,23.348718,120.1791017
神農宮,神農大帝,屏東縣東港鎮新勝里新基街85巷31號,22.468671,120.451822
忠烈宮,開台聖王,屏東縣東港鎮鎮海路23號,22.462935,120.442191
東福殿城隍廟,城隍尊神,屏東縣東港鎮盛漁里延平路319號,22.4631994,120.4446559
建安宮,清水祖師,屏東縣東港鎮下部里下部路135號,22.463843,120.492089
福安宮,福德正神,屏東縣東港鎮八德里延平路209號,22.4652,120.446997
福安宮,福德正神,屏東縣東港鎮船頭里船頭路33號,22.463809,120.467247
萬善堂,萬善公,屏東縣東港鎮共和里共興1街1號,22.4624079,120.4548457
三興殿興善堂,關聖帝君,屏東縣東港鎮興東里成功路76號,22.4671303,120.4559997
鎮靈宮,關聖帝君,屏東縣東港鎮新基街68號,22.467892,120.452448
保安寺,佛祖,屏東縣東港鎮興東里興東路46號,22.479288,120.464982
三隆宮,觀世音佛祖,屏東縣東港鎮興和里興和路130號,22.488753,120.48635
高天聖殿,高武大帝,屏東縣東港鎮興東里興東路179之110號,22.474983,120.465302
紫微宮,天上聖母,屏東縣東港鎮南平里南平路65-1號,22.4322288,120.4812781
聖德宮,姚府千歲,屏東縣東港鎮豐漁里於豐漁街18-1號,22.4642787,120.4426043
金善堂,土地公,屏東縣東港鎮南平里南興路210之3號,22.4407329,120.4661458
保安堂,上帝公,屏東縣東港鎮大潭里大潭路84號,22.4563925,120.4836275
香吉堂,田府元帥,屏東縣東港鎮八德里福德街69號,22.463266,120.44681
同安堂,五府千歲,屏東縣東港鎮八德里通明街1號,22.464912,120.448629
大潭保安玉天宮,封府千歲,屏東縣東港鎮大潭里大潭路5-3號,22.454539,120.490536
正德堂,福德正神,屏東縣東港鎮大潭里大潭路40之1號,22.464243,120.492915
東興宮,朱府千歲,屏東縣東港鎮興農里(路)69-8號,22.4991384,120.4893775
震隆宮,朱府千歲,屏東縣東港鎮盛漁里興漁街83號,22.4619097,120.4467724
天眼龍井堂,保生大帝,屏東縣東港鎮大潭里20號,22.4506504,120.4904831
東南宮,劉府千歲,屏東縣東港鎮東港鎮東隆里共和街1號,22.462298,120.450694
東津隱善堂,濟公禪師,屏東縣東港鎮興東里興東路252號,22.478087,120.466684
代天府中和宮,枉死城城主,屏東縣東港鎮盛漁里街77號,22.461521,120.4462049
明善堂,濟公禪師,屏東縣東港鎮興漁里街62號,22.473273,120.4595951
東津碧靈堂,徐府三千歲,屏東縣東港鎮東隆里共和街2-7號,22.463371,120.44912
船頭里太子宮,三太子,屏東縣東港鎮船頭里路66號,22.4714885,120.4571631
下部里超峰寺,觀音大世,屏東縣東港鎮下部里路1號,22.4664052,120.4437063
東津天后宮,主母娘娘,屏東縣東港鎮船頭里路76號,22.4651158,120.4660059
三姓祠,三姓宮,屏東縣東港鎮安漁里,22.4666667,120.4544444
東修堂,池府三千歲,屏東縣東港鎮東隆里共和街,22.462124,120.4507
碧雲寺,觀音佛祖,屏東縣琉球鄉大福村和平路61號,22.3347704,120.3717869
靈山寺,觀世音菩薩,屏東縣琉球鄉本福村民族路20號,22.3521515,120.3788589
三仙宮,三仙女,屏東縣琉球鄉本福村民權路44-1號,22.3454826,120.3768608
三隆宮,三府千歲,屏東縣琉球鄉本福村中山路45號,22.348382,120.378361
騰風宮,大眾千歲,屏東縣琉球鄉中福村三民路310號,22.3522068,120.3832093
天仙宮,天官大帝,屏東縣琉球鄉南福村中正路92-3號,22.3329481,120.3644516
水興宮,水仙尊王,屏東縣琉球鄉大福村仁愛路41號,22.337999,120.3761196
水仙宮,水僊尊王,屏東縣琉球鄉本福村中山路223號,22.348382,120.378361
五王宮,李府千歲,屏東縣琉球鄉南福村忠孝路74-1號,22.3270668,120.3624665
五隆宮,李府千歲,屏東縣琉球鄉天福村信義路15號,22.3289744,120.3569443
池隆宮,池府千歲,屏東縣琉球鄉漁福村三民路83號,22.3500268,120.3866238
姚池宮,姚池千歲,屏東縣琉球鄉南福村中正路205號,22.3329481,120.3644516
廣山隆,黃元帥,屏東縣琉球鄉本福村民族路51號,22.353398,120.381182
福安宮,福德正神,屏東縣琉球鄉大福村仁愛路43號,22.337999,120.3761196
福安宮,福德正神,屏東縣琉球鄉南福村忠孝路2號,22.3270668,120.3624665
福安宮,福德正神,屏東縣琉球鄉天福村中正路64號,22.3329481,120.3644516
福泉宮,福德正神,屏東縣琉球鄉中福村三民路282號,22.3522068,120.3832093
幸山寺,廣澤尊王,屏東縣琉球鄉本福村民族路36號,22.353398,120.381182
萬應公廟,萬應公,屏東縣琉球鄉杉福村復興路132號,22.3465846,120.3697443
聖后宮,天上聖母,屏東縣琉球鄉大福村和平路58號,22.3347704,120.3717869
朝天宮,天上聖母,屏東縣琉球鄉上福福村四鄰中華路11-10號,22.3416667,120.3694444
朝慈宮,天上聖母,屏東縣琉球鄉中福村三民路7巷43號,22.350935,120.38335
三興宮,黃府千歲,屏東縣琉球鄉上福村中華路75-20號,22.3441297,120.3685764
黃隆宮,黃府千歲,屏東縣琉球鄉杉福村復興路,22.3465846,120.3697443
玄德宮,池王,屏東縣琉球鄉大福村中正路,22.3380249,120.3693176
南天宮,齊天大聖,屏東縣琉球鄉大福村和平路54-6號,22.3347704,120.3717869
佛頂山朝聖寺,阿彌陀佛,屏東縣琉球鄉中山路16號,22.3477762,120.3780397
南山巖王母宮金都府,二元帥,屏東縣琉球鄉大福村仁愛路,22.337999,120.3761196
佛池寺,觀音大世,屏東縣琉球鄉大福村和平路19號,22.3347704,120.3717869
王母宮,瑤池金母,屏東縣琉球鄉上福村中華路51號,22.3441297,120.3685764
代清宮,七府千歲,屏東縣琉球鄉上福村中華路25-7號,22.3441297,120.3685764
城隍廟,城隍尊神,屏東縣琉球鄉中福村三民路198-13號,22.3522068,120.3832093
華山代天宮,五府千歲,屏東縣琉球鄉大福村和平路3巷55號,22.3309609,120.3695837
超聖禪寺,釋迦佛像,屏東縣佳冬鄉萬建村大同路669巷61號,22.423779,120.55937
慈恩寺,藥師琉璃光佛,屏東縣佳冬鄉佳冬村佳冬路78號,22.4170878,120.5552528
三山國王宮,三山國王,屏東縣佳冬鄉豐隆村大東路20-3號,22.4529477,120.5483554
賴家村國王宮,三山國王,屏東縣佳冬鄉賴家村大平路21號,22.409024,120.5590855
廣惠宮,三山國王,屏東縣佳冬鄉玉光村中山路121號,22.429642,120.5628319
神農宮,五谷仙帝爺,屏東縣佳冬鄉萬建村大同路98號,22.427451,120.5618463
神農宮,五谷先帝,屏東縣佳冬鄉昌隆村中正路5號,22.4466833,120.5610623
德安池王府,李王,屏東縣佳冬鄉塭豐村南寮路73巷2號,22.4059113,120.532045
萬壽宮,保生大帝,屏東縣佳冬鄉燄溫村烔興路1號,22.4221899,120.5249272
慈慧宮,觀音佛祖,屏東縣佳冬鄉塭豐村塭田路195號,22.4116458,120.5218664
福園宮,觀音佛祖,屏東縣佳冬鄉羌園村內館路25號,22.4310747,120.5260755
福隆宮,溫王爺,屏東縣佳冬鄉大同村武丁路75號,22.4524225,120.538257
千山公侯宮,三山國王,屏東縣佳冬鄉佳冬村啟南路57號,22.4176787,120.5503132
真王宮,李府千歲,屏東縣佳冬鄉羌園村2鄰四塊路,22.4338391,120.5377459
九天宮,司命灶君,屏東縣佳冬鄉賴家村12鄰葫爐尾,22.4024537,120.5495753
福德祠,福德正神,屏東縣佳冬鄉賴家村葫爐路12鄰,22.402763,120.547272
泰明寺,釋迦牟尼,屏東縣佳冬鄉豐隆村大豐路745號,22.4412798,120.5642076
普興宮,普唵佛祖,屏東縣佳冬鄉塭豐村佳豐路399號,22.4130745,120.5371969
慈濟堂,明明上帝,屏東縣佳冬鄉石光村中山路252號,22.4380054,120.563159
佛音寺道心堂,觀音大世,屏東縣佳冬鄉豐隆村西昌路18-80號,22.4496933,120.5594884
代天宮,天上聖母,屏東縣佳冬鄉燄塭村北興路34-18號,22.427078,120.5394232
三聖慈善堂,觀音大世,屏東縣佳冬鄉玉光村中心路41號,22.4254043,120.566764
慈興殿,廣澤尊王,屏東縣佳冬鄉燄塭村泂興路3-8號,22.427078,120.5394232
金鐘寺,三寶佛祖,屏東縣新園鄉瓦瑤村四環路113號,22.5536882,120.4750734
東津紫竹林慈性佛堂,觀世音菩薩,屏東縣新園鄉鹽埔村鹽洲路448號,22.483372,120.443296
新惠宮,天上聖母,屏東縣新園鄉新東村平和路250號,22.526816,120.453828
港隆宮,天上聖母,屏東縣新園鄉港墘村港漧路17號,22.534588,120.467114
龍聖宮,天上聖母,屏東縣新園鄉烏龍村龍頭路46-2號,22.492578,120.460838
雙龍宮,四府千歲,屏東縣新園鄉瓦?村後厝路16之12號,22.5513249,120.4690443
玄武殿,玄天上帝,屏東縣新園鄉南龍村南龍路77號,22.484854,120.4577272
新興宮,池府千歲,屏東縣新園鄉鹽埔村中正路170號,22.4791574,120.4404656
洲安宮,李府將軍,屏東縣新園鄉中洲村中山路61號,22.4887726,120.463518
仙隆宮,神農大帝,屏東縣新園鄉仙吉村仙隆路51號,22.5459041,120.4542528
澄瀛宮,鹽府千歲,屏東縣新園鄉五房村福德路73號,22.5044327,120.436402
赤山巖,釋迦佛祖,屏東縣新園鄉田洋村21鄰巖仔路1號,22.55547,120.452981
東林寺,釋迦佛祖,屏東縣新園鄉田洋村岩仔路2號,22.55547,120.452981
南光寺,地藏王菩薩,屏東縣新園鄉田洋村仙鯉路5號,22.5537025,120.4489497
後隆宮,池府千歲,屏東縣新園鄉瓦瑤村後厝路37號,22.5513249,120.4690443
福德祠,福德正神,屏東縣新園鄉瓦?村下瓦路1-12號,22.5453846,120.4766193
福德祠,福德正神,屏東縣新園鄉仙吉村興安一巷,22.530743,120.461151
田隆宮,上帝宮,屏東縣新園鄉田洋村田南路63號,22.5436486,120.4529298
新隆宮,溫府千歲,屏東縣新園鄉新園村媽祖三巷68號,22.5267336,120.4496865
萬應公廟,萬應公,屏東縣新園鄉新東村新東路,22.530314,120.45308
雲霄寺,紀大帝,屏東縣新園鄉烏龍村龍頭路622號,22.492527,120.460404
大聖公廟,大聖公媽,屏東縣新園鄉烏龍村中興一巷7號,22.4907911,120.462857
龍壽宮,陳奶夫人,屏東縣新園鄉龍興村中興三巷39號,22.543858,120.461551
龍山寺,觀音菩薩,屏東縣新園鄉興龍村龍壽路6號,22.4894134,120.4627367
東嶽殿,東嶽大帝,屏東縣新園鄉中洲村中山路80-1號,22.4897116,120.4634597
福安宮,福德正神,屏東縣新園鄉共和村光復路195-3號,22.4755833,120.4411304
紫雲宮,觀音佛祖,屏東縣新園鄉鹽埔村中正路231號,22.4791574,120.4404656
興進宮,金府千歲,屏東縣新園鄉共和村光復路154號,22.4748549,120.4424221
福隆宮,三代祖師,屏東縣新園鄉瓦瑤村四環路89-1號,22.5536882,120.4750734
聖賢殿,吳府千歲,屏東縣新園鄉港西村中和路126號,22.5090902,120.4564237
代天府明聖宮,池府千歲,屏東縣新園鄉興龍村龍壽路8號,22.4894134,120.4627367
淨修精舍,釋迦牟尼佛,屏東縣新園鄉新龍村臥龍路572-120號,22.493765,120.4516016
南佛宮,觀音大世,屏東縣新園鄉新園村港崗路26號,22.5205825,120.4520275
進海宮,水遷尊王,屏東縣新園鄉鹽新段,22.543858,120.461551
普陀山普願寺,釋迦牟尼佛,屏東縣新園鄉港西村興安路4-1號,22.5119939,120.463225
港隆宮,朱府千歲,屏東縣新園鄉港西村北興路36唬,22.5126913,120.4607289
東隆宮,溫府千歲,屏東縣新園鄉興隆村興清路6號,22.488938,120.459693
建興寺,觀世音菩薩,屏東縣枋寮鄉人和村中華路26號,22.3963676,120.6040484
天德宮,天上聖母,屏東縣枋寮鄉內寮村瓦瑤路60號,22.3830832,120.6156748
枋寮德興宮,天上聖母,屏東縣枋寮鄉枋寮村德興路112號,22.3661823,120.592973
北玄宮,玄天上帝,屏東縣枋寮鄉東海村北玄街286號,22.401594,120.57403
臺灣省北勢寮保安宮,保生大帝,屏東縣枋寮鄉中寮村保安路215號,22.3615782,120.5969096
五龍寺,廣澤尊王,屏東縣枋寮鄉地利村復興路167號,22.3888977,120.5955822
隆山宮,溫府千歲,屏東縣枋寮鄉隆山村隆山路135號,22.3671849,120.6097167
慈隆宮,觀音佛祖,屏東縣枋寮鄉太源村太源路,22.4056651,120.5920887
神農宮,神農大帝,屏東縣枋寮鄉人和村建興路111號,22.3862496,120.5987075
水底寮保安宮,保生大帝,屏東縣枋寮鄉人和村三民路260巷18號,22.383333,120.598068
正善五王宮,五府千歲,屏東縣枋寮鄉人和村民生路65號,22.385702,120.595948
青山府,徐府千歲,屏東縣枋寮鄉隆山村中山路2-6號,22.364811,120.59643
保安萬靈宮,萬應公,屏東縣枋寮鄉新龍村義民路2-1號,22.369754,120.591511
龍西堂,池府千歲,屏東縣枋寮鄉天時村復興路48巷,22.3916812,120.5979941
鄭聖廟,東嶽大帝,屏東縣枋寮鄉大源村中山路三段135-1號,22.3656111,120.5935833
分真南方照眾寺,觀世音妙佛,屏東縣枋寮鄉地利村沿海路23巷20號,22.3663753,120.5917899
龍安寺,觀世音菩薩,屏東縣枋寮鄉隆山村中正大路66-1號,22.3722416,120.6037225
福德宮,土地公,屏東縣枋寮鄉玉泉村玉泉路26號,22.4237354,120.6173686
慈天宮,順天聖母,屏東縣枋寮鄉隆山村金榮路101號,22.3574149,120.6200736
玄天宮,玄天上帝,屏東縣枋寮鄉新開村中庄路42號,22.3993267,120.622596
大庄村保安堂,李府千歲,屏東縣枋寮鄉大庄村番仔崙橋堤旁,22.3934238,120.5595696
保寧宮,黃府太保,屏東縣枋寮鄉人和村中華路178巷18號,22.3850394,120.5983462
鎮南堂,吳府千歲,屏東縣枋寮鄉內寮村路23號,22.389333,120.597532
福德祠,福德正神,屏東縣枋寮鄉新開村中庄路,22.3993267,120.622596
新龍宮,五顯大帝,屏東縣枋寮鄉新龍村義民路79號,22.369754,120.591511
如喜宮,五府千歲,屏東縣枋寮鄉東海村東海路363巷15號,22.40089,120.574515
玄靈宮文明堂,中壇玄師,屏東縣枋寮鄉東海村北玄街202巷23號,22.401594,120.57403
內寮村山神廟,土地公,屏東縣枋寮鄉內寮村福德巷,22.3528706,120.6127862
內寮村萬應媽廟,萬應媽,屏東縣枋寮鄉北勢寮段460號,22.3656111,120.5935833
北玄宮中營,中壇元帥,屏東縣枋寮鄉東海村北玄街280號旁,22.401594,120.57403
廣澤宮,廣澤尊王,屏東縣枋寮鄉新龍村義民路227號,22.369754,120.591511
義士爺廟,義士爺,屏東縣枋寮鄉東海村北旗尾段298號,22.4005437,120.5768354
福德祠,福德正神,屏東縣枋寮鄉太源村太源路旁,22.4056651,120.5920887
福德宮,福德正神,屏東縣枋寮鄉新龍村義民路4-16號,22.369754,120.591511
東海村福德祠,福德正神,屏東縣枋寮鄉東海村南山路536號,22.3960288,120.5703592
佛頂寺,釋迦牟尼佛,屏東縣枋寮鄉內寮村頂營二路5-1號,22.387865,120.613095
五興宮,朱府千歲,屏東縣枋寮鄉天時村公正路36號,22.3916872,120.5976974
慈善堂,朱府千歲,屏東縣枋寮鄉地利村莊敬路23巷12號,22.388873,120.597703
三慧精舍,西方三聖,屏東縣枋寮鄉隆山村路453號,22.3577907,120.6214277
浩昌講堂,彌樂祖師,屏東縣枋寮鄉隆山村路416號,22.3577907,120.6214277
天意宮,吳府千歲,屏東縣枋寮鄉中寮村保安路55號,22.3585731,120.5995637
東龍宮,田中將軍,屏東縣枋寮鄉隆山村橋德路208號,22.3577907,120.6214277
仙公媽廟,仙公媽,屏東縣枋寮鄉太源村中山路3段102號附近,22.4110218,120.5862798
鳳安宮,廣澤尊王,屏東縣枋山鄉枋山村莿桐路168號,22.2522608,120.6577749
佛光千明聖庵,觀世音菩薩,屏東縣枋山鄉枋山村糖(部)路1號,22.2552913,120.6573779
天師府,張天師,屏東縣枋山鄉加祿村會社路49-2號,22.330971,120.624621
枋山代天千歲府,黃府千歲,屏東縣枋山鄉枋山村國中路29巷13-1號,22.2637773,120.652548
無極圓融聖帝壇,玉皇大帝,屏東縣枋山鄉枋山村莿桐路1-1號,22.2522608,120.6577749
萬應公祠,萬應公,屏東縣枋山鄉加祿村嘉和路170號,22.323805,120.626395
金山福安宮,福德正神,屏東縣春日鄉春日段445號山地保留地,22.3851778,120.6890055
圓東庵,釋迦牟尼佛,屏東縣獅子鄉獅子鄉楓林三巷2號,22.2014422,120.7053017
龍峰寺,觀世音菩薩,屏東縣獅子鄉獅子鄉楓林村637號,22.2014422,120.7053017
台灣普濟禪寺,觀音大世,屏東縣獅子鄉楓林段632號,22.202438,120.705181
三清宮,三清道祖,屏東縣獅子鄉古道段,22.2471686,120.734995
青龍寺,釋迦觀音文殊普賢,屏東縣車城鄉溫泉村內埔路40-1號,22.080875,120.7488916
保安宮,保生大帝,屏東縣車城鄉保力村褒忠路38號,22.0562013,120.7230856
代巡宮,五府千歲,屏東縣車城鄉射寮村射寮路128號,22.0533005,120.7104191
天鳳宮,天上聖母,屏東縣車城鄉後灣村後灣路97號,22.0316752,120.6888715
代天宮,池府千歲,屏東縣車城鄉海口村海口路40號,22.0861067,120.7158711
保安宮,三山國王爺,屏東縣車城鄉新街村新街路69巷10-2號,22.0603909,120.7134395
福安宮,福德正神,屏東縣車城鄉福安村福安路51號,22.0712813,120.7115611
福泉宮,福德正神,屏東縣車城鄉溫泉村溫泉路43-1號,22.0933961,120.747782
福德宮,福德正神,屏東縣車城鄉保力村龍井路85-1號,22.0576996,120.7265855
福興宮,福德正神,屏東縣車城鄉新街村新街路102號,22.0603909,120.7134395
統埔鎮安宮,關聖帝君,屏東縣車城鄉統埔村統埔路54-6號,22.072683,120.7308329
集英宮,英靈祖師,屏東縣車城鄉溫泉村溫泉路57-20號,22.09075,120.74606
海口賢紫宮,陳府二元帥,屏東縣車城鄉海口村海華路1-1號,22.0920541,120.7182795
廣濟寺,廣澤尊王,屏東縣車城鄉保力村山腳路1之100號,22.058355,120.726825
青松宮,福德正神,屏東縣車城鄉溫泉村(路)小溪巷28-20號,22.0884647,120.7522367
九天宮,將軍元帥觀音佛祖,屏東縣車城鄉埔墘村埔墘路25-3號,22.0519493,120.7163269
英漢宮,英豪祖師,屏東縣車城鄉溫泉村內埔路41號,22.080875,120.7488916
崆峒山大羅天仙府,太元聖母,屏東縣車城鄉後灣村後灣路1號,22.0384615,120.6944762
南疆齊天宮,關聖帝君,屏東縣牡丹鄉石門村大梅路61號,22.1001998,120.7467114
龍泉禪寺,釋迦牟尼佛,屏東縣恆春鎮城西里福德路126號,22.0031192,120.7425039
鎮南宮,關聖帝君釋迦牟尼佛,屏東縣恆春鎮山腳里山腳路28號,21.9917358,120.7600067
金鳳寺,觀世音菩薩,屏東縣恆春鎮大光里大光路8-7號,21.9465571,120.7368063
華山寺,觀世音菩薩,屏東縣恆春鎮水泉里頂泉路14號,21.9421233,120.7271143
天后宮,媽祖,屏東縣恆春鎮城西里福德路126號,22.0031192,120.7425039
高山巖福德宮,福德正神,屏東縣恆春鎮山海里檳榔路9-11號,21.9657021,120.7191213
廣寧宮,三山國王,屏東縣恆春鎮成西里中山路181號,22.0049448,120.7431122
龍鑾宮,趙府元帥,屏東縣恆春鎮一心路79號,21.9837946,120.7524708
墾丁蓮海寺,西方三聖,屏東縣恆春鎮墾丁里佛光巷11號,21.945858,120.7987954
南安代天府,李府千歲,屏東縣恆春鎮虎頭山段,22,120.75
龍峰寺,西方三聖,屏東縣恆春鎮四溝里四溝路興西巷19號,22.0085291,120.725986
五公寺,濟公菩薩,屏東縣恆春鎮山腳里瓻n路48號,21.9935577,120.7469073
寶安宮,池府千歲,屏東縣恆春鎮山海里檳榔路7-1號,21.9724481,120.729523
福興宮,中軍元帥,屏東縣恆春鎮德和里林北路155巷2號,22.0013975,120.7206251
山龍宮,王府元帥,屏東縣恆春鎮山海里山海路11-9號,21.9852548,120.7132712
經參宮,五府三千歲,屏東縣恆春鎮山海里山海路,21.9852548,120.7132712
寶靈宮,案君元帥,屏東縣恆春鎮龍水里龍泉路284號,21.986332,120.731166
靜蓮寺,阿彌陀佛,屏東縣恆春鎮南灣路862巷98號,21.9797713,120.7546468
保安宮,福德正神,屏東縣恆春鎮鵝鑾里燈塔路171號,21.904011,120.852336
紅雲宮,朱府千歲,屏東縣恆春鎮網紗里7鄰,22.0251752,120.7608567
琤禪寺,釋迦牟尼佛,屏東縣恆春鎮山腳里琲F路36-2號,22.0040382,120.7680754
天南宮,池府千歲,屏東縣恆春鎮山腳里琲F路36號,22.0040382,120.7680754
古山宮,福德正神,屏東縣恆春鎮水泉里白砂路5-1號,21.936772,120.71715
鎮靈宮,水仙王,屏東縣恆春鎮大光里後壁湖,21.9529296,120.7407096
明明大宏寺,釋迦牟尼佛,屏東縣恆春鎮大光里大光路142-7號,21.95,120.735543
中天武聖殿,關聖帝君,屏東縣恆春鎮山腳里瓻n路52號,21.9955569,120.7456552
光歲宮,池府千歲,屏東縣恆春鎮德和路14號,21.994259,120.7267353
三奶宮,三奶夫人,屏東縣恆春鎮茄湖里茄苳路158號,22.043491,120.7176846
奉天宮,天上聖母,屏東縣恆春鎮頭溝里8鄰,22.0305198,120.709128
七超寺,七娘媽,屏東縣恆春鎮山海里萬里路1號,21.997729,120.70526
南聖宮,五府千歲,屏東縣恆春鎮南灣里南灣路林森巷17號,21.9568546,120.7684428
伍鳳寺,天上聖母,屏東縣恆春鎮仁壽里省北路二段387號,22.041982,120.733308
南天宮,玄天上帝,屏東縣恆春鎮山海里紅柴路,21.9721278,120.7166962
玉鳳宮,天上聖母,屏東縣恆春鎮頭溝里23號,22.0305198,120.709128
聖皇宮,張公聖君,屏東縣恆春鎮頭溝里,22.0305198,120.709128
五佛聖神堂,濟公活佛,屏東縣恆春鎮網紗里省北路121巷5弄11號,22.0120112,120.7429643
萬應公祠,萬應公,屏東縣恆春鎮龍水里,21.9731751,120.7407425
福鑾宮,福德正神,屏東縣恆春鎮龍水里赤崁路,21.9830543,120.7327908
玉門堂,釋迦牟尼佛,屏東縣恆春鎮省北路貳段276號,22.0250754,120.7428652
恆春天道堂,張天師,屏東縣恆春鎮山腳里恆南路117巷22號,21.996083,120.744818
長壽山萬佛寺,千手觀音,屏東縣恆春鎮頭溝里崁頭路5-1號,22.0211191,120.694339
德清宮,五福大帝,屏東縣恆春鎮山腳里恆南路194巷,21.9996657,120.7453384
一心寺,釋迦牟尼佛,屏東縣恆春鎮墾丁里社興路127-1號,21.9541036,120.8203602
福德宮,土地公,屏東縣恆春鎮城西里福德路126號,22.0031192,120.7425039
萬應公廟,萬應公,屏東縣恆春鎮墾丁里社興路,21.9541036,120.8203602
萬應公祠,萬應公,屏東縣恆春鎮山腳里路1號,21.9978065,120.7438813
福德宮,土地公,屏東縣恆春鎮山腳里路4-2號,21.998382,120.745265
靈山寺,五公禪師,屏東縣恆春鎮南灣里一心路137號,21.9837562,120.7524961
萬應公廟,萬應公,屏東縣恆春鎮水泉里白砂路,21.9307773,120.7219792
一佛園,觀音大世,屏東縣恆春鎮德和路735-1號,21.9945814,120.7202911
南聖宮,媽祖,屏東縣恆春鎮大樹房段139-48號,22,120.75
泉南宮,五府千歲,屏東縣恆春鎮水泉里下泉路,21.9324205,120.7311804
照靈宮,五府千歲,屏東縣滿州鄉滿州村中山路107號,22.020813,120.838632
港豐宮,福德正神,屏東縣滿州鄉滿州鄉,22.020813,120.838632
龍泉巖,福德正神,屏東縣滿州鄉響林村福德路2號,22.0368796,120.8369121
羅峰寺,觀世音菩薩,屏東縣滿州鄉永靖村庄內路18號,22.005288,120.8100274
順天宮,天上聖母,屏東縣滿州鄉滿州村老佛路40號,22.0388744,120.8151562
勝安宮,王母娘娘,屏東縣滿州鄉滿州村中山路一巷9號,22.0138438,120.8369898
景農宮,中壇元帥,屏東縣滿州鄉永靖村和興路23號,22.0092683,120.79937
福德宮,福德正神,屏東縣滿州鄉里德村山頂路束段141-1號附近公有地,22.020813,120.838632
福德宮,福德正神觀音佛祖,屏東縣滿州鄉港口村興海路6號,21.980875,120.841793
茶山福德宮,福德正神楊戩元帥,屏東縣滿州鄉港口村茶山路458巷2號,21.9955877,120.8654346
信天宮,五府元帥,屏東縣滿州鄉長榮村大公路內,22.020813,120.838632
瑤池宮,瑤池金母,屏東縣滿州鄉長榮村福興路41號,22.020813,120.838632
順龍宮,皇媽娘娘,屏東縣滿州鄉長榮村福興路78號,22.020813,120.838632
心悟佛堂,觀世音菩薩,屏東縣滿州鄉港仔村大溪路10號,22.1287306,120.8671201
千華寺,千手觀音佛,屏東縣滿州鄉港口村橋頭路144巷31號,22.0009061,120.8232948
福德祠,福德正神,屏東縣滿州鄉里德村欖仁路,22.020813,120.838632
東海寺,三寶佛,屏東縣滿州鄉港口村港口路39-2號,21.9912397,120.8233543
太子宮,太子爺,屏東縣滿州鄉港仔村港口村(路),22.1287306,120.8671201
蓮儼寺,三寶佛,屏東縣滿州鄉滿州村中山路27號,22.020813,120.838632
大仙宮,李鐵拐,屏東縣滿州鄉永靖村都魯路7-1號,22.0251359,120.8007622
慈鳳宮,天上王母娘娘,屏東縣滿州鄉滿州村中山一巷11-1號,22.0138438,120.8369898
三清廟,元始天尊,屏東縣滿州鄉永靖村舊公路140巷5-9號,22.0076521,120.828192
天元殿,伏羲大帝,屏東縣滿州鄉永靖村和興路17號,22.0092683,120.79937
福田宮,福德正神,屏東縣滿州鄉射麻里段51號,22.020813,120.838632
慈興寶宮,天上聖母,屏東縣滿州鄉長樂村福興路35號,22.0543747,120.8128282
