佛光山彰化福山寺,釋迦牟尼佛,彰化縣彰化市福山里福山街348號,24.0831119,120.572298
八卦禪寺,觀世音菩薩,彰化縣彰化市桃源里龍涎路101號,24.0683681,120.563431
南山寺,釋迦牟尼佛,彰化縣彰化市中正里中山路二段651號,24.0816339,120.545593
永興宮,李府千歲,彰化縣彰化市三村里三村莊77之1號,24.094492,120.582826
清雲寺,三寶佛,彰化縣彰化市中庄里中山路三段401巷13號,24.084425,120.553258
彰化佛堂,彌勒佛,彰化縣彰化市延平里大埔路521巷8號,24.0601349,120.544844
鎮東宮,池府王爺,彰化縣彰化市永福里永福街68巷19號,24.080464,120.54439
靈山寺,觀世音菩薩,彰化縣彰化市桃源里龍涎北路261號,24.074881,120.5579559
東山學苑,釋迦牟尼佛,彰化縣彰化市桃源里龍涎北路142號,24.073416,120.563222
龍泉寺,釋迦牟尼佛,彰化縣彰化市桃源里公園路二段76號,24.0726774,120.5576788
慈濟寺,觀世音菩薩,彰化縣彰化市華北里博愛街21號,24.0735279,120.545242
朝陽宮,三府王爺,彰化縣彰化市大竹里3竹路4號,24.0822583,120.5811515
曇花佛堂,觀世音菩薩,彰化縣彰化市大同里永樂街414巷6號,24.076879,120.542446
龍鳳寺,阿彌陀佛,彰化縣彰化市中央里中華路232號,24.077953,120.538322
彰化鄭成功廟,延平郡王鄭成功,彰化縣彰化市成功里中山路二段411號,24.0758259,120.543983
北門福德祠,福德爺,彰化縣彰化市長樂里和平路35號,24.0794101,120.5406166
天德教凌雄保殿,一?宗主,彰化縣彰化市福田里福田莊612之7號,24.059582,120.6194197
慈航寺,觀世音菩薩,彰化縣彰化市國聖里聖安路178號,24.089239,120.570602
彩鳳庵,六將尊神,彰化縣彰化市新華里彰新路一段2巷1號,24.08887,120.5391547
信願行寺,西方三佛,彰化縣彰化市大竹里彰南路二段262巷38號,24.0850779,120.577671
中和堂,釋迦牟尼佛,彰化縣彰化市興北里和平路196巷1、2號,24.0846969,120.540448
寺廟白龍庵三山匯館,五靈公,彰化縣彰化市中華路185號,24.078125,120.539693
福善寺,釋迦牟尼佛,彰化縣彰化市西安里中正路二段376巷11號,24.0741589,120.5359
慧德精舍,阿彌陀佛西方三聖,彰化縣彰化市公園路一段616號,24.0753221,120.5500539
太子爺廟,太子元帥,彰化縣彰化市西安里中正路二段396號,24.07362,120.536269
久長安宮,清水祖師公,彰化縣彰化市寶廓里寶廓路140號,24.0666667,120.5333333
彰化佛蓮社,三寶佛,彰化縣彰化市彰南路二段348巷21號,24.080567,120.586927
福成宮,五府千歲,彰化縣彰化市阿夷里福成街88號,24.0967663,120.5522801
慈恩寺,觀音菩薩,彰化縣彰化市延和里埔內街22號,24.0596158,120.5438165
福德廟,福德爺,彰化縣彰化市西安里南瑤路371號,24.073885,120.540628
南瑤宮,天上聖母,彰化縣彰化市南瑤里南瑤路死3號,24.067938,120.538578
慶安宮,保生大帝,彰化縣彰化市大同里永樂街78號,24.0767212,120.5420709
梨芳園,西秦王爺,彰化縣彰化市忠權里西勢街270巷28號,24.084831,120.533601
彰山宮,蘇府王爺,彰化縣彰化市華北里光華街133號,24.0725221,120.543679
太極恩主寺,關聖帝君,彰化縣彰化市桃源里7鄰公園路二段86號,24.070586,120.559081
元清觀,玉皇大帝,彰化縣彰化市光華里民生路209號,24.0796349,120.542376
福德爺廟,福德正神,彰化縣彰化市竹巷里彰南路四段412巷160之20號,24.0769603,120.6071564
南正宮,天上聖母,彰化縣彰化市三村里三村莊211號,24.098617,120.584008
白雲寺,釋迦牟尼佛,彰化縣彰化市桃源里龍涎北路292號,24.0746851,120.5589451
鎮安宮,三山國王,彰化縣彰化市永生里民族路444號,24.0759569,120.540299
聖王廟,開漳聖王,彰化縣彰化市彰化富貴里中華路239巷19號,24.077035,120.538319
懷忠祠,十八義民,彰化縣彰化市富貴里民權路169巷2之3號,24.0762332,120.5384445
紫雲寺,釋迦牟尼佛,彰化縣彰化市福山里山中街262號,24.0666667,120.5333333
茗山岩地藏王廟,地藏王菩薩,彰化縣彰化市卦山里公園路一段81號,24.076728,120.546864
受天宮,玄天上帝,彰化縣彰化市永生里民權路87巷1號,24.075261,120.543536
朝天堂,觀世音菩薩,彰化縣彰化市復興里竹和路77號,24.0844677,120.558615
關帝廟,關帝聖君,彰化縣彰化市民權里民權路467號,24.076244,120.539298
必應祠,百姓公,彰化縣彰化市萬壽里中正路二段190巷50號,24.077589,120.535729
福德祠,福德爺,彰化縣彰化市富貴里中華路243號,24.0775866,120.5380508
城隍廟,城隍爺,彰化縣彰化市大同里民生路129巷8號,24.0748137,120.542555
北極宮,玄天上帝,彰化縣彰化市辭修路128巷24弄38號,24.085926,120.537744
古龍山,玄天上帝,彰化縣彰化市龍山里中山路二段792號,24.082658,120.548428
福神宮,福德正神,彰化縣彰化市古夷里泰和路三段395號,24.094724,120.561309
彰化香山慈惠堂,瑤池金母娘娘,彰化縣彰化市香山里彰南路三段2巷27號,24.0813737,120.5919888
八卦南天宮,齊天大聖爺,彰化縣彰化市卦山里公園路一段187巷12號,24.076207,120.548832
開化寺（觀音會）,觀音佛祖,彰化縣彰化市光華里中華路134號,24.0785884,120.5408604
無極宮,關聖帝君,彰化縣彰化市大竹里安溪東路1巷18號,24.0762849,120.580303
開化佛院,明明上帝,彰化縣彰化市田中里田中莊716之9號,24.090167,120.608252
永和堂,福德正神,彰化縣彰化市下?里自強路192號,24.0666667,120.5333333
彰化四面佛寺,四面佛,彰化縣彰化市石牌里石牌莊90號,24.0509505,120.601364
天保佛堂,北斗星君,彰化縣彰化市桃源里桃源街70號,24.072626,120.562795
彰化紫雲寺,觀世音菩薩,彰化縣彰化市石牌里37之1號,24.0500519,120.5998528
福山榮園,明明上帝,彰化縣彰化市福山里山中街386號,24.0666667,120.5333333
三清宮,太上道祖,彰化縣彰化市桃源里寶山路372號,24.062272,120.560941
福山宮,玄壇元帥,彰化縣彰化市福山里西南莊148號,24.081258,120.570788
興隆堂,釋迦牟尼佛,彰化縣彰化市長樂里中正路二段85號,24.079807,120.537854
北壇十八英雄公祠,英雄公,彰化縣彰化市民生里陽明街37號,24.085095,120.544991
順天宮,太子太保,彰化縣彰化市牛埔里1德南路31巷29號,24.0821524,120.5998528
泰源宮,聖王公,彰化縣彰化市桃源里公園路二段192號,24.072289,120.560707
開彰祖廟,福德正神,彰化縣彰化市民權里民族路401號,24.0747599,120.539823
法華淨舍,釋迦牟尼佛,彰化縣彰化市安溪里8鄰安溪莊59之3號,24.0719149,120.576868
彰化香山明聖宮,保生大帝,彰化縣彰化市香山里９鄰彰南路貳段590巷52號,24.0828498,120.5915849
天安宮,天上聖母,彰化縣彰化市國聖里聖安路365巷7之1號,24.0920509,120.575889
天真佛院,明明上帝,彰化縣彰化市福山里福山街352號,24.0831119,120.572298
廣鳳宮,天上聖母,彰化縣彰化市台鳳里互助1街46之 1號,24.071119,120.599228
妙行宮,開山三元張公法主聖君,彰化縣彰化市南美里崙美路438巷20之1號,24.0544809,120.525625
安西宮,空中萬歲,彰化縣彰化市西興里西興東路71巷7號,24.078254,120.534058
武玄宮,玄天上帝,彰化縣彰化市新華理彰美路一段8巷42弄30之7號,24.086984,120.540963
淨土寺,阿彌陀佛,彰化縣彰化市石牌里8鄰石牌莊69號,24.0509505,120.601364
平和厝福德廟,福德正神,彰化縣彰化市西門口段587地號,24.0666667,120.5333333
后港福德宮,福德正神,彰化縣彰化市東芳里永芳路612號,24.0672829,120.509245
華虹宮,福德正神,彰化縣彰化市延平里７鄰岸頭巷15弄90號,24.059745,120.547432
大無極聖殿,元始天王,彰化縣彰化市福山里彰南路六段42巷,24.0557765,120.6195706
天一宮,瑤氾金母,彰化縣彰化市快官里彰南路四段256號,24.0740397,120.6093738
武鎮宮,天官五路武財神,彰化縣彰化市快官里彰南路五段2巷51之1號,24.0664,120.612345
彰化慈惠堂,瑤池金母,彰化縣彰化市南郭路一段146巷13之1號,24.074587,120.54755
天恩佛堂,彌勒佛,彰化縣彰化市香山里彰南路二段348巷96號,24.0796889,120.58632
崙仔平福德祠,福德正神,彰化縣彰化市崙平南路20巷11之4號,24.0666813,120.5269498
彰化八卦山大佛寺,釋迦牟尼佛,彰化縣彰化市溫泉路31號,24.07862,120.549437
修水岩,觀音佛祖,彰化縣彰化市南興里中山路一段395巷10號,24.0615289,120.534004
節孝祠,節孝貞烈婦,彰化縣彰化市卦山里公園路一段51號,24.077465,120.546176
寶藏寺,天上聖母,彰化縣芬園鄉進芬村1鄰彰南路三段135巷100號,24.002826,120.6283466
靈安宮,靈安尊王,彰化縣芬園鄉溪頭村14鄰碧園路一段211號,23.9814073,120.6405677
好漢廟,好漢大將軍,彰化縣芬園鄉社口村忠孝路臨25號,24.0126814,120.6262953
萬姓公,大眾爺,彰化縣芬園鄉社口村仁愛街817號,24.0177813,120.6092816
嘉興宮,天上聖母,彰化縣芬園鄉嘉興村芬草路一段175巷24號,24.0100259,120.646107
受連宮,玄天上帝,彰化縣芬園鄉圳墘村碧園路二段305號,23.997834,120.629549
代天宮,池府千歲,彰化縣芬園鄉縣庄村彰南路二段385巷41號,23.9928639,120.6340807
祥光寺,觀世音菩?,彰化縣芬園鄉同安村,24.0047195,120.6113599
社口村福德祠,福德正神,彰化縣芬園鄉社口村彰南路四段196巷3號之1,24.0178704,120.6276992
順天宮,三府王爺,彰化縣芬園鄉楓坑村楓林街629號,24.0152357,120.6167208
天德宮,蘇王爺,彰化縣芬園鄉芬園村南妙街427號,24.0104711,120.6209769
北玄宮,玄天上帝,彰化縣芬園鄉茄荖村慶功街221巷48號,24.026812,120.6479839
竹林村福德祠,福德爺,彰化縣芬園鄉竹林村社口段105-1號,24.0258744,120.6185513
德興宮,清水祖師,彰化縣芬園鄉舊社村德興路一段651號,24.0292335,120.6103319
下茄荖福德祠,福德正神,彰化縣芬園鄉茄荖村212鄰芬草路一段346號,24.010276,120.6460119
般若精舍,西方三聖,彰化縣芬園鄉茄荖村嘉北街676巷206號,24.0244798,120.6439327
三聚精舍,釋迦牟尼佛,彰化縣芬園鄉舊社村彰南路五段15巷30之1號,24.038889,120.623263
石城仔福德廟,土地公,彰化縣芬園鄉茄荖村嘉北段516地號049-無登記,24.0197878,120.6401231
溪尾福德祠,土地公,彰化縣芬園鄉茄荖村嘉北段248地號,24.0197878,120.6401231
林太師萬應祠,林太師,彰化縣芬園鄉嘉北段0672地號,24.0095806,120.6257423
黃厝福德祠,土地公,彰化縣芬園鄉嘉北段1383、1384地號,24.0095806,120.6257423
聖覺寺,三寶佛,彰化縣芬園鄉舊社村彰南路五段889之11號,24.0408443,120.62252
進安宮,天上聖母,彰化縣芬園鄉進芬村進芬路136號,24.0110907,120.6127982
慶安宮,天府王爺楊府五使池府千歲,彰化縣芬園鄉同安村,24.0047195,120.6113599
清真宮,清水祖師,彰化縣芬園鄉舊社村中興路219號,24.0320889,120.606099
無極三鳳堂,西王國母娘娘,彰化縣芬園鄉中崙里大彰路二段739號,23.98366,120.617752
新興宮,天上聖母,彰化縣芬園鄉新興路一段95號,24.044812,120.620007
永清宮,玄天上帝,彰化縣芬園鄉嘉興村芬草路一段93巷124號,24.0094953,120.6469032
厚載宮,福德正神,彰化縣花壇鄉金墩村金墩街121號,24.018154,120.545141
慶安宮,池府王爺,彰化縣花壇鄉崙雅村青園巷12號,24.0331173,120.5232921
福泉宮,福王老爺,彰化縣花壇鄉橋頭村彰員路一段978巷,24.0142926,120.5677837
楓灣宮,邢府王爺,彰化縣花壇鄉灣雅村6鄰楓腳巷128號,24.017075,120.563807
常覺寺,觀音佛祖,彰化縣花壇鄉長沙村彰員路二段816巷廿3號,24.0310871,120.5486844
興南宮,北極玄天上帝,彰化縣花壇鄉南口村中山路二段367號之4,24.033567,120.536344
福延宮,護國尊王,彰化縣花壇鄉花壇村26鄰平和街80號,24.0240269,120.5399391
天聖宮,天上聖母,彰化縣花壇鄉劉厝村明德街443號,24.022556,120.528114
花壇北玄宮,明明上帝,彰化縣花壇鄉長沙村禾田巷27之1號,24.0285553,120.5400587
文德宮,福德正神,彰化縣花壇鄉白沙村彰員路三段6號,24.0483778,120.5453448
虎山巖,觀音佛祖,彰化縣花壇鄉岩竹村虎山街1號,24.0431514,120.5596344
福德宮,福德正神,彰化縣花壇鄉永春村福德巷311號,24.0185186,120.5717176
福安宮,福德正神,彰化縣花壇鄉中庄村中山路一段123號,24.0131638,120.5512081
三玄宮,玄天上帝,彰化縣花壇鄉永春村彰員路一段391巷32號,24.0130967,120.5705278
松化講堂,明明上帝,彰化縣花壇鄉長沙村鳥松巷87號,24.0363082,120.5639015
富美宮,蕭府王爺,彰化縣花壇鄉白沙村大厝巷3號,24.050002,120.545334
莊公祠,莊公阿賽之香位,彰化縣花壇鄉岩竹村虎山街42號,24.0441245,120.5589256
菩提禪院,觀音佛祖,彰化縣花壇鄉崙雅村花秀路365號,24.031773,120.527868
覺化禪寺,觀世音佛祖,彰化縣花壇鄉文德村宮口巷152號,24.0442617,120.5382169
明聖宮,天上聖母,彰化縣花壇鄉文德村溪南街66巷16號,24.04001,120.545768
瑤聖宮,天上聖母,彰化縣花壇鄉崙雅村明雅街256巷19弄16號,24.028482,120.5269187
聖惠宮,天上聖母,彰化縣花壇鄉橋頭村花橋街119號,24.0233404,120.5492059
靈安宮,福王千歲,彰化縣花壇鄉橋頭村,24.0257793,120.5581307
天賜宮,關聖帝君,彰化縣花壇鄉灣東路145巷151號,24.0308475,120.5828313
域德佛院,明明上帝,彰化縣花壇鄉長春村南方巷18之3號,24.0085154,120.5804724
三聖宮,天上聖母,彰化縣花壇鄉三春村,24.0094822,120.5653251
天龍宮,五府千歲,彰化縣花壇鄉中口村中山路二段538號,24.0409649,120.5347743
靈文寺,觀音佛祖,彰化縣花壇鄉長春村東方1巷181號,24.012079,120.57526
朝天宮,張天師,彰化縣花壇鄉灣東村大彰路32巷22號,24.0451019,120.586612
開南寺,觀音媽,彰化縣秀水鄉秀水村開南巷87號,24.0284246,120.5229041
華龍宮,蘇府千歲,彰化縣秀水鄉秀水村花秀路臨46號,24.0382059,120.514582
清龍岩,清水祖師,彰化縣秀水鄉福安村民意街64號,24.029766,120.494898
王爺帝廟,金府王爺,彰化縣秀水鄉鶴鳴村明山街180號,24.058424,120.502961
福德爺廟,福德爺公,彰化縣秀水鄉安東村枋林巷19號,24.037828,120.501683
慈濟宮,天上聖母,彰化縣秀水鄉福安村復新街3號,24.030865,120.497746
泰安宮,三府王爺開山聖王,彰化縣秀水鄉莊雅村秀中街96巷臨42號,24.0317989,120.504996
玄武宮,玄天上帝,彰化縣秀水鄉莊雅村溪心街5號,24.029171,120.515061
朱宏宮,朱府千歲,彰化縣秀水鄉馬興村雅興街,24.069627,120.497359
福德祠,福德正神,彰化縣秀水鄉福安村通鹿巷230號,24.0314749,120.489604
三聖宮,玄天上帝,彰化縣秀水鄉下崙村3聖巷9號,24.0348603,120.5106372
寶灝禪寺,三寶佛,彰化縣秀水鄉曾厝村曾厝巷188號,24.0192108,120.5067641
秀水五龍宮,天上聖母,彰化縣秀水鄉安東村瓦街7巷5號,24.0406922,120.4962417
福德宮,福德正神,彰化縣秀水鄉曾厝村曾厝巷118號,24.019422,120.50608
秀水岩,清水祖師,彰化縣秀水鄉正興巷80號,24.0289724,120.5199304
上興宮,天上聖母,彰化縣秀水鄉金興村新興街123號,24.0192529,120.517498
福德祠,福德正神,彰化縣鹿港鎮玉順里3條巷1號,24.060278,120.4303
聖安宮,天上聖母,彰化縣鹿港鎮洋厝里鹿草路三段513巷1號,24.0998463,120.4504214
金門館,蘇府大王爺,彰化縣鹿港鎮龍山里金門街54號,24.0499822,120.4354714
保聖宮,順府王爺,彰化縣鹿港鎮頂厝里鹿興路91號,24.0542119,120.444605
集英宮,北極大帝,彰化縣鹿港鎮新宮里泉州街14號,24.0592113,120.4291565
鹿港福靈宮,王恩公（王府千歲）,彰化縣鹿港鎮順興里復興路465號之1,24.0587509,120.434594
鳳朝宮,三位夫人,彰化縣鹿港鎮玉順里復興路656號,24.06049,120.430931
大將爺廟,大將爺,彰化縣鹿港鎮菜園路93號,24.0528039,120.43255
奉天宮,蘇府大王爺,彰化縣鹿港鎮玉順里中山路460號,24.0599837,120.4300975
廣善寺,釋迦弁尼佛,彰化縣鹿港鎮海埔里顏厝巷32-3號,24.0802486,120.4315316
南泉宮,普庵祖師,彰化縣鹿港鎮洛津里公園三路117巷臨30號,24.0546348,120.4309056
地?王廟,地?王菩?,彰化縣鹿港鎮街尾里力行街2號,24.0483351,120.4367252
南靖宮,文衡聖帝,彰化縣鹿港鎮洛津里埔頭街73號,24.0574677,120.4317532
念佛寺,釋迦牟尼佛,彰化縣鹿港鎮頂厝里鹿東路251號,24.0566,120.444724
紫極殿,上帝公,彰化縣鹿港鎮菜園里三民路206號,24.05096,120.433403
龍山寺,觀音大士,彰化縣鹿港鎮龍山里金門巷81號,24.0504763,120.4355824
聖神廟,廣澤尊王,彰化縣鹿港鎮大有里民族路305號,24.053498,120.431247
鹿港忠義廟,協天大帝,彰化縣鹿港鎮郭厝里郭厝巷73號,24.061968,120.43159
李王爺廟,李王爺,彰化縣鹿港鎮東石里崇文路35之1號,24.0623463,120.429819
天后宮,天上聖母,彰化縣鹿港鎮玉順里中山路430號,24.059399,120.431338
潤澤宮,十三王爺,彰化縣鹿港鎮大有里後宅巷7號,24.0531232,120.4318022
文武廟,文昌帝君,彰化縣鹿港鎮街尾里青雲路2號,24.048868,120.438031
新祖宮,天上聖母,彰化縣鹿港鎮洛津里埔頭街96號,24.0582136,120.4313684
玉渠宮,田都元帥,彰化縣鹿港鎮大有里車圍巷1號,24.052947,120.431249
安平賜福宮,,彰化縣鹿港鎮復興路安平巷32號,24.0524447,120.4388191
鹿港城隍廟,,彰化縣鹿港鎮順興里中山路366號,24.058286,120.4321265
文德宮,,彰化縣鹿港鎮文明街44號,24.049604,120.436074
景靈宮,,彰化縣鹿港鎮景福里景福巷119號,24.054838,120.436429
海埔厝慶安宮,大宋太后娘娘,彰化縣鹿港鎮海埔里,24.0772474,120.427121
乾元宮,北斗星君,彰化縣鹿港鎮頭南里頭庄巷133之1號,24.1029259,120.46947
護安宮,吳府千歲,彰化縣鹿港鎮街尾里新興街27號,24.047106,120.438303
福崙宮,天上聖母,彰化縣鹿港鎮山崙里崙尾巷77之1號,24.113105,120.447757
長安宮,廣澤尊王,彰化縣鹿港鎮洋厝里7鄰鹿草路三段臨176號,24.0948889,120.4444046
元帥宮,都天元帥,彰化縣鹿港鎮每埔里鹿草路二段217號,24.05,120.4333333
竹安宮,九龍魏府三公爺,彰化縣鹿港鎮紹安里竹圍巷,24.080889,120.455215
興安宮,湄州天上聖母,彰化縣鹿港鎮長興里中山路89號,24.052361,120.435945
潯海樹德堂,伽藍尊神,彰化縣鹿港鎮順興里鹿草路一段22號,24.0603439,120.432516
清德宮,西天真人 地藏王公,彰化縣鹿港鎮玉順里3?巷39號,24.061469,120.428977
富美宮,蕭府王爺,彰化縣鹿港鎮順興里復興路578號,24.059836,120.432644
福安宮,溫府王爺,彰化縣鹿港鎮頭南里南勢巷1之20號,24.088429,120.458282
廖厝里慈靈宮,西蓁荖千歲,彰化縣鹿港鎮廖厝里3鄰廖厝巷8號,24.0748152,120.4693721
廖厝里樂安宮,梁夫人媽,彰化縣鹿港鎮廖厝里17鄰楊厝巷41號,24.069495,120.467153
鄧安宮,鄧府天神,彰化縣鹿港鎮山崙里山寮巷26號,24.1193285,120.4542209
漁寮天和宮,女媧娘娘,彰化縣鹿港鎮洋厝里16鄰新厝巷60-8號,24.091166,120.445877
鹿港武聖宮,協天大帝,彰化縣鹿港鎮永安里永安三路52號,24.0579902,120.4405756
港後福邢宮,邢府千歲,彰化縣鹿港鎮頂厝里14鄰港后路263號,24.062678,120.446142
順安宮,媽祖(天上聖母),彰化縣鹿港鎮頭南里頭庄巷37號,24.1029259,120.46947
佛寶精舍,千手千眼觀世音菩薩,彰化縣鹿港鎮廖厝里廖厝巷319號,24.0730249,120.470163
紫竹寺,觀世音菩薩,彰化縣鹿港鎮頂草路二段421巷131號,24.0932029,120.468928
裕安宮,蘇府二王爺,彰化縣鹿港鎮廖厝里鹿和路二段414號,24.073015,120.460599
代天府五府千歲,五府千歲,彰化縣鹿港鎮玉順里永豐路66之1號,24.0607551,120.4315649
代天宮,朱府千歲,彰化縣鹿港鎮街尾里金門巷137號,24.0490673,120.4344105
玄奘寺,地母,彰化縣鹿港鎮東石里鹽埕巷4號,24.0704179,120.422753
樂天宮,黃府千歲,彰化縣鹿港鎮廖厝里學子巷36號,24.070707,120.459695
永安宮,薛府王爺,彰化縣鹿港鎮新宮里民生路35號,24.059041,120.4304659
草港慶安宮,天上聖母,彰化縣鹿港鎮草中里慶安街65號,24.1077449,120.457365
皇聖宮,天上聖母,彰化縣福興鄉西勢村西勢街18之4號,24.0478713,120.4439546
清修岩,清水祖師,彰化縣福興鄉外中村外中街37號,24.013591,120.471325
拱辰宮,玄天上帝,彰化縣福興鄉橋頭村中正路148巷1號,24.051683,120.441643
北極宮,北極大帝,彰化縣福興鄉二港村福正路26巷40號,24.04366,120.415827
福安宮,池府千歲,彰化縣福興鄉同安村員鹿路一段220號,24.0353929,120.436429
代天府,池府千歲,彰化縣福興鄉福南村振興巷35之1號,24.0390878,120.4241558
鎮平庄浩天宮,天上聖母媽祖,彰化縣福興鄉鎮平村鎮平街14之5號,24.0125441,120.420512
朱玄宮,三府千歲,彰化縣福興鄉二港村福正路128巷1號,24.0450019,120.417012
聖后宮,聖 后,彰化縣福興鄉福寶村新生路40之11號,24.043277,120.398663
粘厝文武宮,武安尊王,彰化縣福興鄉頂粘村頂粘街235號,24.0343311,120.4050804
福安宮,池府千歲,彰化縣福興鄉福南村沿海路四段521號,24.0373233,120.4213818
粘厝鎮興宮,丁府千歲,彰化縣福興鄉頂粘村頂粘街306號,24.035,120.404868
天保宮,天上聖母,彰化縣福興鄉秀厝村秀厝街92之1號,24.031746,120.4281449
九天寺,九天娘娘,彰化縣福興鄉麥厝村（街）55之2號,24.0138944,120.3983097
仁安宮,朱府二王爺,彰化縣福興鄉西勢村員鹿路二段411號,24.044076,120.436892
保安宮,天上聖母,彰化縣福興鄉秀厝村（街）111之1號,24.0290363,120.427121
智覺佛寺,釋迦牟尼佛,彰化縣福興鄉番婆村（街）38之10號,24.071018,120.458711
集興宮,朱刑李 三王爺,彰化縣福興鄉橋頭村彰鹿路七段522號,24.047666,120.447068
永安宮,中壇元帥,彰化縣福興鄉元中村橫圳巷6號,24.0233602,120.4815585
正明宮,包府千歲,彰化縣福興鄉麥厝村（街）16號,24.0138944,120.3983097
安和宮,丁府千歲,彰化縣福興鄉社尾村粿店巷10之1,24.0412706,120.446207
慶安宮,五年千歲,彰化縣福興鄉秀厝村洪堀巷4之4號,24.0201735,120.4314347
鎮安宮,張府夫人媽,彰化縣福興鄉麥厝村（街）47之2號,24.013528,120.389359
寶順宮,丁府千歲,彰化縣福興鄉廈粘村(街)臨60之5號,24.0274535,120.409835
武德宮,溫府千歲,彰化縣福興鄉廈粘村管厝街27之1號,24.0257579,120.4104476
福吉宮,武安王,彰化縣福興鄉頂粘村(街)440號,24.0324832,120.3867834
無極慈申宮,瑤池金母,彰化縣福興鄉大崙村1鄰彰鹿路四段121巷20號,24.04924,120.481572
閭山天法堂,閭山張公法王,彰化縣福興鄉萬豐村14號,24.0127406,120.4832844
代天宮,李府千歲,彰化縣福興鄉麥厝村50之5號,24.0138944,120.3983097
溫安宮,溫府千歲,彰化縣線西鄉線西村中央路二段678巷32號,24.138082,120.46118
寶安宮,天上聖母,彰化縣線西鄉塭仔村,24.1263468,120.4566458
興安宮,朱府千歲,彰化縣線西鄉溝內村,24.129549,120.4328824
德興宮,聖王公,彰化縣線西鄉德興村,24.1344816,120.4775252
永安宮,順正府大王公,彰化縣線西鄉寓埔村177之2號,24.1389977,120.4386437
護安宮,五府千歲,彰化縣線西鄉頂庄村頂庄路108號,24.142232,120.465822
順安宮,順正府大王公,彰化縣線西鄉寓埔村沿海路809號,24.1332259,120.462466
塭仙宮,老仙公,彰化縣線西鄉塭仔村,24.1263468,120.4566458
見興宮,李府千歲,彰化縣線西鄉線西村中央路370號,24.134594,120.466101
青山寺,鄭夫人媽,彰化縣線西鄉下犁村下犁路13號,24.1128163,120.4751043
福德廟,福德正神,彰化縣線西鄉線西村,24.1418259,120.4501653
保安宮,五聖恩主公,彰化縣線西鄉頂犁村頂犁路136之1號,24.1224508,120.4808543
順安廟,大將爺,彰化縣線西鄉頂庄村,24.1390558,120.4688858
塭仔村福德宮,福德正神土地公,彰化縣線西鄉塭仔村90號,24.1263468,120.4566458
武當宮,玄天上帝,彰化縣和美鎮柑井里柑竹路317號,24.1104827,120.5161179
平安宮,池府千歲,彰化縣和美鎮和東里忠勤路32號,24.1086486,120.5036895
善德堂,釋迦牟尼佛,彰化縣和美鎮柑井里柑竹410巷35號,24.1105872,120.5192737
池王宮,池府王爺,彰化縣和美鎮中圍里綏東路35號,24.1174942,120.5365449
慶安宮,謝府王爺,彰化縣和美鎮源埤里南安路106號,24.0854363,120.5106794
萬興宮,萬興公,彰化縣和美鎮西美路和西段1316地號,24.1166667,120.5
普道院,太子元帥,彰化縣和美鎮山犁里仁宇路177巷9號,24.1019615,120.4924324
近天宮,天上聖母,彰化縣和美鎮塗厝里和厝路二段385號,24.1348763,120.5068405
開臺國聖宮,鄭成功,彰化縣和美鎮犁聖里0茂路54號,24.0989939,120.540977
聯興宮,蘇府王爺,彰化縣和美鎮和西里和線路149巷11號,24.1149474,120.4908543
嘉安宮,蘇府千歲,彰化縣和美鎮嘉犁里東坡路17巷臨0號,24.091927,120.514313
人乘寺彌陀院,阿彌陀佛,彰化縣和美鎮中興路三段150號,24.1676087,120.4900845
保安宮,保生大帝,彰化縣和美鎮竹圍里彰新路四段115號,24.1166667,120.5
普慶宮,普唵佛祖,彰化縣和美鎮塗厝里15鄰思北路175號,24.1323277,120.509847
唐寶巖,觀音大士,彰化縣和美鎮湖內里湖北路131巷17號,24.155501,120.511274
濟明寺,阿彌陀佛,彰化縣和美鎮詔安里6鄰彰和路二段176號,24.091713,120.528326
法雨禪寺,釋迦牟尼佛阿彌陀佛藥師佛,彰化縣和美鎮中興路一段260號,24.0943976,120.5249177
龍華慈惠堂,瑤池金母,彰化縣和美鎮月眉里和港路94巷68號,24.1210382,120.4932399
大福宮,福德正神,彰化縣和美鎮大霞里南軒路123號鄰邊,24.100135,120.503045
天鎮宮,天上聖母,彰化縣和美鎮南佃里彰頂路17號,24.0824009,120.487967
天聖宮,明明上帝,彰化縣和美鎮山犁里0鄰7寮路409號,24.1065948,120.4948021
三順宮,天神爺開天聖王朱李池三千歲,彰化縣和美鎮面前里雅安路241號,24.099496,120.484324
德安宮,清水祖師,彰化縣和美鎮大霞里彰和路三段437號,24.102485,120.503532
華德寶宮,明明上帝,彰化縣和美鎮柑井里彰美路四段342巷15號,24.104875,120.510555
保生宮,保生大帝,彰化縣和美鎮鐵山里鎮東路190號,24.10011,120.519688
興安宮,康府元帥,彰化縣和美鎮頭前里義安路256巷49號,24.1182275,120.4990363
順天宮,媽祖三府千歲,彰化縣和美鎮好修里月北路400巷21號,24.129313,120.495997
天福宮,伏羲氏,彰化縣和美鎮嘉寶里福北路221號,24.1267969,120.51258
朝天宮,姚府千歲,彰化縣和美鎮湖內里,24.1489349,120.5091977
福澤宮,南斗天神,彰化縣和美鎮月眉里和厝路一段276號,24.122323,120.495457
保安宮,玉皇大帝,彰化縣和美鎮竹營里和頭路72號,24.113852,120.49933
北極宮,玄天上帝,彰化縣和美鎮還社里北堂路8巷10號,24.1209889,120.517567
和美天佑宮,,彰化縣和美鎮鹿和路六段375號,24.1070179,120.4937645
福安宮,天上聖母,彰化縣伸港鄉大同村福安路5號,24.162517,120.4883948
興安宮,天上聖母,彰化縣伸港鄉定興村定興路64號,24.156889,120.497869
文德宮,朱府千歲,彰化縣伸港鄉七嘉村嘉二路47號,24.147206,120.494592
普化佛院,明明上帝,彰化縣伸港鄉蚵寮村蚵寮路167-28號,24.148982,120.454828
永慶宮,朱府王爺,彰化縣伸港鄉汴頭村汴頭路50-1號,24.1400137,120.4992338
泰元宮,朱府千歲,彰化縣伸港鄉大同村大同路28號,24.157518,120.490722
伸慶宮（張玉姑廟）,張玉姑神像,彰化縣伸港鄉溪底村158號,24.1653812,120.5135161
玉興宮,張池李王爺,彰化縣伸港鄉什股村,24.1635403,120.4732056
慶安宮,朱府千歲,彰化縣伸港鄉汴頭村汴頭路187號,24.144013,120.497599
順安宮,五府千歲,彰化縣伸港鄉埤墘村埤墘路107之1,24.1418679,120.49165
順興宮,哪?太子,彰化縣伸港鄉埤墘村埤墘路36之1,24.14092,120.494528
蚵寮代天府,五府王爺,彰化縣伸港鄉蚵寮村132之5號,24.1512719,120.4559258
興和宮,五穀先帝,彰化縣伸港鄉全興村93之1號,24.1865098,120.4904831
曾家正安宮,溫府王爺,彰化縣伸港鄉曾家村,24.1464552,120.4717657
寶光紹興茂源講堂,彌勒古佛,彰化縣伸港鄉大同村彰新路七段722號,24.160004,120.491181
海尾寶天宮,五谷先帝,彰化縣伸港鄉海尾村海尾路3號,24.16747,120.487352
泉安宮,雷府千歲,彰化縣伸港鄉泉州村仁愛路123號,24.1478248,120.4830657
修圓寺,濟公活佛,彰化縣伸港鄉溪底村文工2街108號,24.1742912,120.5074463
九玄宮,九天玄女,彰化縣伸港鄉新港村14鄰新興路50號,24.1452427,120.4862989
天化宮,三尊恩王,彰化縣員林鎮振興里山腳路二段600號,23.9562305,120.6029388
衡文宮,玄天宮,彰化縣員林鎮民生里萬年巷511之5號,23.9531123,120.5780919
濟揚宮,文衡聖帝(關聖帝君),彰化縣員林鎮三和里成功路1巷38弄19號,23.9642589,120.581174
雙林寺,釋迦牟尼佛,彰化縣員林鎮中正里育英路38號,23.9596041,120.5748524
妙化堂,關聖帝君,彰化縣員林鎮惠來里光明街141巷廿號,23.9538261,120.571962
香山寺,觀音佛祖,彰化縣員林鎮大饒里員集路二段244巷117號,23.9419282,120.5796826
廣天宮,恩主公,彰化縣員林鎮出來里出水巷13之1號,23.9611111,120.5736111
慈天宮,觀音佛祖,彰化縣員林鎮大埔里員大路二段50號,23.973828,120.5584601
東山鎮興廟,輔順將軍,彰化縣員林鎮南東里山腳路四段30號,23.964354,120.601795
地藏庵,地藏菩薩,彰化縣員林鎮中正里萬年路三段83號,23.9579143,120.573735
震善堂,玄天上帝,彰化縣員林鎮三和里大同路一段258號,23.9613779,120.5800706
福寧宮,天上聖母,彰化縣員林鎮和平里中山路二段26號,23.9603739,120.570749
廣寧宮,三山國王,彰化縣員林鎮光明里中正路360號,23.9566291,120.573372
震華宮,玄天上帝,彰化縣員林鎮三條里員水路二段134號,23.9554189,120.58598
三聖宮,關聖帝君,彰化縣員林鎮南興里員大路一段廿巷廿號,23.9626849,120.562123
昭安宮昭安堂,玄天上帝,彰化縣員林鎮中央里田中央巷16之1號,23.9402471,120.566607
佛導寺,釋迦牟尼佛,彰化縣員林鎮大饒里員集路二段552巷211號,23.946363,120.579481
玉皇宮,關聖帝君,彰化縣員林鎮源潭里南潭路126號,23.9622016,120.5535137
玉鶴寺,觀音佛祖,彰化縣員林鎮大峰里大峰巷453號,23.9615012,120.615017
員林寺,釋迦牟尼佛,彰化縣員林鎮和平里和平街20號,23.9616363,120.5711582
受賢宮,玄天上帝,彰化縣員林鎮新生里員鹿路150號,23.9568639,120.566448
瑤皇宮明義堂,文衡聖帝,彰化縣員林鎮溝皂里溝皂巷3之1號,23.9473751,120.56819
集興宮,土地公,彰化縣員林鎮新生里員鹿路210號,23.9568639,120.566448
承天宮,玉皇大帝,彰化縣員林鎮源潭里3潭巷27號,23.9929743,120.4818446
寺廟興賢書院,文昌帝君,彰化縣員林鎮中正里三民街１號,23.958364,120.574773
北極宮慈法堂,北極玄天上帝,彰化縣員林鎮東北里山腳路六段254巷262號,23.979871,120.598035
修善祠,石牌,彰化縣員林鎮忠孝里員水路二段408號,23.9556683,120.5794402
明聖宮,三山國王,彰化縣員林鎮林厝里山腳路一段坡姜巷246弄110號,23.9398051,120.600301
南聖宮,天上聖母,彰化縣員林鎮南平里復興路117巷39號,23.968562,120.566108
南聖宮,關聖帝君,彰化縣員林鎮萬年里員水路2巷21弄66號,23.9550649,120.587707
福德宮,福德爺,彰化縣員林鎮鎮興里員東路一段65巷49號,23.963509,120.599211
震興宮福德祠,德德正神,彰化縣員林鎮振興里山腳路二段589巷202號,23.9565849,120.601551
員林蓮社,四方三聖佛,彰化縣員林鎮三愛里大安街13號,23.9706189,120.578504
集興宮,關聖帝君,彰化縣員林鎮湖水里湖水巷87之1號,23.9524381,120.621844
慈濟宮慈惠堂,瑤池金母,彰化縣員林鎮浮圳里員東路一段537巷44弄1號,23.9615619,120.588089
廣安宮,三山國王,彰化縣員林鎮中山里光明街269號,23.956923,120.571557
至賢宮,玄天上帝,彰化縣員林鎮中央里田中央巷2號,23.9375201,120.573831
鎮靈宮,田都元帥,彰化縣員林鎮大饒里員集路二段552巷136弄81號,23.94725,120.578531
福聚精舍,釋迦牟尼佛,彰化縣員林鎮林厝里山腳路一段坡姜巷379弄219號,23.9398051,120.600301
合興山慈惠堂,無極瑤池大聖西王金母大天尊,彰化縣員林鎮南興里南潭路119巷22弄7號,23.96222,120.55644
聖后宮,天上聖母,彰化縣員林鎮出水里出水巷21號,23.9481676,120.6075979
開林寺,,彰化縣員林鎮湖水里26號,23.9540409,120.6228659
協天宮,關聖帝君,彰化縣社頭鄉社頭村員集路二段213號,23.898669,120.587555
龍鳳山寺,祖師宮,彰化縣社頭鄉平和村山腳路二段228號,23.9484468,120.6008052
舊社天門宮,天上聖母,彰化縣社頭鄉廣福村中央巷9號,23.900131,120.59532
枋橋頭大眾爺廟,大眾爺公,彰化縣社頭鄉橋頭村媽祖廟街58巷臨40號,23.9173661,120.58216
文聖宮,三尊主,彰化縣社頭鄉新厝村新興巷1號,23.9258341,120.574079
清水岩,釋迦牟尼佛,彰化縣社頭鄉清水村清水岩寺1號,23.88953,120.5998528
枋橋頭鎮安宮,三山國王廟,彰化縣社頭鄉橋頭村員集路三段413號,23.9224664,120.5815866
龍泉宮,池府王爺,彰化縣社頭鄉清水村清水岩路2號,23.889058,120.609691
武郡宮,大眾公,彰化縣社頭鄉清水村清水岩路9號,23.889058,120.609691
福天宮,玄天上帝,彰化縣社頭鄉仁和村石坑1巷12之1號,23.9152067,120.6092146
善德院,釋迦佛,彰化縣社頭鄉泰安村善德巷126號,23.9135241,120.6185513
枋橋頭天門宮,天上聖母,彰化縣社頭鄉橋頭村媽祖廟街43號,23.9173661,120.58216
崙雅庄天門宮,天上聖母,彰化縣社頭鄉美雅村員集1689號,23.8848875,120.5782741
念佛寺,觀音佛祖,彰化縣社頭鄉埤斗村北源路3之1號,23.8835773,120.6107693
舊社福德祠,福德正神,彰化縣社頭鄉廣福村東平巷1號,23.9002001,120.5978024
泰安宮,石頭公王,彰化縣社頭鄉仁和村山腳路二段829號,23.913425,120.607997
泰安岩,觀音佛祖,彰化縣社頭鄉廣興村廣興巷13號,23.8991037,120.5801851
進興宮,周府老爺,彰化縣社頭鄉里仁村邱厝巷5號,23.880607,120.5858006
北玄宮,玄天上帝,彰化縣社頭鄉埤斗村鴻門巷1之1號,23.9168747,120.6020569
三山國王祀,三山國王,彰化縣社頭鄉社頭村員集路二段252號,23.899124,120.5876083
護天宮,紫微大帝,彰化縣社頭鄉仁和村石坑1巷20號,23.9144301,120.62135
崙雅庄福德宮,福德正神,彰化縣社頭鄉崙雅村民生路421號,23.8909423,120.5886635
寺廟福德祀,福德正神,彰化縣社頭鄉社頭村員集路二段168號,23.8976408,120.588019
有應廟祠,地藏王菩薩,彰化縣社頭鄉社頭村員集路二段383號,23.901604,120.586432
太平坑萬善堂,地藏王,彰化縣社頭鄉埤斗村山腳路20號,23.881022,120.606696
慈城宮,瑤池金母,彰化縣社頭鄉協和村後路巷42號,23.9327461,120.613424
金甯山寺,地藏王菩薩,彰化縣社頭鄉龍井村吉井巷1之23號,23.9210699,120.6089046
乾坤宮,北極玄天上帝,彰化縣社頭鄉新厝村潘厝巷19號,23.9189481,120.580845
慶安寺,觀音佛祖,彰化縣社頭鄉湳底村湳底巷6之0號,23.91164,120.5726639
清聖宮,玄天上帝,彰化縣社頭鄉清水村清興路50巷71號,23.891051,120.606986
勝安宮,王母娘娘,彰化縣社頭鄉仁和村石坑1巷38號,23.9152067,120.6092146
枋橋頭湧泉岩,觀世音菩薩,彰化縣社頭鄉橋頭村,23.9177848,120.586906
開天闢地龍鳳宮,太元老母,彰化縣社頭鄉山湖村葫蘆巷28號之1號,23.8964504,120.617113
龍華玄化堂,西王瑤池金母,彰化縣社頭鄉仁和村3鄰石坑1巷60號,23.9152067,120.6092146
社頭福德宮,福德正神,彰化縣社頭鄉社頭村,23.9044058,120.586906
輔天宮,關聖帝君,彰化縣永靖鄉瑚璉村錫壽路1號,23.9272057,120.5522959
永興宮,三山國王,彰化縣永靖鄉東寧村永興路二段162號,23.9242087,120.5623007
天明寺,觀音佛祖,彰化縣永靖鄉崙子村9分路338號,23.9329004,120.566764
五福宮,福德正神,彰化縣永靖鄉五福村五福巷97號,23.9097832,120.5401208
永安宮,三山國王,彰化縣永靖鄉永東村永靖街715號,23.920247,120.546782
意善堂,玄天上帝,彰化縣永靖鄉光雲村意善巷718號,23.928018,120.555802
甘霖宮,三山國王,彰化縣永靖鄉永北村永福路一段8號,23.920473,120.5409385
恩烈祠,十三名義民,彰化縣永靖鄉獨鰲村獨鰲路二段1號,23.9190241,120.531449
?龍寺,觀音佛祖,彰化縣永靖鄉福興村中肚巷413號,23.9189524,120.513561
天聖宮,玄天上帝,彰化縣永靖鄉五汴村中山路三段468號,23.937285,120.5583569
甘澍宮,天上聖母,彰化縣永靖鄉湳港村永社路205號,23.9109122,120.5483567
鳳邑宮,濟公仙師,彰化縣永靖鄉永北村水尾路182號,23.9249415,120.539943
開天祖皇媽宮,王母娘娘,彰化縣永靖鄉東?村浮圳路320巷11號,23.9677257,120.5846525
永福宮,福德正神,彰化縣永靖鄉永西村瑚璉路358號,23.9238231,120.545343
乾巽宮,天上聖母,彰化縣永靖鄉東寧村浮圳路490號,23.913995,120.562469
新莊村福德爺廟,福德正神,彰化縣永靖鄉新莊村永社路73號,23.906603,120.554501
舜天宮,三山國王天上聖母玄天上帝,彰化縣永靖鄉獨鰲村獨鰲路一段139巷1號,23.9187761,120.531753
慈聖宮,天上聖母,彰化縣永靖鄉崙美村獨鰲路二段270號,23.9170711,120.517896
芳濟宮,五尊恩王,彰化縣永靖鄉四芳村4湳路106號,23.9269155,120.520713
參天宮慈惠宮,瑤池金母,彰化縣永靖鄉崙子村9分路216-1號,23.9329004,120.566764
鎮南宮,玄天上帝,彰化縣永靖鄉湳墘村忠心路13號,23.9356671,120.5286549
謏懿宮,三尊恩王,彰化縣永靖鄉永北村王厝路21巷1號,23.9310933,120.5419738
慈德宮,釋迦牟尼佛,彰化縣永靖鄉新莊村邱厝巷16號,23.880607,120.5858006
受清宮,北極玄天上帝,彰化縣永靖鄉永北村水尾路148巷1號,23.921294,120.541312
元天寺,釋迦牟尼,彰化縣永靖鄉永北村瑚璉路542號,23.9221638,120.5421015
廣霖宮,三山國王,彰化縣永靖鄉同安宅段,23.923591,120.527119
同霖宮,三山國王,彰化縣永靖鄉同安宅段,23.923591,120.527119
霖濟宮,三山國王,彰化縣永靖鄉竹子村竹中巷臨41號,23.9229701,120.503925
無極皇媽宮,王母娘娘,彰化縣永靖鄉東寧村浮圳路320巷11號,23.918401,120.560457
彰善聖堂,明明上帝,彰化縣永靖鄉四芳村羅永路27號,23.9318109,120.5158234
普化宮,觀音大士,彰化縣永靖鄉東寧村浮圳路28號,23.9093528,120.563581
武聖宮,關聖帝君,彰化縣埔心鄉東門村武聖路491號,23.948901,120.550365
顯化堂,關聖帝君,彰化縣埔心鄉梧鳳村大溪路三段171巷31號,23.970414,120.51221
霖興宮,三山國王,彰化縣埔心鄉舊館村員鹿路四段226號,23.948012,120.525042
明聖宮,關聖帝君,彰化縣埔心鄉瓦中村明聖路四段172號,23.952612,120.558991
霖鳳宮,三山國王,彰化縣埔心鄉芎蕉村員鹿路五段234號,23.9507911,120.516407
壽桃宮,太子元帥,彰化縣埔心鄉埔心村武英北路430號,23.9615049,120.5296131
五湖宮,天上聖母,彰化縣埔心鄉義民村員鹿路二段520號,23.9527045,120.54023
靈聖宮,神農大帝,彰化縣埔心鄉油車村忠義北路315號,23.960739,120.541881
三堯宮,天上聖母,彰化縣埔心鄉羅厝村羅厝路一段72號,23.9363796,120.5109214
五龍宮,五顯大帝,彰化縣埔心鄉埤腳村菜寮路183號,23.9787294,120.5119054
玄聖宮,玄天上帝,彰化縣埔心鄉埤腳村大溪路147巷120號,23.9766699,120.5201604
奉天宮,關聖帝君,彰化縣埔心鄉仁里村奉天路31號,23.931175,120.536246
忠義廟,忠義公,彰化縣埔心鄉義民村員鹿路二段547號,23.9527027,120.5402306
福德爺,福德正神,彰化縣埔心鄉經口村明聖路二段127號,23.947894,120.557478
福德爺,福德正神,彰化縣埔心鄉舊館村興霖路1號,23.9516391,120.524225
鎮國宮,太子元帥,彰化縣埔心鄉經口村鎮國路71巷18號,23.942977,120.560493
福德祠,福德正神,彰化縣埔心鄉義民村員鹿路二段532之1號,23.9527045,120.54023
光正宮,玄天上帝,彰化縣埔心鄉南館村4湳路2巷121號,23.945025,120.5235917
玉世宮,天上王母娘娘,彰化縣埔心鄉舊館村5鄰大展路412號,23.9540792,120.525031
國安宮,北極玄天上帝,彰化縣埔心鄉東門村明德街12號,23.965571,120.5810564
紫微宮,玄天上帝,彰化縣埔心鄉經口村柳橋西路275號,23.9504427,120.5529341
玉龍宮,文衡聖帝,彰化縣埔心鄉經口村經口路717巷7號,23.9477092,120.5536952
霖震宮,明山國王,彰化縣埔心鄉羅厝路三段205號,23.948044,120.517545
聖天堂,地藏王菩薩,彰化縣埔心鄉大華村聖天路220號,23.9418766,120.5379841
福德宮,福德正神,彰化縣埔心鄉瑤鳳路三段653巷11號,23.9641818,120.5266352
朝南宮,天上聖母,彰化縣埔心鄉新館村新館路234號,23.9424655,120.528788
聖玄會媽宮,天上聖母王母娘娘,彰化縣埔心鄉二重村南昌南路148號,23.964441,120.528694
靈慈宮,天上聖母,彰化縣埔心鄉瓦中村東明路65號,23.9537827,120.5608001
武受宮,玄天上帝,彰化縣埔心鄉南館村南安路218號,23.9452384,120.5222049
永安宮,天上聖母,彰化縣溪湖鎮西溪里員鹿路後溪巷28號,23.9527661,120.494202
溪湖奉天宮慈惠堂,瑤池金母,彰化縣溪湖鎮太平里員鹿路三段245號,23.9623437,120.4792624
紹明寺,釋迦牟尼佛,彰化縣溪湖鎮中山里大溪路一段582號,23.968539,120.492027
福安宮,,彰化縣溪湖鎮鎮光平里信善街壹號,23.9639851,120.4793496
南天宮,池府千歲,彰化縣溪湖鎮湖西里湖西巷40之1號,23.9589758,120.4763703
鎮安宮,朱刑李三千歲,彰化縣溪湖鎮頂庄里崙仔路頂庄巷213之1號,23.9481722,120.5091977
肇霖宮,明山國王,彰化縣溪湖鎮東溪里成功路63巷2號,23.9552877,120.5016507
通天宮,趙府元帥,彰化縣溪湖鎮西寮里員鹿路369-1號,23.977527,120.470641
西安宮,三山國王,彰化縣溪湖鎮西勢里彰水路西勢巷36號,23.959548,120.480087
番婆鎮安宮,池府千歲,彰化縣溪湖鎮番婆里鎮安路2號,23.9380805,120.4800797
佛蓮社,西方三聖,彰化縣溪湖鎮田中里田中央路二段326號,23.953437,120.467645
誠化佛院,明明上帝,彰化縣溪湖鎮田中路100之155號,23.953451,120.4740926
福德宮,土地公,彰化縣溪湖鎮大突里大突巷88之1號,23.9637307,120.466788
顯光宮,池府王爺,彰化縣溪湖鎮顯光路145巷12弄31號,23.939094,120.4688606
濟玄天心宮,五府千歲,彰化縣溪湖鎮中山里銀錠路377號,23.965941,120.494433
湳底龍水宮,天師大帝,彰化縣溪湖鎮阿媽厝段阿厝小段39-1、40-1、40-2、40-3、17-9、17-10,,
大安宮,松府千歲,彰化縣溪湖鎮二溪路大突巷10之35號,23.959548,120.480087
閭山道院,閭山法主,彰化縣埔鹽鄉崑崙村彰水路一段11號,23.9858621,120.4805277
順天宮,三山國王,彰化縣埔鹽鄉埔南村埔菜路,23.992167,120.483895
埔鹽順澤宮,玄天上帝,彰化縣埔鹽鄉埔鹽村中正路55號,23.9968719,120.4723653
慶安宮,荊府上帝,彰化縣埔鹽鄉永樂村大新路2巷96號,24.0049322,120.4476041
中華寺,釋迦牟尼佛,彰化縣埔鹽鄉出水村埔港路59號,24.0002029,120.48694
西德宮,五六府千歲,彰化縣埔鹽鄉西湖村大新路2巷66-1號,24.005453,120.451302
龍水宮,張天師,彰化縣埔鹽鄉出水村埔港路39號,24.0002029,120.48694
碧雲寺,阿彌陀佛,彰化縣埔鹽鄉角樹村員鹿路一段53號,23.9916894,120.466453
興安宮,北極玄天上帝,彰化縣埔鹽鄉南新村11鄰好金路3巷19-2號,23.9799043,120.4608303
慈賢宮,天上聖母,彰化縣埔鹽鄉大有村員鹿路三段80號,24.016246,120.453435
四聖宮,媽祖,彰化縣埔鹽鄉新水村大新路臨5之18號,23.985202,120.4463535
瓦?天清宮,天上聖母,彰化縣埔鹽鄉瓦?村3鄰光明路二段臨60之1號,24.0002622,120.4633892
萬應善堂,百姓公,彰化縣埔鹽鄉天盛村番金路67號,23.983135,120.428732
新興宮,天上聖母,彰化縣埔鹽鄉南新村好金路516號,23.990778,120.458636
保玄宮,玄天上帝,彰化縣埔鹽鄉太平村番金路18之1號,23.9779699,120.437889
天德宮,天上聖母,彰化縣埔鹽鄉好修村員鹿路二段97巷4號,24.0038776,120.4611723
天龍宮,天上聖母,彰化縣埔鹽鄉天盛村番金路67之1號,23.982782,120.42872
忠信佛院,明明上帝,彰化縣埔鹽鄉永平村番金123之廿1號,24.0104491,120.4386437
武聖宮,山西夫子,彰化縣埔鹽鄉南港村埔菜路1巷5之0號,23.981176,120.496609
五顯宮,五顯大帝,彰化縣埔鹽鄉太平村番金路57號之9,23.9779699,120.437889
聖和宮,池府千歲,彰化縣埔鹽鄉永平路番金路104號,24.0002622,120.4633892
大德宮,池府千歲,彰化縣埔鹽鄉南港村埔菜路17鄰32-17號,23.9865309,120.494715
晉天宮,玄天上帝趙李元帥,彰化縣田中鎮頂潭里崁頂路153號,23.8708911,120.589554
佛蓮社,阿彌陀佛,彰化縣田中鎮北路里復興73巷60號,23.8630089,120.5926603
鼓山寺,釋迦牟尼佛,彰化縣田中鎮碧峰里中南路二段187號,23.8531187,120.6113176
保安宮,池府王爺,彰化縣田中鎮復興里山腳路四段253巷312號,23.869223,120.603655
順天宮,玄天上帝,彰化縣田中鎮平和里山腳路五段246號,23.875112,120.605074
天受宮,玄天上帝,彰化縣田中鎮新民里沙崙路242號,23.8530127,120.582856
贊天宮,關聖帝君,彰化縣田中鎮復興里文武路341號,23.8617701,120.608799
新聖宮,天上聖母,彰化縣田中鎮新庄里中南路三段286巷14號,23.8543274,120.5948533
旨臨宮,觀音菩薩,彰化縣田中鎮三民里斗中路二段230巷614號,23.8690443,120.5700474
龍門宮,天上聖母,彰化縣田中鎮龍潭里員集路三段729巷393弄85號,23.8747144,120.5872442
道濟禪院,濟公活佛,彰化縣田中鎮復興里文武路103號,23.862116,120.604147
天?寺,觀音菩薩,彰化縣田中鎮中潭里員集路三段125巷175號,23.8678959,120.5859639
普興寺,觀世音菩薩,彰化縣田中鎮復興里文武路323號,23.862116,120.604147
德安岩,歡音佛祖,彰化縣田中鎮東源里中南路二段608巷35號,23.8539714,120.6100231
鎮修佛堂,千手觀音,彰化縣田中鎮復興里10鄰復興路136號,23.863849,120.602903
鎮安宮,輔順將軍,彰化縣田中鎮大社里民光路二段89號,23.879726,120.564791
慈德宮,西王金母,彰化縣田中鎮三安里員集路一段461號,23.8512067,120.5902317
昭天宮,蘇府王爺,彰化縣田中鎮大崙里大安路二段312號,23.835084,120.5953768
崑崙宮,中壇元帥,彰化縣田中鎮大崙里大安路二段39號,23.835084,120.5953768
東天宮,媽祖,彰化縣田中鎮三安里同安路334號,23.8447519,120.5891276
悟修堂,霞海城隍尊師,彰化縣田中鎮東源里山腳路三段259巷122號,23.859006,120.603533
慈衷佛堂,彌勒普薩,彰化縣田中鎮頂潭里和平路369巷16號,23.8707503,120.5948492
福安宮,福德正神,彰化縣田中鎮西路里長順街913號,23.8525401,120.5854674
仁德宮,廣澤尊王,彰化縣田中鎮三安里大安路一段166號,23.8403226,120.5944753
寶藍宮,邢王爺,彰化縣北斗鎮居仁里地政路322號,23.8744042,120.5271473
寶光寺,釋迦佛,彰化縣北斗鎮重慶里武英巷3號,23.8709211,120.52322
寶興宮,白府千歲,彰化縣北斗鎮西德里斗苑路一段382號,23.872686,120.518888
華嚴寺,釋迦佛,彰化縣北斗鎮光復里光復路422號,23.8812248,120.5230194
北斗張府天師公壇,張府天師公,彰化縣北斗鎮文昌里東斗路6號,23.8728187,120.5325146
武英殿,玉天三大子,彰化縣北斗鎮重慶里武英巷211號,23.8709211,120.52322
百姓公廟,百姓公,彰化縣北斗鎮地政路318巷180號,23.8744681,120.530578
普度公壇,普度公,彰化縣北斗鎮五權里光復路54號,23.8705158,120.5246414
萬安?,金王爺,彰化縣北斗鎮重慶里斗苑路一段219號,23.8719051,120.522915
北斗奠安宮,天上聖母,彰化縣北斗鎮光復里斗苑路一段120號,23.8723047,120.5254022
福德祠,福德正神,彰化縣北斗鎮新政里福安巷1號,23.8720581,120.5233665
富美?,蕭府王爺,彰化縣北斗鎮光復里光復路196號,23.8740561,120.524319
廣福宮,玄天上帝,彰化縣北斗鎮新生里興農路一段497巷140號,23.8547085,120.5407334
大眾爺廟,大眾爺,彰化縣北斗鎮西德里西德街7號,23.8724424,120.5205631
保安?,蘇王爺,彰化縣北斗鎮七星里新市街37號,23.8716901,120.526015
順天宮,順天元帥,彰化縣北斗鎮中寮里中寮路27號,23.8811757,120.5095415
忠義宮,關聖帝君,彰化縣北斗鎮五權里宮前街2之218號號,23.870716,120.52562
福門宮,土地公土地婆,彰化縣北斗鎮大新里,23.8555224,120.5595696
將軍祠,一將二軍,彰化縣北斗鎮中寮里中寮路70號,23.8820684,120.5086616
壽安宮,天上聖母,彰化縣北斗鎮西德里舜耕路22號,23.86631,120.514806
福德宮,福德爺,彰化縣北斗鎮中寮里裕後路三和段363號,23.8936999,120.5047858
四武宮,溫府元帥,彰化縣埤頭鄉和豐村埔尾路51號,23.891096,120.4857668
救世宮,二郎尊神,彰化縣埤頭鄉豐崙村校前路182巷175號,23.9169139,120.4594107
保安宮,五年千?,彰化縣埤頭鄉崙子村庄子路281號,23.8959101,120.4629887
金安宮,武安尊二王,彰化縣埤頭鄉芙朝村金安路2號,23.8713991,120.522835
濟安宮,蘇府千歲,彰化縣埤頭鄉新庄村光華號124號,23.85986,120.483585
福安宮,天上聖母,彰化縣埤頭鄉中和村溪林路366號,23.846735,120.460245
仁德宮,周府千歲,彰化縣埤頭鄉大湖村仁德路276號,23.8686585,120.4501653
合興宮,天上聖母,彰化縣埤頭鄉合興村斗苑西路329號,23.892085,120.4576624
豐佑?,朱府千歲,彰化縣埤頭鄉豐崙村埤周路180號,23.9060155,120.4633606
新吉宮,玄天上帝,彰化縣埤頭鄉崙腳村和平路291號,23.8785907,120.4726157
福德祠,福德正神,彰化縣埤頭鄉埤頭村中南路53號,23.8927202,120.4783347
復安宮,池府千歲,彰化縣埤頭鄉陸嘉村中華路440號,23.8526679,120.4664386
南雲寺,觀世音菩薩,彰化縣埤頭鄉崙腳村和平路200號,23.8785907,120.4726157
三元宮,太子元帥,彰化縣埤頭鄉元埔村興農路52號,23.8720951,120.4863875
五福宮,福德正神,彰化縣埤頭鄉和豐村斗苑東路145巷43-1號,23.8843184,120.4959871
廣興宮,觀世音菩薩,彰化縣埤頭鄉大湖村公?路813巷16號,24.1164794,120.6132046
救行宮,秋香尊神,彰化縣埤頭鄉豐崙村青埔路428號,23.9197172,120.461686
清峰嚴,清水祖師,彰化縣埤頭鄉永豐村東西路465巷3號,23.898048,120.442414
達平宮,天師大帝玄天上帝,彰化縣埤頭鄉平原村（路）168號,23.8813659,120.4717657
廣天宮,張天師大帝,彰化縣埤頭鄉平原村稻香路445號,23.8871626,120.4642957
振安宮,玄天上帝,彰化縣埤頭鄉庄內村彰水路一段138號,23.8390609,120.4614399
天濟宮,濟公活佛,彰化縣埤頭鄉興農村彰興路339號,23.9109884,120.4718003
順天宮,玄天上帝,彰化縣埤頭鄉大湖村大湖路30號,23.8655974,120.4545587
慈惠堂,瑤池金母,彰化縣埤頭鄉和豐村福德路142巷0號,23.8514473,120.4788944
竹玄堂,觀音大士,彰化縣埤頭鄉崙腳村中學路72之8號,23.8810137,120.46305
壽南宮,天上聖母,彰化縣溪州鄉坑厝村中和路32號,23.8497821,120.4800863
后天宮,天上聖母,彰化縣溪州鄉瓦厝村東光路20號,23.853955,120.4952005
育善寺,關聖帝君,彰化縣溪州鄉東州村永安路226號,23.8537466,120.5035
聖安宮,關聖帝君,彰化縣溪州鄉舊眉村登山路四段臨46號,23.8520601,120.509608
普玄宮,普庵真人,彰化縣溪州鄉圳寮村下樹巷1號,23.839275,120.521111
國姓宮,開台聖王,彰化縣溪州鄉成功村庄中路21號,23.8257681,120.547319
愛天宮,玄天上帝,彰化縣溪州鄉柑園村面前巷1號,23.82337,120.5371351
南天宮,關聖帝君,彰化縣溪州鄉潮洋村民生路一段72號,23.8145054,120.5181162
北聖天宮,玄天上帝,彰化縣溪州鄉菜公村民生路一段408號,23.815349,120.509436
震威宮,伏魔大帝,彰化縣溪州鄉水尾村村東路1巷9號,23.8305039,120.4681916
法圓禪寺,釋迦牟尼佛,彰化縣溪州鄉溪州村中山路三段11號,23.85303,120.4945949
三仙國王廟,三山國王,彰化縣溪州鄉三圳村莊內巷47號,23.8322681,120.494383
覆靈宮,關聖帝君,彰化縣溪州鄉成功村岸角巷2號,23.8152419,120.5538664
復興宮,蘇府王爺,彰化縣溪州鄉尾厝村中通路90號,23.8590255,120.5005605
武聖宮,武聖關公,彰化縣溪州鄉西畔村石塔巷7號,23.835351,120.542866
興天宮,玄天上帝,彰化縣溪州鄉成功村頂寮巷6號,23.820917,120.553851
溪州萬善祠,百姓公媽,彰化縣溪州鄉溪州村溪林路72號,23.8472898,120.4681066
成功萬善祠,地藏王,彰化縣溪州鄉西畔村溪下路二段102號,23.8322787,120.5339878
開天宮,玄天上帝,彰化縣溪州鄉大庄村東橫巷2-1號,23.814434,120.570094
法藏精舍,釋迦牟尼佛,彰化縣溪州鄉榮光村政民路西巷6之1號,23.8247844,120.5163949
三聖宮,?府千歲,彰化縣溪州鄉西畔村溪下路250之2號,23.8268471,120.5414323
醒靈宮,關聖帝君,彰化縣竹塘鄉民靖村金山路34號,23.8869184,120.4118991
明航寺,釋迦牟尼佛,彰化縣竹塘鄉竹塘村竹五路132巷29號,23.862109,120.4303671
慈碧寺,觀音菩?,彰化縣竹塘鄉內新村東陽路二段70號,23.8471123,120.3874222
后天宮,媽祖,彰化縣竹塘鄉五庄村竹五路222號,23.8685345,120.4315614
德福宮,三山國王,彰化縣竹塘鄉田頭村光明路溪北巷8號,23.8383771,120.453249
廣福宮,蘇府千歲,彰化縣竹塘鄉新廣村光明路廣福巷57號,23.848311,120.427877
廣雲宮,玄天上帝,彰化縣竹塘鄉土庫村東陽路一段安平巷65號,23.8448257,120.4242401
清祖寺,清水祖師,彰化縣竹塘鄉小西村竹西路124號,23.8682666,120.4130123
廣萬宮,三山國王,彰化縣竹塘鄉新廣村光明路新庄巷29號,23.842565,120.425187
廣靈宮,三山國王,彰化縣竹塘鄉內新村洛陽路10號之1,23.8407053,120.3901505
慈天宮,媽祖,彰化縣竹塘鄉溪墘村河陽路21號,23.8386643,120.4155972
北天宮,玄天上帝,彰化縣竹塘鄉田頭村光明路竹田巷74號,23.838171,120.453492
闡陽宮,三恩主,彰化縣竹塘鄉長安村岳陽路13號,23.8341952,120.3867834
廣安宮,媽祖,彰化縣竹塘鄉永安村東陽路二段249號,23.8471123,120.3874222
南天宮,三山國王,彰化縣竹塘鄉竹元村東陽路一段大崙巷42號,23.8577907,120.4215691
開天宮,開台聖王,彰化縣竹塘鄉民靖村成功路811號,23.8761604,120.4176892
慈航宮,觀世音菩?,彰化縣竹塘鄉竹塘村光明路149之1號,23.8403206,120.4343205
省安宮,天上聖母,彰化縣竹塘鄉竹元村竹鹿竹圍巷35之3號,23.860454,120.427867
保聖宮,中壇元帥,彰化縣竹塘鄉竹林村竹鹿路保安巷103號,23.8640918,120.3999071
天倫宮,天上聖母,彰化縣竹塘鄉土庫村東陽路一段頂崙巷41之1號,23.8531281,120.4017761
天聖宮,媽祖,彰化縣竹塘鄉樹腳村福田路5之1號,23.8438379,120.4478086
三清宮,三山國王,彰化縣竹塘鄉竹塘村仁愛街65之1號,23.8629018,120.42831
順天宮,五府千歲,彰化縣二林鎮東和里儒林路二段513巷33號,23.8975131,120.36973
南千宮,蘇府王爺,彰化縣二林鎮南光里富民巷號,23.897498,120.366813
新興宮,清水祖師,彰化縣二林鎮萬合里成田巷6之1號,23.92927,120.4101711
廣福宮,關聖帝君,彰化縣二林鎮後厝里新榮巷1之2號,23.9013651,120.3983097
振興宮,池府千歲,彰化縣二林鎮中西里中三路1號,23.8773603,120.3465422
司察堂,盧三公,彰化縣二林鎮北平里明泉巷5號,23.901654,120.369982
雷王爺宮,雷王爺,彰化縣二林鎮北平里明泉巷5號,23.901654,120.369982
至揚宮,關聖帝君,彰化縣二林鎮中西里2城路771號,23.9929743,120.4818446
天和宮,天上聖母,彰化縣二林鎮廣興里溝頭巷511號,23.857479,120.362812
玄聖宮,玄天上帝,彰化縣二林鎮西庄里泉西巷5之18號,23.95783,120.431397
永興宮,蘇府千歲,彰化縣二林鎮大永里大永路17號,23.912756,120.420309
法林禪寺,釋迦佛,彰化縣二林鎮北平里明泉巷5號,23.901654,120.369982
泰興宮,上帝公,彰化縣二林鎮梅芳里太平路22號,23.9399391,120.434859
德靈宮,池府千歲,彰化縣二林鎮頂厝里文明巷3號,23.945631,120.385168
保安宮,保生大帝,彰化縣二林鎮萬興里中央北街40號,23.955,120.4202267
伍天宮,伍府千歲,彰化縣二林鎮北平里北安街412號,23.9050091,120.367057
泰安宮,媽祖,彰化縣二林鎮華崙里光復路712號,23.9472491,120.445663
仁和宮,,彰化縣二林鎮西平里中正路58號,23.8991158,120.3679921
福安宮,天上聖母,彰化縣二林鎮豐田里太平路155號,23.9138406,120.4025643
至靈聖宮,天上聖母,彰化縣二林鎮外竹里西里巷12號,23.873109,120.386617
天瑤宮,天上聖母,彰化縣二林鎮頂厝里2溪路359巷臨39號,23.9454891,120.3925467
天奉宮,天上聖母,彰化縣二林鎮永興里合和巷7號,23.9447271,120.423553
圓和宮,王孫大使,彰化縣二林鎮趙甲里鎮平巷1之1號,23.934406,120.392439
皇天宮,林府千歲,彰化縣二林鎮廣興里廣東巷2號,23.863976,120.356841
順天宮,池府千歲,彰化縣二林鎮豐田里山寮巷2號,23.9141358,120.4011911
保興宮,神農大帝,彰化縣二林鎮振興里民保巷1號,23.9674229,120.4156391
萬善堂,萬姓公,彰化縣二林鎮大排沙段33｜4地號,23.9141358,120.4011911
二林天人宮,觀世音菩薩,彰化縣二林鎮東華里7鄰原竹路120巷17號,23.8846251,120.427233
順天府,康府千歲,彰化縣二林鎮東華里東巷1之213號,23.8865495,120.4689174
觀玄一品宮,王母娘娘,彰化縣二林鎮豐田里福興巷10之1號,23.913549,120.38153
無極天慈盛宮,朱府千歲金母娘娘,彰化縣二林鎮東華里東巷19號,23.5591364,120.3007457
慈靈宮,天上聖母六媽,彰化縣二林鎮西庄里同安巷80號之1,23.9141358,120.4011911
大城丞天府,五府千歲,彰化縣大城鄉東城村東平路36號,23.8547307,120.3221533
呂山寺,清水祖師,彰化縣大城鄉潭墘村天惠路40之2號,23.8438181,120.353471
全安宮,伍年千歲,彰化縣大城鄉頂庄村東厝路40號,23.8473699,120.2855365
咸安宮,保生大帝,彰化縣大城鄉大城村中平路516號,23.853399,120.320793
玄天宮,玄天上帝,彰化縣大城鄉上山村魚寮路11號,23.8694463,120.3355307
顯榮宮,伍府千歲,彰化縣大城鄉臺西村許厝巷臨0號,23.8409906,120.2685799
福安宮,龍府元帥,彰化縣大城鄉潭墘村光復臨212號,23.8350781,120.3579632
古嚴禪寺,釋迦牟尼佛,彰化縣大城鄉大城村中平路304巷215號,23.851702,120.320774
萬安宮,輔順將軍,彰化縣大城鄉山腳村古山路臨517號,23.8336823,120.3194931
保安宮,媽祖,彰化縣大城鄉潭墘鄉村民生巷18號,23.836167,120.350012
天恩寶宮,觀音菩薩,彰化縣大城鄉東城村東平路188號,23.857538,120.3240594
永鎮宮,林府駙馬,彰化縣大城鄉西港村宮南巷4號,23.86414,120.289111
鎮世宮,天上聖母,彰化縣大城鄉西港村永鎮路27號,23.8645011,120.289199
聖德宮,天上聖母,彰化縣大城鄉豐美村中正路211號,23.8811837,120.3091458
天安宮,觀世音,彰化縣大城鄉山腳村中山路70之1號,23.8678596,120.312979
靈聖宮,朱府千歲,彰化縣大城鄉山豐村和平路5號,23.8483333,120.3088889
普順學原慈惠堂,觀音佛祖,彰化縣大城鄉西港村中央路718號,23.867298,120.291643
天寶宮,朱府千歲,彰化縣大城鄉公館村廟口路1號,23.840408,120.300346
永慶宮,溫府千歲,彰化縣大城鄉三豐村順元路0之7號,23.8850897,120.3003035
海山廟,王府仙師,彰化縣大城鄉西港村光復巷14號,23.865803,120.289639
復興宮,天上聖母,彰化縣芳苑鄉永興村光復巷10號,23.9416557,120.3284899
玄武宮,玄天上帝,彰化縣芳苑鄉新街村新東路20號,23.903831,120.306848
普天宮,天上聖母,彰化縣芳苑鄉芳苑村芳樂街12號,23.9251983,120.3164481
普濟禪寺,釋迦牟尼佛,彰化縣芳苑鄉仁愛村芳頂路11之1號,23.923928,120.316088
妙德禪寺,釋迦牟尼佛,彰化縣芳苑鄉三合村斗苑路三合段137巷12號,23.9024855,120.3531025
壽山宮,池府王爺,彰化縣芳苑鄉和平村新興巷2號,23.9592703,120.3291365
福海宮,天上聖母,彰化縣芳苑鄉民生村芳漢路2號,23.9400543,120.3267025
武龍宮,吳府千歲,彰化縣芳苑鄉頂廓村廟前巷23號,23.9455949,120.3550808
慈聖宮,九蓮佛租,彰化縣芳苑鄉路平村（路）96之42號,23.8988237,120.3421093
鎮安宮,天上聖母,彰化縣芳苑鄉漢寶村復興路15號,23.9990914,120.3912307
龍鳳宮,廣澤尊王,彰化縣芳苑鄉後寮村寮北巷15之1號,23.9220441,120.344116
文德宮,溫府千歲,彰化縣芳苑鄉頂?村中興巷2號,23.9455949,120.3550808
保順宮,保生大帝,彰化縣芳苑鄉新寶村芳漢路永豐巷11之1號,23.9760443,120.3500512
草湖保安宮,王孫大使,彰化縣芳苑鄉建平村2溪路草二段560號,23.9615655,120.3925467
龍天宮,池府千歲,彰化縣芳苑鄉興仁村建成路580巷6號,23.9533094,120.3407641
路上觀音廟,觀音佛祖,彰化縣芳苑鄉路上村,23.9006984,120.3334609
路上代天府,五府千歲,彰化縣芳苑鄉福榮村廟後巷12之1號,23.8918493,120.324812
順安宮,天上聖母,彰化縣芳苑鄉漢寶村漢崙路300號,24.0006825,120.3743079
北天宮,天上聖母,彰化縣芳苑鄉建平村新興巷33號後面,23.965385,120.3947745
芳苑無極西華宮,西王金母娘娘,彰化縣芳苑鄉芳苑村芳漢路芳二段161巷臨158號,23.9287955,120.3176834
天寶宮,九天玄女娘娘,彰化縣芳苑鄉漢寶村芳漢路和一段511巷臨58號,23.9876361,120.3571031
無極混元文樞院中台慈惠堂,無極混元三聖大天尊,彰化縣芳苑鄉漢寶村草漢路498巷1弄106號,24.0064668,120.3852593
北天宮,玄天上帝,彰化縣芳苑鄉新生村草漢路草二段228巷5號,23.9861381,120.3882614
朝範宮,天上聖母,彰化縣芳苑鄉王功村建成路75號,23.9641967,120.340271
聖文宮,關聖帝君,彰化縣芳苑鄉和平村芳漢路王功段臨117號,23.9644777,120.340004
回龍宮,福德正神,彰化縣芳苑鄉三合村斗苑路三段238巷臨82號,23.8985914,120.3898318
安德宮,天上聖母（媽祖）,彰化縣二水鄉二水鄉二水村員集路三段631號,23.8072957,120.6262593
修信堂,五恩主,彰化縣二水鄉二水鄉修仁村修仁路6號,23.799476,120.636992
武天宮,玄天上帝,彰化縣二水鄉二水鄉5伯村過圳路6鄰,23.8166667,120.6166667
贊修宮,關聖帝君,彰化縣二水鄉二水鄉二水村文昌路56號,23.8072506,120.6158198
桃山廟,玄天上帝太子元帥,彰化縣二水鄉二水鄉合和村山腳路二段386號,23.814526,120.6198959
碧雲禪寺,觀世音菩?,彰化縣二水鄉二水鄉惠民村山腳路一段400巷36號,23.8148238,120.6236395
受玄宮,玄天上帝,彰化縣二水鄉二水鄉裕民村7鄰裕民巷53號,23.8166667,120.6166667
三玄宮,玄天上帝,彰化縣二水鄉二水鄉過圳村過圳路3義巷30之7號,23.8166667,120.6166667
神豐宮,慚愧祖師,彰化縣二水鄉二水鄉上豐村山腳路二段,23.814526,120.6198959
奉天宮,北極玄天上帝,彰化縣二水鄉二水鄉15村1五路12-2號,23.8166667,120.6166667
保安萬善堂,大眾爺公,彰化縣二水鄉二水鄉光化村員集路四段152號,23.8054899,120.6328035
定覺寺,千手千眼觀世音菩薩,彰化縣二水鄉二水鄉惠民村1鄰3聖路66號,23.8166667,120.6166667
