昭靈宮,靈官大帝,新北市萬里區萬里村4鄰瑪鋉路197號,25.1732831,121.6938932
保民宮,開漳聖王,新北市萬里區龜吼村11鄰鼓亭14號,25.1879429,121.6767882
忠福宮,開漳聖王,新北市萬里區中幅村中福56號,25.167221,121.675424
保安宮,開漳聖王,新北市萬里區野柳村7鄰港東69號,25.202863,121.691031
天護宮,天上聖母,新北市萬里區崁腳村內中福66號,25.165127,121.661237
福德祠,福德正神,新北市萬里區萬里村23鄰獅頭路2之2號,25.1732831,121.6938932
善德寺,釋迦佛,新北市萬里區大鵬村19鄰萬里加投293號,25.214719,121.644585
溪底村新興宮,天上聖母,新北市萬里區溪底村6鄰溪底路6之2號,24.158827,120.507929
大鵬村加投福德宮,福德正神,新北市萬里區大鵬村9鄰萬里加投45號前方50公尺路旁,25.2106113,121.648274
磺潭村公館崙福德宮,福德正神,新北市萬里區磺潭村公館崙25號左前方100公尺,25.207186,121.628737
萬里村成功新?福德宮,福德正神,新北市萬里區萬里村成功新村27鄰環河路旁,25.1732831,121.6938932
清慈宮,玄天上帝,新北市萬里區雙興村太和11號之3,25.1696545,121.6596987
雙和宮,蘇府王爺,新北市萬里區雙興村太和路7號邊,25.1696545,121.6596987
靈泉寺,釋迦牟尼佛,新北市萬里區溪底村7鄰瑞泉路2之6號,25.1502206,121.6023127
大鵬天護宮,三官大帝,新北市萬里區大鵬村13鄰萬里加投路149之2號,25.2159723,121.643103
漁澳福德宮,福德正神,新北市萬里區龜吼村漁澳16之2厝前,25.195869,121.686497
漁澳順天宮,媽祖,新北市萬里區龜吼村16鄰漁澳6號厝後,25.1879429,121.6767882
金海禪寺,釋迦牟尼佛,新北市萬里區磺潭村13鄰公館崙35之1號,25.207186,121.628737
國聖仁和宮,周府將軍,新北市萬里區野柳村坑內11號,25.2012484,121.6653834
金山財神廟,龍德星君,新北市萬里區磺潭村11鄰公館崙52之2號,25.207186,121.628737
正覺寺,釋迦牟尼佛,新北市萬里區雙興村8鄰達天13之1號,25.1807996,121.6386684
萬里德光佛堂,明明上帝,新北市萬里區溪底村3鄰烏塗炭11號,25.1584628,121.6111949
溪底村富士坪福德宮,福德正神,新北市萬里區溪底村富士坪6號之2,25.153413,121.618522
野柳村朝天宮,天上聖母,新北市萬里區台北縣東澳22號旁,25.1675,121.6394444
聖德宮,三官大帝,新北市金山區三界村三界壇路72號,25.2338661,121.617848
板橋慈惠宮,天上聖母,新北市板橋區挹秀里1鄰府中路81號,25.009403,121.4574301
大觀書社,文昌帝君,新北市板橋區黃石里西門街5號,25.0114422,121.4558606
真武廟,玄天上帝,新北市板橋區光復里8鄰光復街192巷11號,25.0201072,121.4860001
迪毅堂,徐元帥,新北市板橋區流芳里8鄰館前西路912號,25.007293,121.457038
大眾廟,大眾爺,新北市板橋區留侯里8鄰西門街67號,25.009062,121.454434
亮天宮,天上聖母,新北市板橋區九如里2鄰三民路二段70巷17號4樓,25.017119,121.47862
社後北極壇,玄天上帝,新北市板橋區社後里1鄰中正路80巷1弄7號,25.0147099,121.457149
上玄宮,包聖青天,新北市板橋區福祿里8鄰國泰街18號,25.007059,121.468928
潤德宮,福德正神,新北市板橋區成和里2鄰大觀路三段36巷84號,24.9976779,121.434673
福星宮,福德正神,新北市板橋區成和里0鄰金門街127巷19號,24.991098,121.433749
福安宮,福德正神,新北市板橋區溪北里13鄰溪崑2街73巷1號,24.990269,121.428422
板橋後埔福德宮,福德正神,新北市板橋區後埔里1鄰重慶路67巷1號,25.006654,121.461931
埔墘福德宮,福德正神,新北市板橋區九如里2鄰中山路二段250巷1號,25.0176746,121.4787085
福德祠,福德正神,新北市板橋區廣德里18鄰重慶路269巷13號,24.999412,121.464012
浮洲福德宮,福德正神,新北市板橋區大安里20鄰大觀路二段163號,25.000515,121.445473
歡子園福德宮,福德正神,新北市板橋區歡園里2鄰大觀路一段38巷156弄39號,25.0059319,121.442582
三抱竹聚安宮,福德正神,新北市板橋區福安里17鄰大觀路二段419號旁,24.9970476,121.4434752
板橋廣厚宮,福德正神,新北市板橋區信義里19鄰信義路164之1號,24.991311,121.459187
福興宮,福德正神,新北市板橋區湳興里7鄰南雅西路一段134號,25.007002,121.45251
板橋接雲寺,觀世音菩薩,新北市板橋區留侯里8鄰西門街69號,25.0088831,121.4544232
宏法禪寺,釋迦佛,新北市板橋區鄉雲里15鄰4川路一段232巷1號,25.001249,121.4581159
接源堂,觀音佛祖,新北市板橋區漢生里8鄰光正街52號,25.0175957,121.4617131
鳳山寺,雙忠聖王,新北市板橋區文翠里4鄰仁化街181號,25.033909,121.478148
菩提院,釋迦牟尼佛,新北市板橋區漢生里7鄰光正街45巷17號,25.0164941,121.4616529
大佛寺,三寶如來,新北市板橋區聯翠里4鄰文化路二段75號,25.0258501,121.4693661
妙雲宮,王禪老師,新北市板橋區重慶路37號,25.0077027,121.4612305
港仔嘴福德宮,福德正神,新北市板橋區港嘴里6鄰八德路三段516號,25.0261159,121.4817056
靈光寺,三寶如來佛,新北市板橋區溪北里8鄰溪崑2街73巷1之1號,24.990269,121.428422
環安府,張李莫府千歲,新北市板橋區懷翠里6鄰民治街71巷60弄臨4之5號,25.0304695,121.4820368
一言精舍,釋迦牟尼佛,新北市板橋區光榮里13鄰光華街62、64號,25.013159,121.453909
慈后宮,天上聖母,新北市板橋區宏翠里8鄰長江路一段106巷7號,25.029401,121.459808
庭天宮,關聖帝君,新北市板橋區浮洲里14鄰大觀路一段廿8巷廿6號,25.0085459,121.450293
正聖福德宮,福德正神,新北市板橋區自由路26巷30號,25.0224204,121.4667158
板橋珠龍宮,孚佑帝君,新北市板橋區中正里12鄰中正路489巷臨17號,25.0111111,121.4458333
埤墘福德宮,福德正神,新北市板橋區華江里19鄰莊敬路179號,25.022927,121.471635
北天廟,玄天上帝,新北市板橋區振義里6鄰萬安街124巷4號,25.0225129,121.484894
板橋江子翠潮和宮,三官大帝,新北市板橋區江翠里7鄰吳鳳路50巷93號,25.030178,121.469152
臺北鎮北宮,五府千歲,新北市板橋區崑崙里12鄰存德街56、58號,24.9913499,121.430864
無極宮,西王金母,新北市板橋區東安里7鄰漢生東路193巷69弄13號,25.0127065,121.4727379
廣玄宮,北極玄天上帝,新北市板橋區東安里6鄰漢生東路193巷97號,25.0121608,121.4733115
保安宮,保生大帝,新北市板橋區溪頭里15鄰長江路三段5之1號旁,25.033151,121.4706125
海山天后宮,天上聖母,新北市板橋區海山里11鄰長安街138巷1弄83之5號,25.011254,121.474665
板橋鎮安宮,中壇元帥,新北市板橋區三民路二段109巷45號(長壽里6鄰),25.0159837,121.4805801
板橋天秀宮,女媧娘娘,新北市板橋區信義里6鄰臨信義路臨52之2號,24.9934538,121.4574017
板橋足天宮,天上聖母,新北市板橋區振義里9鄰萬安街廿巷34號,25.022979,121.4846845
港尾福德宮,土地公,新北市板橋區港尾里9鄰中正路254之1號,25.0193439,121.455621
板橋天公廟,玉皇大帝,新北市板橋區香雅里8鄰南雅西路二段301巷23號,25.016042,121.451774
新海福德宮,福德正神,新北市板橋區綠堤街318號,25.0266635,121.45626
北門福德宮,福德正神,新北市板橋區文化路一段23號,25.0108422,121.4582648
忠順廟,保儀大夫,新北市汐止區義民里11鄰公園路0號,25.0680132,121.65925
濟德宮,天上聖母,新北市汐止區禮門里9鄰中正路239號,25.068641,121.657642
拱北殿,孚佑帝君,新北市汐止區栱內里1鄰汐萬路三段88號,25.0943476,121.6423279
南天宮,孚佑帝君,新北市汐止區烘內里8鄰汐萬路三段瑞松街2巷9號,25.1044024,121.6438274
福山巖顯應廟,顯應祖師,新北市汐止區福山里民權街二段121號,25.0479217,121.6190801
新福宮,福德正神,新北市汐止區橋東里15鄰茄苳路29巷2之1號,25.07032,121.66525
福龍宮,福德正神,新北市汐止區復興里1鄰水源路一段71號,25.064763,121.657232
財團法白雲寺,釋迦牟尼佛,新北市汐止區白雲里白雲路283號,25.0412417,121.652026
秀峰山靜修禪院,南無本師釋迦牟尼佛,新北市汐止區秀山里秀峰路155號,25.061754,121.661574
汐止鎮慈航紀念堂,慈航肉身菩薩,新北市汐止區秀山里5鄰秀峰路247號,25.0597593,121.6633262
金龍山北峰寺,釋迦牟尼佛,新北市汐止區湖山里4鄰湖前街110巷101號,25.0666667,121.6666667
北后雲天宮,十二延天溪女娘娘,新北市汐止區東勢里9鄰東勢街716巷216號,25.0402029,121.62667
玉勒紫明代天府建凌宮五大巡總廟,五府千歲,新北市汐止區北山里16鄰明峰街288號,25.0675297,121.6249529
福正宮,福德正神,新北市汐止區江北里汐萬路一段312號,25.0747513,121.6503115
金龍湖福德宮,土地公,新北市汐止區北峰里19鄰康寧街491號,25.0685244,121.6326586
五堵福興宮,土地公,新北市汐止區長安里7鄰長安路64號,25.0783489,121.668894
虎形山福德宮,福德正神,新北市汐止區新昌里313鄰招商街1號,25.069914,121.665477
五谷金聖殿,神農大帝,新北市汐止區秀山里215鄰418號旁,25.063172,121.6611063
和德宮,福德正神,新北市汐止區樟樹里樟樹一路129巷34弄21號,25.064825,121.640184
下寮福安宮,福德正神,新北市汐止區智慧里213鄰大同路二段169巷40號之1,25.065231,121.650581
下街福德宮,福德正神,新北市汐止區智慧里3鄰汐萬路一段317號,25.070049,121.654389
慈航大師開山彌勒內院,釋迦牟尼,新北市汐止區秀峰里214鄰秀峰路245號,25.0597785,121.6632579
聖德宮,瑤池金母,新北市汐止區秀峰里勤進路193號,25.054012,121.664921
天秀宮,關聖帝君,新北市汐止區白雲里19鄰勤進路601號,25.0527545,121.6631512
白雲福德宮,福德正神,新北市汐止區白雲里20鄰水源路二段314號對面,25.0416597,121.656829
興善宮,關聖帝君,新北市汐止區長青里0鄰長青路1號,25.1115319,121.6057721
賜福宮,福德正神,新北市汐止區茄苳里茄福街76巷1號邊,25.067537,121.673247
北佑宮,土地公,新北市汐止區南陽街91巷318弄5號,25.060507,121.624477
福壽宮,土地公,新北市汐止區環河里2鄰吉林街24巷底,25.0606641,121.6268837
添福宮,土地公,新北市汐止區茄苳里12鄰茄福街73巷8號,25.066122,121.673253
靈菩寺,觀音佛祖,新北市汐止區長安里2鄰橋東街廿7巷13號,25.075692,121.666351
玉泉宮,關聖帝君,新北市汐止區鄉長里長江街287之1號,25.081775,121.66487
長安慈惠堂,西王金母,新北市汐止區保長里2鄰長興街二段50巷50號,25.08081,121.675658
聖德福龍廟,福德正神,新北市汐止區保長里保新街147號,25.069915,121.688296
保長坑橋頭福德宮,福德正神,新北市汐止區大同路三段424號左,25.072296,121.682949
覺善寺,釋迦牟尼佛,新北市汐止區東山里18鄰汐平路二段廿6巷8號,25.0658299,121.6942178
福瑞宮,福德正神,新北市汐止區江北里0鄰汐萬路一段138號邊,25.0767833,121.6539774
和平宮,福德正神,新北市汐止區仁德里16鄰和平街6巷3弄2號旁,25.0710307,121.6628884
彌勒山天道清修院,明明上帝,新北市汐止區白雲里19鄰勤進路723號,25.053827,121.664231
德明宮,福德正神,新北市汐止區中興里福德一路231號,25.0649882,121.6341317
五東山慈聖宮,瑤池西王金母,新北市汐止區東山里內曾路6號,25.0476149,121.7022403
聖覺寺,釋迦牟尼佛,新北市汐止區汐萬路三段285號,25.0999462,121.6425027
天聖代天府,李府王爺,新北市汐止區長青里1鄰8連路三段238號之2,25.0914323,121.6368663
增福慈惠堂,瑤池金母,新北市汐止區長青里1鄰8連路三段238號之3,25.0914323,121.6368663
慈聖佛堂,彌勒祖師,新北市汐止區長青里1鄰8連路三段196號之1,25.0914323,121.6368663
保長仙姑廟,福德正神,新北市汐止區保長里3鄰長興街二段50巷50號之1,25.08081,121.675658
慈上堂,三清道祖,新北市汐止區橫科里37鄰橫科路407巷25弄17號,25.047981,121.62555
汐止武聖宮,伍府千歲,新北市汐止區鄉長里5鄰鄉長路二段26巷25號之1,25.082763,121.66813
宜興福德宮,福德正神,新北市汐止區宜興里211鄰林森街70號,25.0408328,121.6231693
廣修禪寺,釋迦牟尼佛,新北市汐止區烘內里16鄰汐萬路三段300巷2號,25.113848,121.63611
汐止巧聖仙師廟,巧聖先師魯公班,新北市汐止區自強里8鄰環山路5號之1,25.0599229,121.6567911
汐止福恩廟,福德正神,新北市汐止區樟樹里11鄰大同路一段111巷廿號,25.0549349,121.629836
福興宮,土地公,新北市汐止區文化里8鄰汐碇路9號,25.058445,121.653365
天龍宮,顯應祖師,新北市深坑區阿柔村阿柔洋2鄰61號,24.998691,121.607145
無極萬壽宮,玉皇上帝,新北市深坑區萬福村25鄰萬福路215巷60號,25.0124588,121.6054747
集順廟,保儀尊王,新北市深坑區深坑村7鄰深坑街135號,25.0012245,121.6132934
鎮南宮,天上聖母,新北市深坑區阿柔村大崙腳8號,24.993132,121.61316
慈聖宮,蘇府王爺,新北市深坑區北深路一段300號,25.005805,121.624069
龍鳳寺,圓通自在天尊,新北市深坑區萬福村25鄰萬福路215巷60號,25.0124588,121.6054747
天南宮,中壇元帥,新北市深坑區阿柔村大崙尾1號,24.974763,121.616664
玉旨無極慈母宮,驪山老母,新北市深坑區昇高村王軍寮7之5號,24.985848,121.619147
雲登山寺,釋迦牟尼佛,新北市深坑區昇高村0鄰王軍寮7之2號,24.985848,121.619147
集慶宮,保儀尊王,新北市石碇區中民村11鄰石碇子埔413號,25.008298,121.671976
慈德宮,玄天上帝,新北市石碇區永定村大湖格2號之1,25.014015,121.700769
姑娘廟,魏姑娘,新北市石碇區永定村7鄰大湖格22號之1,25.0166146,121.6982557
忠義宮,楊府元帥,新北市石碇區烏塗村2鄰烏塗窟414號,24.972411,121.655627
光明禪寺,釋迦牟尼佛,新北市石碇區光明村1鄰碇南路二段鹿窟巷17號,25.0297235,121.6724845
太清殿,鴻鈞老祖,新北市石碇區格頭村12鄰北宜路四段1號,24.9567054,121.623805
佛心山惠光寺,釋迦牟尼佛,新北市石碇區隆盛村8鄰新興坑32號,25.018525,121.652007
佛濟寺,觀音佛祖,新北市石碇區格頭村0鄰2格路9號,24.9437105,121.6226051
法濟寺,釋迦牟尼佛,新北市石碇區隆盛村4鄰吊橋2號,25.0095438,121.6525516
雲台山大羅金仙府,太上老君,新北市石碇區永定村8鄰蚯蚓坑19之2號,25.008316,121.683865
龍星眾天殿,天上聖母,新北市石碇區潭邊村6鄰湳窟路41、42號,24.9919204,121.6619429
文山天寶聖道宮,玉皇上帝,新北市石碇區潭邊村3鄰石崁5之1號,24.993567,121.655055
達香寺,釋迦牟尼佛,新北市石碇區豐田村3鄰磨石坑33號,24.975663,121.68934
南屏山壺酒寺,濟公菩薩,新北市石碇區永定村8鄰蚯蚓坑19之3號,25.008316,121.683865
蓮池庵,三寶佛,新北市石碇區光明村1鄰碇南路二段8號,25.0196647,121.6716953
行德慈惠堂,西王金母,新北市石碇區潭邊村2鄰外按18之3號,24.994693,121.650935
慈蓮苑,釋迦牟尼佛,新北市石碇區豐田村4鄰華梵路2號,24.9764012,121.6906905
寶德山大鴻慈惠堂,瑤池金母,新北市石碇區烏塗村9鄰中楒仔腳1之1,24.970651,121.6429748
無極靈天宮,靈山王母娘娘,新北市石碇區格頭村12鄰荖寮20號,24.9437105,121.6226051
朱玄堂,朱府王爺,新北市石碇區潭邊村0鄰小粗坑1之2號,24.988006,121.677244
五路財神廟,五路財神,新北市石碇區永定村7鄰大湖格20之1號,25.0169999,121.6973035
玉旨堂,軒轅皇帝,新北市石碇區潭邊村0鄰小粗坑2之1號,24.988006,121.677244
石碇三濟宮,中壇元帥,新北市石碇區鳥塗村8鄰半路店1之1號,24.024501,120.827704
護安宮,楊府元帥,新北市石碇區永安村6鄰北宜路六段小金瓜寮巷3號,24.8973275,121.6169002
九龍山上帝公廟,玄天上帝,新北市石碇區光明村2鄰碇南路二段松柏崎巷313號,25.021902,121.6768736
石碇彭山天后宮,天上聖母,新北市石碇區彭山村4鄰崩山313之3號,24.9699019,121.6783199
菩提山大空精舍,釋迦牟尼佛,新北市石碇區烏塗村9鄰中楒仔腳2之11號,24.9707771,121.6539774
靈山禪林寺,釋迦牟尼佛,新北市石碇區永定村藤寮坑2號,24.8165676,121.7814207
元寶山仙石府,財神,新北市石碇區永定村7鄰大湖格16號,25.014015,121.700769
儒林佛院,彌勒佛,新北市石碇區隆盛村12鄰8分寮43號,24.8165676,121.7814207
玉桂嶺東隆宮,溫府王爺,新北市石碇區豐田村6鄰玉桂嶺5之6號,24.9884774,121.7024448
聖興宮,保儀尊王,新北市石碇區永定村2鄰大溪墘7號,25.008597,121.693239
大願山拜佛寺,釋迦牟尼佛,新北市石碇區格頭村北宜路五段火燒樟巷6之1號,24.9517633,121.6459788
玄義宮,真武大帝,新北市石碇區潭邊村小粗坑15號旁,24.988006,121.677244
瑞芳青雲殿,神農大帝,新北市瑞芳區濱海里12鄰濱二路30號,25.1089019,121.81005
聖明宮,關聖帝君,新北市瑞芳區崇文里1鄰街頂巷56號,25.1076959,121.844569
保民堂,神農大帝,新北市瑞芳區瓜山里4鄰金光路117號,25.1068726,121.8562346
威遠廟,鄭成功,新北市瑞芳區濂新里4鄰明里路7之1號,25.1220407,121.8688361
福龍宮,天上聖母,新北市瑞芳區海濱里4鄰海濱路39號,25.1237189,121.831088
磅磅仔三府宮,三府王爺,新北市瑞芳區瑞濱里1鄰海濱路55之2號,25.123539,121.831394
四腳亭吉安宮,天上聖母,新北市瑞芳區吉慶里3鄰瑞竹路91號,25.1039589,121.7620526
勸濟堂,關聖帝君,新北市瑞芳區銅山里2鄰祈堂路513號,25.109978,121.859523
新興宮,天上聖母,新北市瑞芳區鼻頭里3鄰鼻頭路41號,25.124707,121.916311
開成殿,玉皇上帝,新北市瑞芳區永慶里8鄰烏勢巷152號之1,25.108914,121.845868
九份明聖宮,協天大帝,新北市瑞芳區頌德里1鄰坑尾巷37號,25.110377,121.8438178
昭靈廟,城隍,新北市瑞芳區基山里0鄰汽車路11號,25.111093,121.845228
萬壽宮,瑤池金母,新北市瑞芳區傑魚里3鄰8分寮路10號,25.0959251,121.7964688
福山宮,福德正神,新北市瑞芳區永慶里9鄰崙頂路2號,25.1072388,121.8464444
金福宮,福德正神,新北市瑞芳區石山里2鄰5號路253之1號,25.1150856,121.8548378
瑞福宮,福德正神,新北市瑞芳區柑坪里1鄰明燈路一段100號,25.1088447,121.8185764
龍安祠,福德正神,新北市瑞芳區龍安里1鄰瑞芳街4號,25.109945,121.806706
慈雲寺,釋迦牟尼佛,新北市瑞芳區海濱里19鄰濱二路56號,25.1190101,121.8354076
金山佛堂,釋迦牟尼佛,新北市瑞芳區福住里8鄰佛堂巷48號,25.106696,121.841493
金山寺,釋迦牟尼佛,新北市瑞芳區頌德里10鄰汽車路142號,25.1096659,121.8430664
龍巖宮,清水祖師,新北市瑞芳區龍川里1鄰1坑路30號,25.143758,121.7690951
弘明寺,釋迦牟尼佛,新北市瑞芳區龍鎮里15鄰岳王路136號,25.111258,121.8093397
瑞慈宮,天上聖母,新北市瑞芳區爪峰里13鄰3爪子坑路106巷190號,25.0932121,121.8078603
碧雲宮,玉皇大帝,新北市瑞芳區深澳里6鄰深澳路3號,25.12875,121.816184
瑞龍宮,西秦王爺,新北市瑞芳區龍山里10鄰逢甲路250號,25.1105589,121.805332
保安宮,關聖帝君,新北市瑞芳區侯硐里2鄰侯硐路302號,25.084635,121.8271307
保安宮,保儀大夫,新北市瑞芳區上天里2鄰大寮路5之2號,25.0998296,121.7850804
法龍寺,釋迦牟尼佛,新北市瑞芳區龍鎮里0鄰逢甲路150之1號,25.109369,121.808155
福德宮,福德正神,新北市瑞芳區傑魚里7鄰傑魚坑路262之1號,25.1102739,121.793274
忠仁廟,保儀大夫,新北市瑞芳區新峰里9鄰3爪子坑路309之2號,25.0941288,121.8206743
南新宮,媽祖,新北市瑞芳區南雅里2鄰南雅路29之2號,25.120718,121.887819
福壽宮,福德正神,新北市瑞芳區深澳里3鄰深澳路75號,25.130535,121.817858
榮興福德宮,土地公,新北市瑞芳區深澳里14鄰建基路二段45號,25.133384,121.806767
蕃仔澳天福宮,福德正神,新北市瑞芳區深澳里1鄰深澳路197之3號,25.133847,121.819886
昭明宮,關聖帝君,新北市瑞芳區深澳里14鄰建基路二段106之1號,25.1325968,121.81163
萬福宮,福德正神,新北市瑞芳區鎮吉慶里0鄰中央路48號,25.103887,121.759016
安德宮,土地公,新北市瑞芳區東和里6鄰中山路266號右側,25.1034933,121.8035886
四腳亭福興宮,福德正神,新北市瑞芳區吉慶里16鄰月眉路10號,25.1091248,121.7607352
四腳亭九玄宮,蘇府千歲,新北市瑞芳區吉安里5鄰大埔路國宅新村17之1號,25.1005809,121.7629996
指雲宮,玉皇上帝,新北市瑞芳區龍潭里15鄰岳王路240號,25.111903,121.813982
爪峰里福德宮,福德正神,新北市瑞芳區爪?里13鄰3爪子坑路118號,25.1089019,121.81005
上天福安宮,福德正神,新北市瑞芳區上天里7鄰滴水子路29號,25.0887895,121.7708337
忠孝宮,關聖帝君,新北市瑞芳區深澳里14鄰建基路二段5號,25.132386,121.810787
佛慈禪寺,釋迦牟尼佛,新北市瑞芳區新峰里13鄰員山子路39號,25.1039954,121.8199202
夢幻寺,西方三聖,新北市瑞芳區碩仁里6鄰魚寮路210號,25.0646739,121.8273945
大行山聖泉寺,釋迦牟尼佛,新北市瑞芳區碩仁里6鄰魚寮路206之1號,25.0646739,121.8273945
天華山慈惠堂,瑤池金母,新北市瑞芳區猴硐里9鄰猴硐路38號,25.1089019,121.81005
慈音寺,觀世音菩薩,新北市瑞芳區上更里5鄰大寮路63巷1 1號,25.100231,121.776859
成安宮,天上聖母,新北市平溪區○分村6鄰○分街189號,25.0345984,121.7537404
龍興宮,四府王爺,新北市平溪區○分村0鄰○分街312號,25.0345984,121.7537404
觀音巖,觀音佛祖,新北市平溪區石底村3鄰公園街18號,25.0250637,121.7379089
靈巖寺,觀世音菩薩,新北市平溪區嶺腳村6鄰嶺腳寮104號,25.029075,121.746763
慈航宮,觀世音菩薩,新北市平溪區嶺腳村2鄰田子路212號,25.0406267,121.7394939
三聖宮,保儀大夫,新北市平溪區白石村9鄰中埔路217之1號,25.0145579,121.7209709
十方大法寺,三寶佛,新北市平溪區嶺腳村2鄰田子路3之6號,25.0406267,121.7394939
大香山觀音禪寺,觀音菩薩,新北市平溪區薯榔村7鄰雙菁路118號,25.0206713,121.7144142
百騏宮,圓通自在天尊,新北市平溪區東勢村7鄰東勢格1之1號,25.005296,121.735761
三忠廟,三忠公,新北市雙溪區雙溪村4鄰長安街15號,25.0347673,121.8649019
南天宮,關聖帝君,新北市雙溪區新基村9鄰新基北街64號,25.039909,121.868825
威惠廟,開漳聖王,新北市雙溪區長源村8鄰柑腳21號,25.014873,121.804111
壽山宮,天上聖母,新北市雙溪區泰平村9鄰溪尾寮45號,24.96127,121.819618
慶雲宮,玉皇大帝,新北市雙溪區牡丹村19鄰下坑35號,25.0564215,121.8506829
聖南寺,釋迦牟尼佛,新北市雙溪區牡丹村9鄰聖南30號,25.0519269,121.857101
慈安宮,天上聖母,新北市雙溪區三港村4鄰三港7號,25.051049,121.868665
龍華山大觀寺,本師釋迦牟尼佛,新北市雙溪區三港村雙澳路卅5之1號,25.0506547,121.8688695
興道山聖南寺,釋迦牟尼佛,新北市雙溪區牡丹村9鄰聖南30號之1,25.0519269,121.857101
無量光寺,釋迦牟尼佛,新北市雙溪區外柑村1鄰土地公後5之3號,25.0011244,121.8277925
雙溪聖龍宮,王母娘娘,新北市雙溪區外柑村0鄰3叉坑4之2號,25.0011244,121.8277925
深庫佛寺,釋迦牟尼佛,新北市雙溪區外柑村15鄰3叉坑11之2號,25.0011244,121.8277925
慶山慈惠堂,瑤池金母,新北市雙溪區外柑村15鄰3叉坑13號,25.0011244,121.8277925
德心宮,天上聖母,新北市貢寮區雙玉村德心街10號,25.0159059,121.918729
東興宮,三府王爺,新北市貢寮區福隆村東興街3號,25.0180286,121.9493592
福安廟,延平郡王鄭成功,新北市貢寮區美豐村12鄰雞母嶺街7號,25.0618057,121.897203
慶安宮,延平郡王,新北市貢寮區真理村延平街13號,25.0555728,121.9246573
聖山寺,釋迦如來佛,新北市貢寮區福隆村東興街30之1號,25.0180286,121.9493592
仁安廟,三山國王,新北市貢寮區真理村新港街216巷216號,25.0544457,121.9269637
龍安宮,玉皇上帝,新北市貢寮區和美村龍洞街38-1號,25.111006,121.9161518
保安廟,延平郡王,新北市貢寮區和美村和美街20-1號,25.0841995,121.9133895
利洋宮,觀音佛祖,新北市貢寮區福連村8鄰福興街25號,25.012078,121.9913915
靈鷲山無生道場,釋迦牟尼佛,新北市貢寮區福連村香蘭街7之1號,25.0227376,121.9804717
慈願寺,釋迦牟尼佛,新北市貢寮區美豐村18鄰雞母嶺街53之2號,25.0618057,121.897203
天慶堂,明明上帝,新北市貢寮區龍崗村2鄰嵩陽街38號,25.0152287,121.9058371
福正宮,福德正神,新北市貢寮區真理村20鄰美灩山街39之1號,25.0621136,121.9160211
太平宮,開漳聖王,新北市新店區太平里太平路61號,24.9592998,121.5329045
大香山慈音巖,明明上帝,新北市新店區美潭里16鄰長春路252號,24.960976,121.559838
岐山巖,清水祖師,新北市新店區屈尺里12鄰屈尺路125號,24.923463,121.544983
平安齋廟,孚佑帝君,新北市新店區寶福里13鄰寶橋路140巷1號,24.9752909,121.5452109
普明宮,關聖帝君,新北市新店區廣明里6鄰中興路一段70號,24.9601907,121.5397228
臨水宮,臨水陳太后,新北市新店區頂城里5鄰溪洲路28號,24.9640461,121.5307119
潤濟宮,三官大帝,新北市新店區雙城里11鄰安康路三段306號,24.9518559,121.487095
新龍宮,九天四聖帝,新北市新店區廣明里6鄰中興路一段511號,24.960061,121.539774
南青宮,朱府王爺,新北市新店區青潭里1鄰北宜路一段286號,24.952545,121.546675
開天宮,盤古帝王,新北市新店區新店里6鄰新店路65號,24.9528289,121.537541
廣照禪寺,釋迦佛,新北市新店區廣明里6鄰中興路一段918號,24.960061,121.539774
廣明寺,釋迦牟尼佛,新北市新店區廣明里6鄰中興路一段618號,24.960061,121.539774
大佛寺,觀音菩薩,新北市新店區太平里2鄰碧潭路313號,24.955256,121.533779
養源堂,釋迦佛,新北市新店區屈尺里2鄰康雅崙路1號之1號,24.929848,121.54358
海會寺,釋迦佛祖,新北市新店區直潭里6鄰灣潭路712之1號,24.9420959,121.538176
淨業寺,釋迦牟尼佛,新北市新店區國校里1鄰北宜路一段127巷25號,24.953849,121.542215
竹林寺,釋迦牟尼佛,新北市新店區文中里7鄰文中路616號,24.956526,121.540653
聖弘寺,釋迦牟尼佛,新北市新店區國校里9鄰國校路411號,24.953796,121.538363
妙法寺,觀音菩薩,新北市新店區張南里9鄰環河路19巷17號,24.960098,121.537884
咸亨宮,福德正神,新北市新店區百忍里7鄰自由街2號,24.9751459,121.53546
妙祥禪寺,觀世音菩薩,新北市新店區塗潭里11鄰新潭路三段13、15號,24.909998,121.50312
慈雲禪寺,釋迦牟尼佛,新北市新店區屈尺里3鄰新烏路二段40號,24.9281239,121.544472
新店竹雲寺,觀世音菩薩,新北市新店區員潭里11鄰中生路149號,24.9482698,121.5744829
無極靈山台,無極靈山王母娘娘,新北市新店區粗坑里4鄰湖興路111號,24.9337941,121.5627308
先帝宮,五穀仙帝,新北市新店區雙坑里7鄰北宜路三段335巷15號,24.953597,121.591376
玉旨玄聖宮,北極玄天二帝,新北市新店區忠孝里9鄰中正路663巷7弄15號,24.9900819,121.532984
明修宮,關聖帝君,新北市新店區日興里213鄰安康路三段607之1號,24.940208,121.471745
青潭明聖宮,謝映登仙翁,新北市新店區青潭里7鄰北宜路二段63巷20號,24.951594,121.54792
皇意宮,西方瑤池金母,新北市新店區直潭里3鄰灣潭路28之1號,24.95017,121.539825
青山巖,觀世音菩薩,新北市新店區柴埕里28鄰柴埕路52巷20號,24.9662469,121.509985
檳榔坑頭福德宮,福德正神,新北市新店區中興里18鄰檳榔路151之1號,24.961094,121.545727
長興宮,福德正神,新北市新店區粗坑里1鄰新烏路一段70號,24.9413439,121.545734
受玄宮,玄天上帝,新北市新店區廣興里13鄰廣興路156號,24.9088359,121.536841
開靈慈隱宮,圓通自在天尊,新北市新店區廣興里小坑二路2巷7號,24.9511279,121.490934
至善大道院,彌勒佛,新北市新店區德安里212鄰薏仁坑59之1號,24.9596673,121.4967204
建業福德宮,福德正神,新北市新店區日興里5鄰建業路2號旁,24.9467257,121.4741827
福神宮,福德正神,新北市新店區員潭里1鄰北宜路二段126號,24.953689,121.563724
佛所護念廟,釋迦牟尼,新北市新店區寶福里219鄰寶興路70巷5號,24.970581,121.550398
大光寺,釋迦牟尼佛,新北市新店區廣興里7鄰廣新路111巷2號,24.91176,121.53681
屈尺福德宮,福德正神,新北市新店區屈尺里12鄰屈尺路161之3號,24.9222079,121.542198
靈山媽祖廟,天上聖母,新北市新店區員潭里銀河路816之1號,24.957237,121.576841
海藏寺,三寶佛,新北市新店區太平里3鄰碧潭路55號,24.956776,121.533772
寶橋福壽宮,福德正神,新北市新店區寶福里6鄰寶橋路266號,24.9790349,121.5517307
三清宮,太上道祖,新北市新店區廣興里2鄰廣興路27巷29號,24.911083,121.539469
新店玫瑰社區福德宮,福德正神,新北市新店區吉祥里1鄰玫瑰路35號,24.9480057,121.4958248
鎮凡宮,觀世佛祖,新北市新店區雙坑里11鄰翠峰路55巷36號,24.9390807,121.5848423
印月禪寺,釋迦牟尼佛,新北市新店區廣興里9鄰小坑一路12號,24.913138,121.534377
福德山宮,福德正神,新北市新店區日興里7鄰安康路三段578之1號,24.9487889,121.4813
青龍山濟善寺,濟公禪師,新北市新店區粗坑里5鄰湖興路臨128號之3,24.9339332,121.5626885
雲陽寺,釋迦牟尼佛,新北市新店區員潭里銀河路213號,24.957237,121.576841
覺圓寺,釋迦牟尼佛,新北市新店區廣興里11鄰成功路413號,24.897688,121.5393915
修聖宮,瑤池金母,新北市新店區塗潭里4鄰新潭路一段120巷16之1號,24.943301,121.522872
崇德宮,三府王爺,新北市新店區直潭里2鄰灣潭路12號之2,24.9469339,121.538583
玉敕后谷宮,天上聖母,新北市新店區廣興里0鄰小坑三路12之1號,24.9076861,121.5147256
太乙道堂,太乙真人,新北市新店區雙坑里13鄰翠峰路60巷11號,24.9390807,121.5848423
湄洲臺北天后宮,天上聖母,新北市新店區安業街215巷12號,24.974851,121.521219
碧潭寺,釋迦牟尼佛,新北市新店區廣明里6鄰中興路一段918之1號,24.960061,121.539774
東華聖宮,東華帝君,新北市新店區塗潭里華城路200號之1,24.937794,121.519783
南山寺,仙公呂洞賓,新北市坪林區漁光村樟空子5號,24.9677452,121.7273309
美山佛祖廟,觀音佛祖,新北市坪林區石嘈村9鄰尖山湖6號,24.9244444,121.7266667
天佛禪院,藥師佛,新北市坪林區大林村9鄰?魚堀216之2號,24.8758459,121.7081454
臺北石靈宮,石靈大帝,新北市坪林區漁光村13鄰中心崙16之1號,24.947503,121.780839
天地靈元宮,地母娘娘,新北市坪林區粗窟村7鄰仁里?2號之1,24.943566,121.6757352
關聖宮,關聖帝君,新北市坪林區石嘈村6鄰碧湖8號之5,24.9244444,121.7266667
福安宮,福德正神,新北市坪林區上德村8鄰大粗坑8號旁,24.9645866,121.7138458
福德宮,福德正神,新北市坪林區上德村3鄰林梅嶺11號旁,24.9645866,121.7138458
乾元宮,元始天尊,新北市坪林區水德村0鄰東坑5之1號,24.922418,121.746604
文山禪寺,地藏王,新北市坪林區上德村1鄰竹子易2號,24.9522477,121.6842359
烏來妙心寺,釋迦牟尼佛,新北市烏來區烏來村2鄰烏來街71號,24.8644335,121.5517682
九玄聖宮,三田都千歲齊天大聖,新北市烏來區忠治村7鄰金堰9號,24.8803749,121.5548552
烏來普陀山慈音精舍,千手千眼觀世音菩薩,新北市烏來區烏來村14鄰西羅岸路122之5號,24.862304,121.541717
保福宮,保生大帝,新北市永和區下溪里2鄰仁愛路202巷9弄2號,25.01312,121.5087038
湄聖宮,天上聖母,新北市永和區永樂里1鄰安樂路463巷12號,25.00504,121.513898
清華寺,釋迦牟尼佛,新北市永和區豫溪里8鄰中正路680巷15號,25.0095619,121.5181
永和聖明宮,北極玄天上帝,新北市永和區秀朗路214巷14號,25.0069787,121.513889
南天南天宮,觀音大士,新北市永和區民富里13鄰民樂街59巷1之1號,24.9982536,121.528201
永和秀朗福德宮,福德正神,新北市永和區民富里11鄰民樂街74之1號,24.9989932,121.5275087
福和宮,神農大帝(五谷先帝),新北市中和區廟美里1鄰廟美街6巷6號,25.0014472,121.5010878
廣濟宮,開漳聖王,新北市中和區枋寮里2鄰中和路95號,25.0006255,121.5012971
南山福德宮,福德正神,新北市中和區內南里318鄰興南路二段399巷57弄20號,24.9719069,121.4996619
竟南宮,孚佑帝君,新北市中和區內南里318鄰興南路二段399巷136號,24.9746869,121.4984531
霹靂宮,五雷元帥,新北市中和區中原里7鄰永和路514號,25.0121929,121.482563
天修宮,玉皇大帝,新北市中和區錦和里217鄰圓通路367巷鄰50號,24.9841799,121.4898903
噶瑪三乘法輪中心,紅觀音菩薩,新北市中和區中安里214鄰中和路378巷16號,25.00097,121.510935
金山禪寺,釋迦牟尼佛,新北市中和區景南里31鄰景新街467巷50弄18號,24.9882674,121.5148753
南山放生寺,釋迦牟尼佛,新北市中和區華南里16鄰忠孝街108號,24.985013,121.51222
慈雲岩,觀世音菩薩,新北市中和區錦和里7鄰圓通路367巷66號,24.988882,121.491546
圓通禪寺,釋迦牟尼佛,新北市中和區錦昌里13鄰圓通路367巷64號,24.9823699,121.4927904
樂墘宮,福德正神,新北市中和區安和里18鄰安平路99號,24.9962519,121.510494
東德宮,五府千歲,新北市中和區積穗里20鄰新生街112巷臨20號,25.0052607,121.4820368
白馬寺,釋迦牟尼佛,新北市中和區橫路里5鄰興南路三段40巷216號,24.9784959,121.494703
埤仔頭福德宮,福德正神,新北市中和區外南里15鄰南山路236之1號,24.9896941,121.5064729
無極宮,玉皇上帝,新北市中和區橫路里5鄰興南路三段40巷12號,24.978069,121.496009
觀音禪院,觀音菩薩,新北市中和區安樂里6鄰安樂路217巷廿2號,24.9985579,121.5138768
保慶宮,福德正神,新北市中和區瓦s里15鄰水源路81巷31弄0號,25.0046635,121.5066769
中和海山宮,天上聖母媽祖,新北市中和區嘉新里17鄰員山路327巷42號,25.0018849,121.480023
碧河宮,福德正神,新北市中和區碧河里4鄰連城路249號,24.9966809,121.493917
玉皇宮,玉皇大帝,新北市中和區錦和里217鄰圓通路367巷臨66號之1,24.9841799,121.4898903
溥濟宮,保生大帝,新北市中和區福真里1鄰景平路999巷4號,25.0059863,121.4952584
力行福德宮,福德正神,新北市中和區力行里7鄰圓通路162巷2弄臨2號,24.995853,121.4981003
紫竹寺,觀世音菩薩,新北市中和區橫路里2鄰興南路三段91巷臨57號,24.9686045,121.4827508
南山觀音寺,觀世音菩薩,新北市中和區內南里318鄰興南路二段399巷140號之1,24.973936,121.4993259
北聖宮,天上聖母,新北市中和區復興里413鄰復興路280巷18弄11號,24.991234,121.5016657
道行宮,天上聖母,新北市中和區清穗里5鄰華安街17巷2號邊,24.9989058,121.4681133
聖靈山玉皇宮道元宮,三官大帝,新北市中和區灰?里員山路6號之3,24.7275871,121.714094
明德禪寺,觀世音,新北市中和區錦昌里12鄰圓通路367巷33弄36號,24.987981,121.493067
法明寺,觀世音菩薩,新北市中和區積穗里1鄰新民街12號,25.0059069,121.482552
中和協昇廟,田都元帥,新北市中和區灰?里7鄰員山路49號之5,24.9972222,121.5041667
圓明慈惠堂,瑤池金母,新北市中和區吉興里15鄰南山路315巷12號,24.991889,121.504935
中和慈惠堂,瑤池金母,新北市中和區灰?里4鄰員山路11號,24.9972222,121.5041667
中和九玄宮,北極玄天上帝,新北市中和區新南里景平路493巷12弄16號,24.9971605,121.4991084
中和行德宮,文昌帝君,新北市中和區內南里38鄰興南路二段399巷130之1號,24.975246,121.501068
廣福宮,福德正神,新北市中和區積穗里11鄰中山路三段63巷臨27號,25.0052607,121.4820368
南山慈惠堂,無極瑤池金母,新北市中和區內南里38鄰興南路二段399巷112號,24.976295,121.501145
和美宮,福德正神,新北市中和區福祥里216鄰永和路66巷1之1號,25.0047279,121.4987128
鎮福?,土地公,新北市中和區立人街214之4號,24.9942313,121.5198401
頂埔妙覺禪寺,三寶佛,新北市土城區中央路四段大暖坑14號,24.9679573,121.4374116
承天禪寺,釋迦牟尼佛,新北市土城區大安里12鄰承天路916號,24.9548859,121.445981
廣承岩,釋迦牟尼佛,新北市土城區埤塘里14鄰金城路一段718號,24.970537,121.442614
永福岩,清水祖師,新北市土城區頂埔里214鄰中央路四段615號,24.960214,121.419648
普安堂,觀世音,新北市土城區祖田里9鄰龍泉路47號,24.9438311,121.4145728
龍文禪寺,釋迦牟尼佛,新北市土城區員林里17 鄰員林街76號,24.977017,121.444546
清水岩,觀世音菩薩,新北市土城區清化里青雲路380巷2號,24.973482,121.458211
五穀先帝廟,五穀先帝,新北市土城區土城里和平路11號,24.9743589,121.4427046
上玄道院,三清道祖,新北市土城區清化里0鄰石門路613號,24.962095,121.456971
震安宮,五年千歲,新北市土城區埤塘里1鄰忠義路24之1號,24.9701072,121.4404871
三元宮,三官大帝,新北市土城區埤林里1鄰裕民路147號,24.986215,121.452038
慈法禪寺,釋迦牟尼佛,新北市土城區廣福里4鄰學府路一段23巷21號,24.987177,121.458126
重慶慈惠堂,西王金母,新北市土城區永寧里5鄰永和街103號,24.950126,121.439294
土城保安宮,廣澤尊王,新北市土城區永寧里4鄰永寧路29號,24.962825,121.430584
清溪福德宮,福德正神,新北市土城區清溪里青雲路183巷,24.982553,121.459632
埤林廣福宮,福德正神,新北市土城區埤林里2鄰學享街8號,24.9872011,121.4507171
天靈宮,關聖帝君,新北市土城區石門路57號,24.9626569,121.459949
德天宮,天上聖母,新北市土城區清化里6鄰石門路31號,24.965793,121.459602
聖德宮,三官大帝,新北市土城區清化里2鄰青雲路424號,24.9722689,121.458725
北辰宮,天上聖母,新北市土城區延壽里3鄰延壽路109巷1號,24.993369,121.468877
清發堂,西王金母,新北市土城區清化里6鄰石門路39之1號,24.964672,121.457947
永寧福德宮,福德爺,新北市土城區永寧里9鄰永平街1號,24.963506,121.42767
德興宮,福德正神,新北市土城區貨饒里2鄰中央路一段45巷3號,24.9898469,121.449146
土城瑞坤宮,天上聖母,新北市土城區瑞興里3鄰4川路29巷34之1號,24.9946193,121.4552593
福山天惠堂,明明上帝,新北市土城區清化里青雲路486號之1,24.9649574,121.4657816
龍福宮,福德正神,新北市土城區青山里15鄰國際路71號,24.9667,121.433
萬人同廟,獄王爺,新北市土城區永寧里3鄰永安街81號,24.9632139,121.431589
文化明正宮,天上聖母,新北市土城區清化里5鄰青雲路669之5號,24.964583,121.467137
三峽興隆宮,天上聖母,新北市三峽區三峽里6鄰民權街50號,24.9335419,121.369505
長壽山玉皇宮,玉皇大帝,新北市三峽區溪北里1鄰介壽路三段206號,24.9444229,121.403295
長壽山慈悲宮,無極混玄聖祖,新北市三峽區溪北里1鄰介壽路三段210號,24.9450353,121.4037998
西蓮淨苑,釋迦牟尼佛,新北市三峽區溪東里第7鄰溪東路211巷31弄9號,24.9328835,121.4084731
三峽長福巖清水祖師公,祖師公,新北市三峽區秀川里長福街1號,24.9337917,121.3703715
長壽山元亨堂,千手觀音菩薩,新北市三峽區溪北里介壽路三段208號,24.945299,121.405477
慈德寺,釋迦牟尼佛,新北市三峽區中埔里3鄰中園街86巷1號,24.9244859,121.367548
保安宮,廣澤尊王,新北市三峽區安坑里9鄰建安91之1號,24.9241969,121.442946
中華道普天宮,包府千歲,新北市三峽區溪北里1鄰介壽路三段172巷316號,24.9431086,121.4036767
行修宮,關聖帝君,新北市三峽區嘉添里12鄰白雞155號,24.905763,121.399136
保儀宮,三太保神,新北市三峽區安坑里安坑路38之7號,24.9321949,121.454609
靈隱寺,濟公活佛,新北市三峽區竹崙里紫微南路11號,24.9027636,121.419653
三峽九龍萬億宮,天上聖母,新北市三峽區金圳里1鄰互助橋7號,24.874473,121.3856088
北城慈雲堂,張天師,新北市三峽區安坑里12鄰安坑路63之2號,24.9255386,121.4729027
忠義堂,關聖帝君,新北市三峽區大埔里11鄰大埔路313巷6號與8號中間,24.8957346,121.3627401
慧悾慈惠堂,瑤池金母,新北市三峽區中埔里11鄰中埔3之6號,24.931662,121.361735
紫微天后宮,天上聖母,新北市三峽區竹崙里13鄰紫微南路50號,24.9027636,121.419653
龍山巖,觀音佛祖、龍公地母,新北市三峽區五寮里7鄰五寮路180之1號,24.8538905,121.3713164
普賢寺,釋迦牟尼佛,新北市三峽區竹崙里3鄰頭寮坑路13號,24.9146089,121.4410328
武聖宮,關聖帝君,新北市三峽區中正路二段85號,24.916632,121.3662722
板橋慈惠堂,瑤池金母,新北市三峽區嘉添里7鄰白雞路33之47號,24.91305,121.371272
顯應清水巖,清水祖師,新北市三峽區嘉添里12鄰白雞路126之5號,24.905183,121.40177
北天玉福宮,福德正神,新北市三峽區安坑里7鄰建安路140之1號前面,24.9175471,121.4627576
三峽廣行宮,關聖帝君,新北市三峽區龍埔里19鄰3樹路98巷187之1號,24.9395517,121.3798921
李山神宮,王母娘娘,新北市三峽區插角里9鄰176之3號,24.867158,121.4056153
得安宮,劉府王爺,新北市三峽區安坑里16鄰安坑105之1號,24.9175471,121.4627576
準提寺,釋迦牟尼佛,新北市三峽區嘉添里13鄰白雞路100之8號,24.9110029,121.379565
千佛山華德禪寺,三寶佛,新北市三峽區溪南里介壽路二段138巷1弄166號,24.927652,121.392821
普陀淨苑,釋迦牟尼佛,新北市三峽區溪東里9鄰溪東路233巷47弄2號,24.9335739,121.407615
佛國寺,釋迦牟尼佛,新北市三峽區成福里11鄰成福路315巷21號,24.928532,121.417245
無極瑤池聖殿,玉皇上帝,新北市三峽區安坑里13鄰安坑71之1號,24.9175471,121.4627576
無極七玄宮,九天玄女,新北市三峽區鳶山里24鄰中山路459巷201號,24.929642,121.345094
礁溪里福德宮,福德正神,新北市三峽區礁溪里8鄰長泰街56巷6之1號,24.9313809,121.378138
道家萬玄仙宗三清道堂總院,無極三清道祖,新北市三峽區嘉添里8鄰白雞路40之5號,24.911619,121.376777
慈慧寺,三寶佛,新北市三峽區添福里9鄰添福195之1號,24.897054,121.3798921
天福道院,彌勒佛,新北市三峽區添福里7鄰添福215之4號,24.897054,121.3798921
聖龍宮,東華帝君,新北市三峽區竹崙里4鄰3層坪路49號,24.8976724,121.43419
三峽龍天宮,瑤池金母,新北市三峽區溪北里17鄰介壽路三段200巷1號,24.936326,121.395377
萬年宮,觀世音菩薩,新北市三峽區添福里9鄰239之3號,24.897054,121.3798921
大天府,元始天王,新北市三峽區添福里7鄰添福207號,24.897054,121.3798921
三峽三山國王廟,三山國王,新北市三峽區安坑里14鄰安坑27之2號,24.9175471,121.4627576
禪光寺,阿彌陀佛,新北市三峽區嘉添里12鄰白雞路177之1號,24.906008,121.405502
五鳳慈蓮寺,南無準提佛母菩薩,新北市三峽區金圳里9鄰金敏54之2號,24.872346,121.385455
佛山寺,釋迦牟尼佛,新北市三峽區有木里5鄰有木87號,24.863415,121.432364
蓮香寺,三寶佛,新北市三峽區五寮里11鄰詩朗16之2號,24.852324,121.355045
凌霄寶殿,玉皇大帝,新北市三峽區金圳里8鄰金敏40之3號,24.872346,121.385455
無極金源靈山聖寶殿,玉皇大帝,新北市三峽區安坑里119之3號,24.9175471,121.4627576
印覺禪寺,釋迦牟尼佛,新北市三峽區有木里1鄰有木6之6號,24.863415,121.432364
三峽一元宮,關聖帝君,新北市三峽區溪北里1鄰介壽路三段172巷312之3號,24.9431086,121.4036767
大勝寺,觀世音菩薩,新北市三峽區有木里1鄰有木6之8號,24.863415,121.432364
妙光寺,西方三聖,新北市三峽區添福里9鄰添福195之3號,24.897054,121.3798921
南天行政世界道場,玉皇大天尊玄靈高上帝,新北市三峽區安坑里7鄰建安路140之2號,24.9141129,121.465568
樹林鎮鎮南宮,五年千歲,新北市樹林區保安里12鄰千歲街2號,24.999048,121.427565
樹林濟安宮,保生大帝,新北市樹林區保安里215鄰保安街一段32號,24.9938921,121.426979
順天府聖龍宮,關聖帝君,新北市樹林區中山里3鄰吉祥街5巷312號,24.9730999,121.392237
寶寧宮,三代祖師,新北市樹林區光榮街4巷15號,25.0038597,121.4120086
重興宮,福德正神,新北市樹林區彭興里212鄰太平路247巷26之1號,24.974595,121.420466
福興廟,福德正神,新北市樹林區柑園4鄰柑園街二段22號,24.957409,121.393871
樹西福德宮,福德正神,新北市樹林區樹德里１７鄰啟智街３４－１號,24.9933059,121.4207019
福慧寺,釋迦牟尼佛,新北市樹林區三興里三興路77號,25.0146481,121.3959534
護國吉祥寺,藥師琉璃光佛,新北市樹林區福德街49號,24.975688,121.4009962
淨律寺,阿彌陀佛,新北市樹林區樂山里8鄰中山路三段180號,24.970267,121.387863
光明寺,觀世音菩薩,新北市樹林區坡內里光明街612號,24.9911327,121.4120253
慈鳳宮,西王金母,新北市樹林區?寮里13鄰保安街二段337巷15號,25.008015,121.411339
樹林玉明宮,楊府元帥,新北市樹林區坡內里2鄰備內街0號之1,24.9868753,121.4133276
聖天宮,西王金母,新北市樹林區坡內里備內街140巷12之2號,24.9869466,121.4131427
樹林賢聖宮,圓通自在天尊,新北市樹林區備內街176之3號,24.9896329,121.4070433
樹林鎮慈恩宮,地藏王菩薩,新北市樹林區彭興里廿1鄰太平路227號,24.976696,121.418343
山佳觀音廟,圓通自在天尊,新北市樹林區中山路三段136號之2,24.9721454,121.3917261
樹林彭厝鎮安宮,邢府王爺,新北市樹林區彭興里212鄰太平路247巷26號,24.974595,121.420466
樹林慈聖宮,天上聖母,新北市樹林區育英里17鄰文化街18號,24.9889422,121.41723
西山福德宮,福德正神,新北市樹林區山佳里1鄰佳園路一段95之6號,24.9698165,121.3939654
五顯慈恩堂,五顯三大帝,新北市樹林區光興里18鄰光興街402號,25.002786,121.4097
玄武殿,真武大帝,新北市樹林區北園里1鄰西圳街二段97巷19之1號,24.957912,121.3861987
地母庵,三寶佛,新北市樹林區東山里15鄰東和街71之1號,24.9859438,121.3953604
真武壇,真武大帝,新北市樹林區北園里3鄰西圳街二段40巷1號,24.9577719,121.385097
中華北極殿,北極玄天上帝,新北市樹林區樂山里15鄰民和街113巷2號,24.968678,121.385312
旨雲宮,開漳聖王,新北市樹林區東山里15鄰東和街73號,24.9859438,121.3953604
德仁廟,三官大帝,新北市樹林區北園里9鄰佳園路二段87號,24.9593798,121.3908882
法界精舍,釋迦牟尼佛,新北市樹林區樹興里8鄰文化街112巷17弄2號,24.9902772,121.4169268
南寮福德宮,福德正神,新北市樹林區坡內里3鄰保安街二段415巷513號,25.0052616,121.4129634
鶯歌碧龍宮,八卦祖師,新北市鶯歌區建德里3鄰中正一路建德巷12號,24.9564751,121.3644735
鶯歌王公廟,輔信王公,新北市鶯歌區同慶里12鄰尖山埔路185巷6號,24.950342,121.345295
鶯歌福德宮,福德正神,新北市鶯歌區東鶯里14鄰文化路325巷3號,24.9537909,121.354835
妙善宮,明明上帝,新北市鶯歌區北鶯里5鄰中正一路269巷62號,24.9578424,121.3562193
鶯歌高明寺,釋迦牟尼佛,新北市鶯歌區建德里2鄰中正一路437號,24.9595169,121.372561
惠隆宮,水德星君,新北市鶯歌區建國里16鄰育英街98之2號,24.951247,121.347461
創建宮,荷葉仙師,新北市鶯歌區尖山里5鄰尖山路258巷319號,24.947154,121.341402
宏德宮,孫臏真人,新北市鶯歌區北鶯里5鄰中正一路301巷1號,24.9566229,121.354805
南興宮,福德正神,新北市鶯歌區南鶯里20鄰建國路399之1號,24.9533943,121.346984
三湖宮,三官大帝,新北市鶯歌區東湖里9鄰3界公坑3號,24.9714463,121.3570222
靈芝慈惠堂,瑤池西王金母,新北市鶯歌區尖山里15鄰黃厝街9號,24.9458663,121.34302
鶯歌聖鶯宮,天上聖母,新北市鶯歌區尖山里1鄰尖山路101巷0號,24.947596,121.349304
福南宮,福德正神,新北市鶯歌區南靖里12鄰文化路226巷內,24.9465443,121.3555927
吉德宮,福德正神,新北市鶯歌區永吉里6鄰鶯桃路285巷26弄2號,24.9587899,121.337144
福安宮,福德正神,新北市鶯歌區二橋里16鄰中正三路450號前,24.9356011,121.3284285
中正宮,福德正神,新北市鶯歌區二橋里6鄰中正三路291巷15弄4號旁,24.9356011,121.3284285
永安宮,福德正神,新北市鶯歌區二橋里1鄰中正三路37號旁,24.9356011,121.3284285
永興宮,福德正神,新北市鶯歌區永吉里鶯桃路18鄰206巷24弄27號旁,24.972249,121.325957
南海聖靈宮,天上聖母,新北市鶯歌區尖山里4鄰尖山路240巷21弄23號旁,24.9452273,121.3384371
鎮湖宮,土地公,新北市鶯歌區鶯桃路413巷72弄8號之1,24.9639604,121.3316626
鶯歌竹圍宮,王母娘娘,新北市鶯歌區中湖里中湖街315巷1之1號,24.977782,121.345746
鶯歌北聖院代天府,范府千歲,新北市鶯歌區德昌2街70巷38弄42號,24.9576704,121.33103
承天農林禪寺,釋迦牟尼佛,新北市鶯歌區建德里3鄰中正一路466號,24.9563589,121.364312
天后宮,天上聖母,新北市三重區三重市福利里福德南路152號,25.0584109,121.501019
督署宮,裴先帥,新北市三重區三重市崇德里9鄰仁愛街811號3樓,25.079953,121.4808619
慈生堂,九皇星君,新北市三重區三重市萬壽里2鄰萬壽街62巷12弄21號,25.069993,121.50027
嘉天宮,天上聖母五府千歲,新北市三重區三重市龍濱里15鄰河邊北街176巷9號之5,25.073654,121.50239
順安宮,法主聖君,新北市三重區三重市三和路三段19號,25.071011,121.496265
慈惠宮,蘇府千歲,新北市三重區三重市錦通里6鄰文化北路17號,25.063599,121.499952
太璞宮,釋迦牟尼佛孚佑帝君,新北市三重區三重市永煇里11鄰中正北路317巷1號,25.072205,121.474323
德林寺,釋迦牟尼佛,新北市三重區三重市尚德里1鄰三和路三段85號,25.072308,121.494905
玄?慈惠堂,西王金母(瑤池金母),新北市三重區三重市崇德里5鄰仁愛街77號,25.073067,121.496204
義天宮,天上聖母,新北市三重區三重市永福里1鄰車路頭街150號,25.076403,121.48377
碧華寺,釋迦牟尼佛,新北市三重區三重市碧華里7鄰碧華街236號,25.082611,121.487101
南聖宮,南嶽聖侯,新北市三重區三重市國隆里16鄰大仁街27號,25.064962,121.492411
福安宮,福德正神,新北市三重區三重市長元里1鄰長元街812之1號,25.06671,121.502316
先嗇宮,神農大帝,新北市三重區三重市5谷王北街77號,25.0666667,121.5
南天府五府千歲,五府千歲,新北市三重區三重市光正里0鄰環河南路220之4號,25.0552517,121.4973707
三重代天府,五府千歲,新北市三重區三重市尚德里18鄰忠孝路一段211巷4號,25.071602,121.49243
興德祠,福德正神,新北市三重區三重市中興里5鄰中興北街臨40之2號,25.0666667,121.5
海清宮,包府千歲,新北市三重區三重市忠孝里7鄰大同南路78巷214號,25.0593051,121.49729
昭安宮,李府千歲,新北市三重區三重市光明里11鄰集美街207巷211號,25.054529,121.491833
永福慈惠堂,瑤池金母,新北市三重區三重市永順里３５鄰永安北路一段２７巷５５號,25.0755329,121.47733
龍雲宮,玄天上帝,新北市三重區三重市永順里２２鄰永安北路一段２７巷５８號,25.075664,121.478061
護山宮,保儀尊王,新北市三重區三重市光田里13鄰3陽路11號,25.0666667,121.5
聖佑宮,天上聖母,新北市三重區三重市永發里215鄰中正北路317巷11號,25.072439,121.474907
先帝宮,神農大帝,新北市三重區三重市光輝里5鄰文化南路65巷13號,25.0609849,121.499681
廣熙宮,正一天師,新北市三重區三重市厚德里17鄰後竹圍街60號,25.073119,121.490621
山口廟,神農大帝,新北市三重區三重市光陽里215鄰中華路2巷31弄0號,25.0604548,121.4822618
清海宮,蘇府王爺,新北市三重區三重市民生里5鄰民生街38巷4弄5號,25.066958,121.492521
三重玄帝宮,玄天上帝,新北市三重區三重市民生里15鄰大同北路206巷30號,25.0667495,121.4901157
永勝慈惠堂,瑤池金母,新北市三重區三重市國隆里1鄰大同北路54巷0號,25.0636009,121.4943708
三重鎮安亭,中壇元帥,新北市三重區三重市開元里2鄰三和路一段19號,25.064774,121.503679
洞水宮,胡府千歲,新北市三重區三重市長安里14鄰文化北路817巷8號,25.063545,121.499423
顯明宮,關聖帝君,新北市三重區三重市順德里7鄰仁興街33巷3號,25.075414,121.49937
二重埔同仁宮,福德正神,新北市三重區三重市2重里7鄰大有街1之41號,25.0666667,121.5
玄聖殿,西王金母,新北市三重區三重市尚德里28鄰仁愛街112巷0號,25.074264,121.494796
新莊慈惠堂,瑤池金母,新北市新莊區興漢里14鄰碧江街812號,25.0330399,121.45112
保元宮,池府王爺,新北市新莊區文明里3鄰中正路143號,25.0380629,121.459661
文昌祠,文昌帝君,新北市新莊區文德里15鄰碧江街20號,25.0344642,121.4549449
新莊武聖廟,關聖帝君,新北市新莊區文衡里1鄰新莊路340號,25.0336232,121.4501681
慈祐宮（媽祖宮）,天上聖母,新北市新莊區榮和里7鄰新莊路218號,25.0343823,121.4528835
福德祠,福德正神,新北市新莊區恆安里11鄰中港路108號,25.039772,121.455457
海山里福德宮,福德正神,新北市新莊區海山里8鄰新莊路637號,25.032738,121.445321
新莊頭前庄福德宮,福德正神,新北市新莊區福基里2鄰化成路750號,25.057779,121.465724
覺明寺,觀世音菩薩,新北市新莊區豐年街51巷17弄1號,25.0320988,121.4475091
新莊地藏庵,地藏王菩薩,新北市新莊區立人里1鄰中正路84號,25.0377963,121.4567329
善導庵,釋迦牟尼佛,新北市新莊區頭前里6鄰化成路630巷20號,25.055111,121.467436
擇善堂,觀音菩薩,新北市新莊區全安里9鄰新莊路543巷11號,25.0323403,121.4478807
慈悲寺,觀音佛祖,新北市新莊區丹鳳里4鄰壽山路162號,25.0308694,121.4154422
新莊潮江寺,觀世音菩薩,新北市新莊區興漢里14鄰碧江街47號,25.032985,121.451558
新莊福德祠,福德正神,新北市新莊區文德里13鄰新莊路207號,25.0354887,121.45534
慈福宮,福德正神,新北市新莊區忠孝里11鄰仁愛街16之5號,25.0354789,121.444329
全安宮,福德正神,新北市新莊區全安里2鄰新莊路523號,25.033164,121.448034
福成宮,福德正神,新北市新莊區頭前里5鄰頭前路15巷1號,25.0526019,121.4684582
福德宮,福德正神,新北市新莊區中隆里24鄰中山路一段218號,25.060877,121.452421
集善堂,福德正神,新北市新莊區泰豐里4鄰瓊林路32號,25.0298946,121.4478291
後港慈惠堂,無極瑤池金母,新北市新莊區新樹路瓊林里13鄰113巷33號,25.0266249,121.4373561
安國宮,劉府元帥,新北市新莊區頭前里5鄰頭前路2巷5號,25.0529697,121.4684464
信安宮,盧王千歲,新北市新莊區思賢里4鄰博愛路2巷1、3號,25.0426239,121.45665
後港昭德宮,天上聖母,新北市新莊區南港里5鄰後港二路18號,25.0235022,121.4218603
新莊鳳山宮,武德英侯,新北市新莊區化成里4鄰化成路114、116號,25.0444656,121.4655272
合興宮,福德正神、觀音佛祖,新北市新莊區龍鳳里28鄰中正路893巷5號之2,25.0238,121.414774
俊賢宮,福德正神,新北市新莊區中港里1鄰中港路483巷8號,25.036844,121.45507
新莊順恩宮,五夫人媽,新北市新莊區幸福里8鄰中華路二段138之1號,25.0499228,121.4531957
興珍宮,福德正神,新北市新莊區福興里2鄰5工三路50巷23之1號,25.0517088,121.4422685
廣濟寺,釋迦牟尼佛,新北市新莊區丹鳳里23鄰壽山路89號,25.0311762,121.4132017
新莊後港福德宮,福德正神,新北市新莊區南港里5鄰後港二路18之1號,25.0235022,121.4218603
新莊福營協天宮,關聖帝君,新北市新莊區福營里4鄰福營路134號,25.0324951,121.4358166
新莊擎天府,五府千歲,新北市新莊區丹鳳里212鄰壽山路515之1號,25.0355899,121.410017
新莊聖武堂,關聖帝君,新北市新莊區丹鳳里23鄰壽山路79號,25.0311762,121.4132017
新莊英靈祠,萬善公,新北市新莊區文明里3鄰中正路97號,25.0391967,121.4609821
西方道堂,王老仙師,新北市泰山區楓樹村214鄰楓江路125號,25.0645984,121.4391413
泰山巖,顯應祖師,新北市泰山區明志村廿1鄰應化街32號,25.0437651,121.4234863
顯應祖師泰山巖,顯應祖師,新北市泰山區山腳村43鄰明志路一段254號,25.0641171,121.4321691
大覺禪寺,釋迦牟尼佛,新北市泰山區同榮村4鄰吳厝窠1號,25.0579731,121.4241897
志安宮,五府千歲,新北市泰山區貴子村21鄰明志路三段196巷23弄22號,25.038761,121.4230444
玉明宮,楊府元帥,新北市泰山區明志村11鄰明志路二段320巷12號,25.0458278,121.4253391
圓通佛導眾寺,觀世音菩薩,新北市泰山區大科村1鄰大科坑18之1號,25.065568,121.383779
紫雲巖慈德宮,觀世大士,新北市泰山區黎明村橫窠雅廿1之1號,25.073837,121.401955
金山寺,釋迦牟尼佛,新北市泰山區貴賢村明志路三段163巷8弄1號,25.039646,121.425414
佛國寺,西方三聖佛,新北市泰山區明志村3鄰明志路二段254巷16弄臨37號,25.0486943,121.4184748
北台寶凰宮,地母至尊,新北市泰山區黎民路黎頭窠7之1號,25.0503296,121.4442139
龍山慈惠堂,西王金母娘娘,新北市泰山區黎明村5鄰橫窠雅42號,25.073816,121.402371
泰山鳳山寺,廣澤尊王,新北市泰山區大科村1鄰大科坑18號,25.065568,121.383779
林口贊天宮,天上聖母,新北市林口區東林村16鄰自強3街28號,25.0779791,121.3986495
竹林山觀音寺,觀世音菩薩,新北市林口區菁湖村13鄰竹林路325號,25.0836674,121.389663
林口永善寺,觀音佛祖,新北市林口區中湖村1鄰佳林路714號,25.080876,121.38568
竹林禪院,阿彌陀佛,新北市林口區菁湖村3鄰竹林路326巷22弄12號,25.0820643,121.3925118
東泰宮,福德正神,新北市林口區東林村5鄰粉寮路60之2號前面,25.0865535,121.4041864
頂福巖,顯應祖師公,新北市林口區頂福村5鄰頂福20號之16,25.0923205,121.3398668
洪福宮,福德正神,新北市林口區下福村11鄰下福139之11號,25.11663,121.298866
北天嘉天宮,天上聖母,新北市林口區嘉寶村5鄰嘉溪雅坑27號,25.1135672,121.3398668
鳳陽寺,九龍觀世音菩薩,新北市林口區湖北村6鄰湖子36號之1,25.0942193,121.3857508
林口慶安宮,三山國王,新北市林口區頂福村12鄰頂福917號,25.0923205,121.3398668
林口福滿宮,福德正神,新北市林口區嘉寶村12鄰寶斗厝坑38號之2,25.100893,121.359974
保佑宮,池府王爺,新北市蘆洲區保佑里8鄰中正路192巷8號,25.088586,121.467677
保和宮,保生大帝,新北市蘆洲區保和里2鄰成功路182號,25.0840749,121.4712793
湧蓮寺,觀音佛祖,新北市蘆洲區得勝里2鄰得勝街96號,25.0832607,121.4713551
忠義廟,池府王爺,新北市蘆洲區忠義里5鄰長安街106號,25.0822439,121.459991
蘆洲慈惠堂,無極瑤池金母,新北市蘆洲區正義里7鄰中原路18號,25.0830459,121.460436
蘆洲護天宮,皇靈地祇,新北市蘆洲區復興里4鄰復興路227巷26號,25.091132,121.479439
清海宮,三關大帝,新北市蘆洲區水河里12鄰民族路422巷82弄9號,25.096687,121.474316
集善宮,孚佑帝君,新北市蘆洲區光華里14鄰光華路46巷21弄1號,25.083218,121.4685569
蘆洲真久宮,保生大帝,新北市蘆洲區仁愛里2鄰三民路98巷21號,25.087051,121.4724016
清涼寺,觀世音菩薩,新北市蘆洲區復興里1鄰復興路323巷4號,25.09148,121.48381
蘆州福安宮,福德正神,新北市蘆洲區福安里8鄰民權路臨70號,25.0884434,121.4766818
臺北蘆洲奉安宮,五年千歲,新北市蘆洲區民和里15鄰永安北路一段66巷2號,25.0766333,121.4764395
文武大眾爺廟,文武大眾爺,新北市蘆洲區得勝里3鄰成功路156-1號,25.0834275,121.4716838
智光禪寺,釋迦牟尼佛,新北市五股區五龍村3鄰民義路二段21號,25.1038339,121.4110594
西雲寺,觀音佛祖,新北市五股區成州村3鄰西雲路185巷3號,25.0965922,121.4459229
助順將軍廟,助順將軍,新北市五股區德泰村32鄰登林路108號,25.0706104,121.4271159
觀音山凌雲禪寺,千手千眼觀世音菩薩,新北市五股區台北縣觀音村13鄰凌雲路三段116號,25.1232591,121.4263591
朝聖宮,道德天尊,新北市五股區五股村11鄰民義路一段115號,25.0895562,121.4299759
凌奉宮,中壇元帥,新北市五股區集賢村19鄰凌雲路二段27號,25.1024426,121.4435
西方精舍,三聖大佛,新北市五股區集福村4鄰成泰路四段414號,25.110531,121.456255
五股玄天宮,北極玄天上帝,新北市五股區更寮村2鄰中興路二段9巷8號,25.0732569,121.463318
海龍宮,圓通自在天尊,新北市五股區德音村5鄰成泰路一段189巷臨411號,25.07565,121.427893
鶴嶺天乙寺,濟公活佛,新北市五股區集福村11鄰天乙路129號,25.113424,121.445898
福興宮,福德正神,新北市五股區興珍村23鄰中興路一段151巷4號,25.0735838,121.4650722
凌雲寺,觀音佛祖,新北市五股區觀音村13鄰凌雲路三段57號,25.1166714,121.4303763
順天府,池府王爺,新北市五股區集賢村19鄰凌雲路二段62號之5,25.1028593,121.439482
九龍順天宮,玄天上帝,新北市五股區集賢村19鄰凌雲路二段35號之1,25.1024426,121.4435
五股北極殿,無極玄天上帝,新北市五股區五龍村7鄰民義路二段37之5號,25.1001012,121.410686
蓮雲寺,三寶佛、觀世音菩薩,新北市五股區集賢村19鄰凌雲路二段33號,25.1024426,121.4435
福德爺,福德正神,新北市五股區成德村廿1鄰天乙路14號,25.1030201,121.448809
聚福宮,土地公,新北市五股區成泰村2鄰御史路134號,25.098873,121.434224
五股仙佛寺,觀世音菩薩,新北市五股區民義路一段220巷17之15號,25.0945215,121.4287562
靜心院,關聖帝君,新北市五股區五龍村7鄰民義路二段37號之58,25.1001012,121.410686
五股靜修寺,觀世音菩薩,新北市五股區觀音村6鄰中直路15之3號,25.1133259,121.4224989
五福佛山承願寺,準提菩薩,新北市五股區五龍村7鄰民義路二段37號之66,25.1001012,121.410686
妙僊聖慈宮,瑤池金母,新北市五股區五龍村7鄰民義路二段37號之34,25.1001012,121.410686
三重安北宮,吳府千歲,新北市五股區五龍村16鄰民義路二段52巷27號,25.1059039,121.4101553
五股坑朝天府,北府五王,新北市五股區民義村3鄰民義路一段255號之12,25.0895562,121.4299759
裕昌宮,福德正神,新北市五股區德音村17鄰成泰路一段235號,25.079396,121.436015
洲子芳洲祠,福德正神,新北市五股區成泰村22鄰西雲路12巷1號之1,25.090269,121.443118
五股佑明宮,廣澤尊王,新北市五股區德泰村12鄰成泰路一段7巷216弄臨1號,25.07565,121.427893
九天玄女宮,九天玄女,新北市五股區觀音村11鄰中直路崩山巷9號之1,25.116688,121.4284756
龍雲宮,天上聖母,新北市五股區五龍村5鄰民義路二段廿2巷19弄廿1號之2,,
五股聖天宮,天上聖母,新北市五股區五股村8鄰民義路一段51號,25.0895562,121.4299759
觀音山妙雲寺,觀音菩薩,新北市五股區觀音村12鄰凌雲路三段73號,25.1166714,121.4303763
福安宮,福德正神,新北市五股區更寮村8鄰更洲路47號,25.0791826,121.4578791
龍鳳巖,顯應祖師,新北市五股區民義村16鄰民義路一段107巷23號,25.0853732,121.4332268
漢民祠,關聖帝君,新北市八里區八里鄉訊塘村5鄰訊塘埔31之3號,25.147467,121.396195
安福宮,李府將軍爺,新北市八里區八里鄉埤頭村13鄰中山路一段123號,25.147467,121.396195
八里慈惠堂,西王金母,新北市八里區八里鄉龍源村16鄰龍形3街0號,25.147467,121.396195
埤頭村大營公廟,清朝末年戰亡官兵,新北市八里區八里鄉埤頭村4鄰挖子尾18之1號,25.147467,121.396195
西龍巖廟,觀音佛祖,新北市八里區八里鄉大崁村8鄰大堀湖22號,25.147467,121.396195
大眾廟,大眾爺,新北市八里區八里鄉米倉村21鄰龍米路二段200巷5號,25.147467,121.396195
南嶽宮,南嶽聖侯,新北市八里區八里鄉下罟村1鄰下罟子6號之1,25.147467,121.396195
明園大佛寺,釋迦牟尼佛,新北市八里區八里鄉米倉村11鄰牛寮埔1號,25.147467,121.396195
紫皇天乙真慶宮,真武大帝,新北市八里區八里鄉舊城村6鄰中華路二段165巷313號,25.147467,121.396195
淨覺寺,釋迦牟尼佛,新北市八里區八里鄉荖阡村1鄰荖阡坑路15之40號,25.147467,121.396195
無極宮,西王金母,新北市八里區八里鄉米倉村8鄰牛寮埔11號之3,25.147467,121.396195
八里五福宮,五路財神,新北市八里區八里鄉米倉村渡頭2號,25.147467,121.396195
一如慈惠堂,西王金母,新北市八里區八里鄉荖阡村7鄰荖阡坑路廿4號,25.147467,121.396195
道帝廟金鑾殿,三清道祖,新北市八里區八里鄉龍源村龍形5街317巷2之3號,25.134223,121.449867
雲山寺,藥師佛,新北市八里區八里鄉米倉村11鄰牛寮埔8號,25.147467,121.396195
八里代天府奉天宮,五府千歲,新北市八里區八里鄉米倉村7鄰米倉17號,25.147467,121.396195
淡水無極天元宮,關聖帝君,新北市淡水區水源里北新路三段36號,25.1865476,121.484715
天寶殿,王母娘娘,新北市淡水區樹興里1鄰白石腳3號,25.175377,121.488422
慈德廟,蘇•許先童公,新北市淡水區水源里19鄰楓樹湖18號,25.189044,121.501363
淡水清水巖,清水祖師,新北市淡水區清水街87號,25.1702789,121.441045
晉德宮,黃府三將軍,新北市淡水區長庚里4鄰中正路64號,25.177108,121.425386
太子廟,三太子爺,新北市淡水區崁頂里12鄰崁頂80之3號,25.2048539,121.437917
屯山古聖廟行忠堂,關聖帝君,新北市淡水區忠山里5鄰椿子林18號,25.201845,121.480926
和衷宮,朱府三王爺,新北市淡水區草東里7鄰公明街56巷1號,25.168818,121.443587
平安宮,張天師,新北市淡水區沙崙里0鄰中正路二段305巷313號,25.193405,121.422403
慈玄宮,玄天上帝,新北市淡水區屯山里1鄰6塊厝2之1號,25.2406523,121.4541881
淡水福佑宮,天上聖母,新北市淡水區民安里7鄰中正路200號,25.1701893,121.4399489
忠義宮蘇府王爺廟,蘇府王爺,新北市淡水區油車里中正路一段32號,25.176534,121.426747
觀宗寺,釋迦牟尼佛,新北市淡水區草東里中正路15號,25.1695239,121.443065
慈修禪寺,釋迦牟尼佛,新北市淡水區北投里13鄰北投子92號,25.176872,121.472711
龍山寺,觀音佛祖,新北市淡水區中山路95巷22號,25.1701099,121.4421394
緣道觀音廟,觀音大士,新北市淡水區蕃薯里5鄰安子內3號,25.2146779,121.4868055
金福宮,池府王爺,新北市淡水區三民街23號,25.172066,121.439191
義山集應廟,保儀尊王,新北市淡水區義山里5鄰下圭柔山35之3號,25.204634,121.449669
祈福保生宮,保生大帝,新北市淡水區義山里4鄰下圭柔山4鄰28之1號,25.2062045,121.442761
玄玄廟,玄天上帝,新北市淡水區繙薯里6鄰安子內12之1號,25.2128429,121.480395
三寶宮,天上聖母,新北市淡水區水源里5鄰南勢埔20號,25.178405,121.481876
竹林慈玄宮,玄天上帝,新北市淡水區民生里大同路28號之2,25.141769,121.465193
宏龍宮,福德正神,新北市淡水區忠山里番子厝5之2號,25.2047768,121.4713265
興音寺,觀世音菩薩,新北市淡水區樹興里5鄰興福寮1之6號,25.164058,121.48839
妙覺寺,釋迦牟尼佛,新北市淡水區民生里樹梅坑6之2號,25.144361,121.470475
正興宮,孚佑帝君,新北市淡水區崁頂里3鄰15號,25.185823,121.439589
鄧公里福德宮,福德正神,新北市淡水區鄧公里仁愛街15之5號,25.1705071,121.4460688
賢孝玄聖殿,無極聖祖,新北市淡水區賢孝里5鄰後洲子6之1號,25.226278,121.444379
千光寺,釋迦牟尼佛,新北市淡水區水源里楓樹湖15號,25.18706,121.499055
普照寺,釋迦牟尼佛,新北市淡水區賢孝里公埔子2號,25.230394,121.469247
九天宮,九天玄女,新北市淡水區埤島里8鄰埤島46號,25.1928997,121.4541881
大王廟,城隍爺,新北市淡水區忠寮里8鄰大竹圍5號,25.194108,121.466403
天后宮,天上聖母,新北市淡水區中興里水源街一段53巷31號之8,25.173925,121.444427
淡水孫臏宮,孫臏祖師,新北市淡水區中興里10鄰水源街一段47巷2號,25.1725339,121.44398
法燈蘭若,釋迦牟尼佛,新北市淡水區忠山里9鄰水汴頭51號,25.203167,121.468448
新興里福德宮,福德正神,新北市淡水區新興里22鄰新民街226巷2號,25.180529,121.43619
淡水大庄福德廟府,福德正神,新北市淡水區沙崙里7鄰新民街一段136號,25.188826,121.427647
淡水十方禪林,三寶佛,新北市淡水區水源里山子頂25之1號,25.186766,121.492249
淡水真武廟,真武大帝,新北市淡水區八勢里5鄰八勢路一段100巷6號,25.156964,121.466959
北極玄聖宮,北極玄天上帝,新北市淡水區賢孝里3鄰淡金路四段590號,25.2282818,121.4516462
淡水保安堂,達摩祖師,新北市淡水區屯山里11鄰番社前4之7號,25.235386,121.476014
淡水行忠宮,關聖帝君,新北市淡水區沙崙里7鄰新民街一段80號,25.1880038,121.4280553
聖和堂,觀音佛祖,新北市淡水區忠寮里13鄰大埤頭1之3號,25.196739,121.482692
太陽宮,太陽星君,新北市淡水區義山里13鄰下圭柔山106號,25.209538,121.446085
福惠宮,朱李池三王爺,新北市三芝區圓山村12鄰石曹子坑511號,25.2170856,121.5427093
小基隆福成宮,天上聖母,新北市三芝區中山路一段38號,25.256959,121.50148
智成堂,關聖帝君,新北市三芝區錫板村5鄰17號,25.2368484,121.4940893
慈雲寺,觀音佛像,新北市三芝區興華村7鄰楓子林417之1號,25.210572,121.500888
屏山天元宮,關聖帝君,新北市三芝區橫山村4鄰大坑路56之2號,25.2549293,121.5284363
智成忠義宮,關聖帝君,新北市三芝區埔坪村11鄰智成街18號,25.257265,121.503402
北海聖雲宮,天上聖母,新北市三芝區福德村1號之1,25.2341303,121.5098787
普照山大同寺,觀世音菩薩,新北市三芝區店子村7鄰店子36號邊,25.1992963,121.5170166
八仙宮,李鐵拐,新北市三芝區新庄村番社后31之1號,25.271535,121.499321
水口民主公王宮,民主公王爺,新北市三芝區新庄村5鄰57之1號,25.2709407,121.5055958
蓮華寺,釋迦牟尼佛,新北市三芝區圓山村大水堀32號,25.2170856,121.5427093
信天宮,真武大帝,新北市三芝區店子村11鄰菜公坑97號之1,25.201733,121.514158
永平寺,釋迦牟尼佛,新北市三芝區興華村19鄰車埕79號,25.194354,121.502032
妙宗秀明宮,濟公禪師,新北市三芝區興華村19鄰車埕68號之1,25.194354,121.502032
三芝玉仙宮,註生娘娘,新北市三芝區後厝村18鄰番子崙12之5號,25.242063,121.478802
蓮光寺,釋迦牟尼佛,新北市三芝區興華村12鄰車埕9之1號,25.194354,121.502032
富福頂山寺,道濟先師,新北市三芝區圓山村7鄰2坪頂69號,24.8690252,121.8316469
車埕慈佑宮,三清道祖,新北市三芝區興華村20鄰車埕62號,25.194354,121.502032
北天天公廟,關聖帝君,新北市三芝區後厝村土地公坑61之5號,25.246299,121.464067
台北太子宮無極聖殿,王母娘娘,新北市三芝區茂長村7鄰陳厝坑51之1號,25.247552,121.523921
北海濟世宮,天上聖母,新北市三芝區店子村7鄰店子37之3號,25.206624,121.503277
代天巡狩三王府陳池姜三府王爺,陳池姜三王爺,新北市三芝區店子村龜子山路26之1號,25.1992963,121.5170166
妙濟寺,觀世音菩薩,新北市石門區乾華村1號,25.2486781,121.5883709
石門洞五龍宮,元始天王,新北市石門區尖鹿村中路317之2號,25.2865154,121.5741036
乾華十八王公廟,圓通自在天尊,新北市石門區茂林村4鄰坪林52號,25.280424,121.592902
凌虛宮,三官大帝,新北市石門區老梅村公地414號,25.2587719,121.5569805
石門妙法寺,觀音佛祖,新北市石門區老梅村7股66號,25.239842,121.586462
佛光山石門北海道場,釋迦牟尼佛,新北市石門區石門村內石門78號之1,25.265547,121.567295
石門代天府,文衡聖帝,新北市石門區山溪村8鄰大溪墘9之3號,25.275923,121.549868
北海聖安宮,孚佑帝君,新北市石門區尖鹿村16鄰尖子鹿76之1號,25.297187,121.575099
金剛宮,四面金剛佛,新北市石門區富基村4鄰41之3號,25.284037,121.5398548
日月大天宮,觀音佛祖,新北市石門區石門村14鄰內石門67之5號,25.265547,121.567295
曹洞宗台北別院,華嚴三聖,新北市石門區山溪村6鄰老崩山33之1號,25.273022,121.558434
石門桃源殿,中央混元真母靈源天尊,新北市石門區乾華村6鄰內阿里磅55號,25.245069,121.580901
雪山玄武廟,玄天上帝,新北市石門區富基村楓林40號之2,25.29514,121.533658
普陀山慈航宮,觀音大士,新北市石門區乾華村3鄰阿里磅88號之1,25.25236,121.590091
白沙灣觀航寺,觀音大士,新北市石門區德茂村6鄰下員坑33號之1,25.282983,121.519306
老崩山天賜宮,周倉聖爺,新北市石門區山溪村6鄰老崩山30號1,25.273022,121.558434
法藏山極樂寺,釋迦牟尼佛,新北市石門區山溪村9芎林5之1號,25.2434896,121.5655424
