西德堂,釋迦牟尼佛,臺南市中西區文賢路36號,22.999891,120.194658
天池壇,天王爺,臺南市中西區大仁街29號,22.9902196,120.1945253
水仙宮,水仙尊王,臺南市中西區神農街1號,22.9967798,120.1982074
集福宮,玄天上帝,臺南市中西區信義街83號,23.0006151,120.194673
和勝堂,諸府千歲,臺南市中西區普濟街77巷23號,22.9975357,120.1983395
檺林宮共善堂,邢府千歲,臺南市中西區和善街57號,23.0015207,120.1904325
玄明保安宮,宣靈公劉,臺南市中西區西門路二段307巷27號,22.9968861,120.199
溫陵廟,天上聖母,臺南市中西區濟生街64巷1號,22.99749,120.191993
西羅殿,廣澤尊王,臺南市中西區和平街90號,22.9968509,120.1958615
廣州宮,三坪祖師,臺南市中西區大德街105號,22.987699,120.195899
崇福宮,玄天上帝,臺南市中西區民族路三段119號,22.998643,120.196277
景福祠,福德正神,臺南市中西區普濟街44號,22.9977052,120.1984973
崗(六)姓府,顯王爺,臺南市中西區海安路225巷22號,22.9880983,120.1949411
開基共善堂,邢府千歲,臺南市中西區慈聖街65號,22.998955,120.199978
武英殿,諸府千歲,臺南市中西區大智街135號,22.9890941,120.193
金安宮,天上聖母,臺南市中西區信義街108巷59號,23.0011561,120.195151
正德堂,達摩祖師,臺南市中西區正德街38號,22.994263,120.195649
聚福宮,玄天上帝,臺南市中西區民族路三段51號,22.9981622,120.1978743
普濟殿,諸府千歲,臺南市中西區普濟街79號,22.9980349,120.1982754
全台開基藥王廟,藥王大帝,臺南市中西區金華路四段86號,22.998193,120.194867
財保安宮,五府千歲,臺南市中西區保安路90號,22.9905612,120.1957049
慈聖殿,蕭府大帝,臺南市中西區國華街三段222號,22.9982641,120.199372
玉敕紫府南西慈惠堂,瑤池金母,臺南市中西區大福街36巷15號,22.9991091,120.194236
金華府,關聖帝君,臺南市中西區神農街71號,22.9975183,120.1966549
海安宮,天上聖母,臺南市中西區金華路四段44巷31號,22.997297,120.195242
媽祖樓天后宮,天上聖母,臺南市中西區忠孝街118號,22.9993499,120.196698
善德堂,李府三尊王,臺南市中西區普濟街67號,22.9980349,120.1982754
神興宮,諸府千歲,臺南市中西區民生路二段21號,22.994666,120.198447
尊王公壇,尊王公,臺南市中西區尊王路125號,22.991876,120.19443
新南宮,天上聖母,臺南市中西區府前路二段243號,22.9918691,120.190462
濟福宮,清水祖師,臺南市中西區和中街32號,22.9948212,120.1964522
清水寺,觀世音菩薩,臺南市中西區開山路3巷10號,22.9918798,120.2055479
光明王寺台南分院,大日如來,臺南市中西區府前路一段85巷38號,22.987906,120.209152
財月慧山觀音禪院宗教菩提發展基金會,觀世音菩薩,臺南市中西區西門路一段466號1樓,22.9831319,120.1977392
擇賢堂,觀世音菩薩,臺南市中西區中正路21巷15號,22.9915006,120.2031508
重慶寺,釋迦牟尼佛,臺南市中西區中正路5巷2號,22.9921559,120.2036289
慎德堂,釋迦牟尼佛,臺南市中西區公園路100號,22.997156,120.20658
報恩堂,觀世音菩薩,臺南市中西區忠義路二段38巷4號,22.992945,120.203289
慈蔭亭,觀世音菩薩,臺南市中西區新美街50巷43號,22.995236,120.200056
財南市法華寺,三寶佛,臺南市中西區法華街100號,22.9837634,120.2094246
廣慈院,觀世音菩薩,臺南市中西區赤崁里廣慈街38號,22.9948212,120.1964522
萬福庵,三寶佛,臺南市中西區民族路二段317巷5號,22.996205,120.202885
德化堂,觀世音菩薩,臺南市中西區府前路一段178號,22.989169,120.2061332
觀音講寺,釋迦牟尼佛,臺南市中西區民權路一段220巷16號,22.9925534,120.2077358
般若精舍,釋迦牟尼佛,臺南市中西區樹林街二段175巷3號,22.9858811,120.201289
玄良亭,觀世音菩薩,臺南市中西區五妃街324號,22.9826363,120.1982513
財湛然寺,阿彌陀佛,臺南市中西區忠義路二段38巷8號,22.9928231,120.2036227
財良皇宮,保生大帝,臺南市中西區府前路一段340號,22.9903514,120.1983529
台灣府城隍廟,城隍尊神,臺南市中西區青年路133號,22.9919406,120.2090558
臨水夫人媽廟,順天聖母,臺南市中西區建業街16號,22.98829,120.207254
池朱李千歲廟,諸府千歲,臺南市中西區武德街26巷12號,22.9922478,120.2096391
保西宮,諸府千歲,臺南市中西區中正路138巷28號,22.992237,120.203136
開隆宮,七娘媽,臺南市中西區中山路79巷56號,22.99431,120.20685
銀同祖廟,天上聖母,臺南市中西區城隍街45號,22.990151,120.2081869
馬公廟,輔順將軍,臺南市中西區開山路122巷1號,22.989311,120.2068
忠澤堂,城隍尊神,臺南市中西區新美街181號,22.998349,120.20155
福德爺廟,福德正神,臺南市中西區府前路一段122巷32號,22.9899171,120.208452
開基靈祐宮,真武大帝,臺南市中西區赤崁東街86號,22.9976376,120.2034295
東嶽殿,仁聖大帝,臺南市中西區民權路一段110號,22.9904069,120.2092866
永華宮,廣澤尊王,臺南市中西區府前路一段196巷20號,22.9897883,120.2052798
開山宮,保生大帝,臺南市中西區民生路一段156巷6號,22.994347,120.2004917
北極殿,真武大帝,臺南市中西區民權路二段89號,22.9944412,120.2047356
大天后宮,天上聖母,臺南市中西區永福路二段227巷18號,22.9966767,120.2015872
福德祠,福德正神,臺南市中西區開山路203號,22.986829,120.209515
開基武廟,關聖帝君,臺南市中西區新美街114號,22.9963991,120.2007946
朝興宮,天上聖母,臺南市中西區中正路53巷12號,22.992351,120.2037652
厲王壇,諸府千歲,臺南市中西區青年路226巷63號,22.992366,120.2072031
五帝廟,五顯大帝,臺南市中西區忠義路二段87號,22.992776,120.202475
昆沙宮,中壇元帥,臺南市中西區府前路一段359巷2號,22.9889618,120.210972
三官廟,三官大帝,臺南市中西區忠義路二段40號,22.9926301,120.203061
關帝廳,關聖帝君,臺南市中西區友愛街40巷11號,22.9909221,120.205731
小南天,福德正神,臺南市中西區忠義路二段158巷27號,22.995718,120.205181
總趕宮,倪府千歲,臺南市中西區中正路131巷13號,22.993662,120.1935
台灣祀典武廟,關聖帝君,臺南市中西區永福路二段229號,22.9962991,120.2021353
崑明殿,薛府千歲,臺南市中西區開山路263巷4號,22.986066,120.21061
五瘟宮,五瘟神,臺南市中西區中正路131巷8號,22.993654,120.193663
辜婦媽廟,辜孝女,臺南市中西區青年路226巷63號,22.992366,120.2072031
財台灣首廟天壇,玉皇大帝,臺南市中西區忠義路二段84巷16號,22.9938445,120.2039697
福安宮,李府千歲,臺南市中西區府前路一段304巷3號,22.99058,120.198904
沙陶宮,太子爺,臺南市中西區西門路二段116巷5號,22.99303,120.199464
和意堂,七祖先師,臺南市中西區西門路一段734巷7號,22.989348,120.198625
興尊宮,劉王李府三尊王,臺南市中西區成功路175巷19號,22.996774,120.210353
財廣安宮,褚府千歲,臺南市中西區新美街172號,22.997542,120.201464
財崇德聖堂,觀世音菩薩,臺南市中西區民權路一段267號,22.9931471,120.206809
代天聖安宮,下元水官大帝,臺南市中西區民權路三段446號,22.9992541,120.187448
風神廟,風神爺,臺南市中西區民權路三段143巷8號,22.9971131,120.1957301
小城隍廟,朱公一貴,臺南市中西區開山路289號,22.9854054,120.2106318
厲王宮,張府千歲,臺南市中西區西門路二段307巷14號,22.9970355,120.1995347
凌霄寶殿,玉皇上帝,臺南市中西區武聖路197巷50弄28號,23.0059431,120.189072
宮,黃府千歲,臺南市中西區和平街55號,22.9962839,120.1979763
南興萬聖公廟,萬聖爺,臺南市中西區民權路四段472號,22.9998881,120.1732417
龍山寺,觀世音菩薩,臺南市東區東門路二段134巷27號,22.9865327,120.2195592
念字聖堂,觀音大士,臺南市東區東光路二段36巷27號,22.996187,120.232667
彌陀寺,釋迦牟尼佛,臺南市東區東門路一段133號,22.9882331,120.2144614
修禪院,三寶佛,臺南市東區光華街8號,22.986336,120.216247
開華禪寺,釋迦牟尼佛,臺南市東區光華街214號,22.986941,120.213824
正妙寺,釋迦牟尼佛,臺南市東區前鋒路129號,23.0029661,120.2148904
南鰲慈惠堂,瑤池金母,臺南市東區大同路一段197巷58號,22.9835219,120.2124179
南善堂,柳帝君,臺南市東區府連路260巷14號,22.9849748,120.2143869
慶隆廟,謝元帥,臺南市東區裕農路821號,22.989761,120.241382
祝三多廟,福德正神,臺南市東區東門路一段63號,22.9886511,120.212844
大人廟,朱池李千歲,臺南市東區東門路一段17號,22.989299,120.2117744
德高厝上帝廟,玄天上帝,臺南市東區城東街28號,22.9659001,120.235136
三太子爺廟,三太子爺,臺南市東區建東街43巷18號,22.99036,120.236367
南台慈惠堂瑤池宮,瑤池西王金母,臺南市東區東門路二段442號,22.981504,120.228669
台南後甲北極殿,玄天上帝,臺南市東區裕農路621巷71號,22.9901249,120.2354072
龍山殿,北府千歲,臺南市東區府連路434號,22.9859906,120.2171145
大聖殿,齊天大聖,臺南市東區立德二路8巷9號,22.974597,120.214947
天宮,玉皇上帝,臺南市東區青年路448號,22.991105,120.217254
祖師公廟,祖師公,臺南市東區東門路一段114號,22.987977,120.21413
護東宮,五府千歲,臺南市東區小東路198巷40弄52號,22.9991486,120.22638
關帝殿,文衡聖帝,臺南市東區中華東路二段96巷1弄1號,22.985117,120.23263
天和殿,法師公,臺南市東區樹林街一段177號,22.9865411,120.212654
聖公廟,福德正神,臺南市東區樹林街一段79號,22.9859651,120.215014
南天府,南天文衡聖帝,臺南市東區裕豐街214巷25號,22.988272,120.228458
太子普安宮,普唵祖師、太子公,臺南市東區東成街96之1號,22.9801041,120.234865
天上聖母宮,媽祖,臺南市東區大同路一段175巷116弄5號,22.9833736,120.2133669
慈航居士會三寶殿,釋迦牟尼佛,臺南市東區勝利路16號,22.9899692,120.2176545
臨水宮,陳靖姑三姊妹,臺南市東區大同路二段19巷4弄4號,22.980507,120.212783
良寶宮,五府千歲,臺南市東區崇善8街48號,22.979379,120.227201
郭府宮殿,保安廣澤尊王,臺南市東區崇明11街52巷11號,22.9761815,120.2235589
玉窩堂,九天玄女,臺南市東區立德8路3巷36號,22.9771224,120.2140315
三寶山靈巖講堂,釋迦牟尼佛,臺南市東區裕農1街153號,22.9835033,120.2396166
金玄殿,金龍太子,臺南市東區生產路341巷14號,22.9661929,120.2308726
台南南聖宮,張將軍,臺南市東區南聖里富農街二段108巷11號,22.987491,120.236193
勝和宮,五府千歲,臺南市東區勝利路171巷8號,22.9958992,120.2170368
元天宮,元始天尊,臺南市東區崇明路322號,22.9775969,120.2200975
廣合堂,馬府二千歲,臺南市東區育樂街117巷3號,22.9952834,120.2147451
山西武聖宮,文衡聖帝,臺南市東區裕農路661巷25弄2號,22.989427,120.236418
前甲顯明殿,文衡聖帝,臺南市東區中華東路二段48巷6號,22.98671,120.232818
圓通寺,釋迦牟尼佛,臺南市東區裕誠街360號,22.9897186,120.2459697
金天宮,金天元帥,臺南市東區府連路312巷3號,22.9848632,120.2147946
武玄宮,文衡聖帝,臺南市東區崇明0街70巷6號,22.9763786,120.221919
開基開帝殿,神農大帝,臺南市東區崇德7街8巷50號,22.9778905,120.2244633
聖汝宮,三奶夫人媽,臺南市東區裕和5街211號,22.9856222,120.2463336
臺南華光堂,濟公禪師,臺南市東區崇德6街18號,22.9687552,120.2294887
林聖宮,林聖四帝,臺南市東區富農街二段92巷13號,22.985401,120.235503
開基信安宮,李府千歲,臺南市東區裕孝路21號,22.9892098,120.2432131
伍佛堂,觀音佛祖,臺南市東區府連路204巷25號之1,22.9845718,120.2130556
中善堂,觀世音菩薩,臺南市南區新興路41巷8號,22.976435,120.193382
靜隱禪寺,釋迦牟尼佛,臺南市南區明興路619巷327號,22.9503821,120.184673
大光寺,觀世音菩薩,臺南市南區大同路二段640巷95號,22.9682891,120.211396
南岩超峰寺,觀世音菩薩,臺南市南區興南街166巷52號,22.9225471,120.181682
南府聖賢社聖懿堂,關聖帝君,臺南市南區金華路一段352巷97弄16號,22.969407,120.193425
竹溪禪寺,釋迦牟尼佛,臺南市南區體育路87號,22.9773921,120.208486
龍山寺,清水祖師,臺南市南區鯤鯓里14鄰鯤鯓路102巷81號,22.9591471,120.1727952
萬皇宮,葉朱李千歲,臺南市南區喜樹路222巷52號,22.9462411,120.179741
財豁落院仁慈堂,豁落靈官王天君,臺南市南區仁慈街16號,22.978365,120.194444
省躬社聖化堂,關聖帝君,臺南市南區灣裡路88巷85號,22.929544,120.179707
怡峰殿舉喜堂,關聖帝君,臺南市南區明興路1087巷21號,22.9604401,120.188823
二天府,文昌帝君,臺南市南區灣裡路88巷278號,22.9264071,120.18024
北極真武殿,玄天上帝,臺南市南區公英1街64號,22.9707031,120.213057
三官大帝廟,三官大帝,臺南市南區新興路234號,22.9764841,120.1927939
鹽埕北極殿,玄天上帝,臺南市南區鹽埕路159巷1號,22.9671623,120.1885464
萬年殿,三府千歲,臺南市南區灣裡路64號,22.9319267,120.180714
同安宮,玄天上帝,臺南市南區灣裡路351巷21號,22.925503,120.184233
建安宮,中壇元帥,臺南市南區大德街141巷47號,22.9853047,120.1958762
鹽埕天后宮,天上聖母,臺南市南區鹽埕路291巷15號,22.9715361,120.1890888
碧龍宮,三山老祖,臺南市南區福吉4街66號,22.9839191,120.192488
馬鎮宮,馬府千歲,臺南市南區灣裡路211巷88弄18號,22.9281976,120.182482
保安宮,五府池千歲,臺南市南區灣裡路282巷68弄17號,22.9266151,120.1816249
水門宮,七府千歲,臺南市南區文南里仁南街86號,22.984394,120.184595
志伯祠,鎮海將軍,臺南市南區育南街23號,22.982891,120.189102
泉州府水柳宮眾善堂,中壇元帥,臺南市南區大成路二段143巷55號,22.9732861,120.1934229
鹽埕觀音寺,南海觀音佛祖,臺南市南區金華路一段405號,22.97039,120.190323
靈雲壇,圓通自在天尊,臺南市南區喜樹路340巷148號,22.9402191,120.176033
南府濟生堂,太上老君,臺南市南區明興路925巷146弄55號,22.9338721,120.183452
慈善堂,觀世音菩薩,臺南市南區中華南路二段224號,22.9613628,120.1897805
財宗祖聖堂,明明上帝,臺南市南區明興路77巷66弄15號,22.959014,120.187838
厲王文安宮,五府千歲,臺南市南區新慶街10巷10號,22.9806969,120.1933504
朝天宮,玄天上帝,臺南市南區喜樹路340巷81號,22.941451,120.17586
鹽埕鎮海宮,遊海元帥,臺南市南區德興路151號,22.9629096,120.1925651
鹽埕保安宮,池府千歲,臺南市南區鹽埕路291巷32弄61號,22.9712811,120.1877566
鯤安宮,池府千歲,臺南市南區鯤鯓路210號,22.9620423,120.1695514
元帥廟,林元帥,臺南市南區灣裡路62巷40弄1號,22.93365,120.177806
桶盤淺朝玄宮,玄天上帝,臺南市南區大同路二段482巷41號,22.972348,120.213555
萬元廟,吳府千歲,臺南市南區明興路1310號,22.9240071,120.1850032
五王廟,五府千歲,臺南市南區新都路488巷21號,22.9678101,120.19253
南山府,范元帥,臺南市南區新都路291號,22.967388,120.1966025
遊海府,遊海元帥,臺南市南區喜樹路222巷102號,22.9423539,120.1758885
五行代天宮,太上李老君,臺南市南區明興路1181巷172號,22.9262313,120.1884148
海口宮,金母娘娘,臺南市南區省躬3街126號,22.9313827,120.1779617
南普陀巖聖堂,觀世音菩薩,臺南市南區德興路336巷15弄71號,22.965596,120.192261
天元宮,周府千歲,臺南市南區大同路二段482巷133弄35號,22.9723721,120.213667
三天宮,地母,臺南市南區中華南路二段233巷252之13號,22.961511,120.189156
五龍天宮,五龍真君,臺南市南區新興路267巷29號,22.979327,120.19728
財西來庵,五福大帝,臺南市北區大興街178號,23.0105806,120.1888878
天和宮,諸府千歲,臺南市北區立賢路一段527號,23.0096574,120.2036169
開元寺,釋迦牟尼佛,臺南市北區北園街89號,23.0112414,120.2224925
西華堂,釋迦牟尼佛,臺南市北區北忠街92號,22.9994414,120.2100043
龍虎寺,無量音聲王佛,臺南市北區公園路663巷12號,23.0163571,120.213607
正覺寺,釋迦牟尼佛,臺南市北區正覺街120號,23.018294,120.213144
慈雲寺,觀世音菩薩,臺南市北區公園路746巷45號,23.0082011,120.211334
彌德堂,無量音聲王佛,臺南市北區金華路五段30號,23.002358,120.196585
財天帝聖堂,明明上帝,臺南市北區北園街124巷27號,23.014675,120.2234689
理教總公所台南靜善堂公所,聖宗古佛,臺南市北區長榮路五段298巷35號,23.013857,120.217314
皇蓮宮,皇公,臺南市北區公園路577巷72號,23.0123771,120.210708
大興宮,謝府元帥,臺南市北區大興街246巷9號,23.0110631,120.187248
開基陰陽公廟,陰陽公,臺南市北區公園路233號,23.00033,120.208199
神農殿,神農大帝,臺南市北區長北街192號,23.004107,120.2052064
開基天后宮,天上聖母,臺南市北區自強街12號,22.9996366,120.2025578
元和宮,保生大帝,臺南市北區北華街311號,23.0010531,120.204075
開基玉皇宮,玉皇大帝,臺南市北區佑民街111號,22.9999038,120.206988
鎮轅境,福德正神,臺南市北區崇安街91號,23.0007338,120.2073554
三聖堂,廣澤尊王,臺南市北區成功路504巷2號,22.9973778,120.2111232
延平鳳山宮,廣澤尊王,臺南市北區公園路595之27號,23.013701,120.212079
財大觀音亭興濟宮,保生大帝、觀世音菩薩,臺南市北區成功路86號,22.9984023,120.2063113
雙良宮,諸府千歲,臺南市北區公園北路78巷32號,23.00556,120.211317
菱洲宮,玄天上帝,臺南市北區成功路524號,23.001499,120.196382
三山國王廟,三山國王,臺南市北區西門路三段100號,23.001377,120.2029229
文靈宮,天上聖母,臺南市北區文賢路1122巷159號,23.0173839,120.198162
福隆宮,保生大帝,臺南市北區北門路二段15巷107號,22.9995574,120.2126643
小北城隍廟,城隍尊神,臺南市北區西門路四段22巷29號,23.0068252,120.2076129
台南首邑縣城隍廟,城隍尊神,臺南市北區成功路238巷52號,22.9979637,120.2076131
三老爺宮,諸府千歲,臺南市北區裕民街86號,22.9996338,120.204702
代天府鎮南宮,諸府千歲,臺南市北區北園街124巷7號,23.0093071,120.223119
福德祠,福德正神,臺南市北區正覺街120號,23.018294,120.213144
番婆寮復興宮,朱府千歲,臺南市北區文賢路735巷32號,23.014768,120.192599
忠安宮,池府千歲,臺南市北區北園街53巷32號,23.009679,120.222253
陵興宮,吳府千歲,臺南市北區育德二路812號,23.020774,120.20116
恩隍宮,南邑天下第二都城隍,臺南市北區東豐路305巷51號,23.0036593,120.2238204
慶興殿,薛府王爺,臺南市北區大興街118號,23.01127,120.191024
三元宮,陳夫人,臺南市北區大興街528巷13弄4之1號,23.008809,120.180164
佛來寺,釋迦牟尼佛,臺南市北區育德二路55巷3號,23.0083895,120.2022434
誠心精舍,觀音菩薩,臺南市北區海安路三段781巷212弄16號,23.0011872,120.1990582
平安宮,溫府千歲,臺南市北區文賢3街320巷96號,23.0165544,120.1994218
小北鎮山城隍廟,鎮山城隍爺,臺南市北區長北街196號,23.004107,120.2052064
糖安宮,鎮山元帥,臺南市北區北華街112巷90號,23.0019951,120.206649
白龍庵五靈堂,五福大帝,臺南市北區崇安街41巷6號,23.0004515,120.206465
朝南宮,媽祖,臺南市北區開元路63巷18弄5號,23.007284,120.216236
太子宮,中壇元帥,臺南市北區大興街40巷6號,23.0121481,120.192885
南中慈惠堂,無極瑤池金母,臺南市北區長榮路五段276巷18號,23.013648,120.217744
總祿境,福德正神,臺南市北區忠義路三段41號,22.9995691,120.205249
泰明宮,天上聖母,臺南市北區大武街205巷13之1號,23.014628,120.215253
玉尊堂,廣澤尊王,臺南市北區北華街173號,23.0010464,120.2063143
勝安宮,池府千歲,臺南市北區開元路183巷16號,23.008041,120.2191927
安聖宮,地基主,臺南市北區文成路128號,23.0127302,120.2017971
鄭子寮福安宮,太子爺,臺南市北區北成路212號,23.020482,120.206672
開基龍君殿,蒼天上帝,臺南市北區北華街174號,23.0008698,120.2048962
平安宮,溫府千歲,臺南市北區文賢3街320巷96號,23.0165544,120.1994218
慈照寺,觀世音菩薩,臺南市北區文賢路313巷36號,23.0067409,120.1924773
觀音亭,觀世音菩薩,臺南市安平區觀音街33號,23.0003023,120.1625887
化善堂,釋迦牟尼佛,臺南市安平區效忠街52巷7號,23.0015789,120.162788
財關帝聖堂,關聖帝君,臺南市安平區安平路202號,22.9984052,120.1807541
天宮壇,田府元帥,臺南市安平區漁光路121號,22.976733,120.161138
伍德宮,蘇府元帥,臺南市安平區運河路13巷11號,22.998907,120.163026
三平廣濟宮,廣濟禪師,臺南市安平區府前3街136號,22.9959981,120.185595
周龍殿,通府千歲,臺南市安平區延平街106號,23.0007311,120.162506
西龍殿,蒼府千歲,臺南市安平區國勝路35巷12號,23.001087,120.159418
弘濟宮,池府千歲,臺南市安平區運河路40巷3號,22.998974,120.160481
文龍殿,邢府千歲,臺南市安平區安北路121巷10弄6號,23.0024,120.162934
廣濟宮,保生大帝,臺南市安平區效忠街33號,23.0007804,120.1643544
城隍廟,城隍尊神,臺南市安平區安平路121巷1號,22.9996041,120.163387
靈濟殿,恩主公,臺南市安平區安平路75巷18弄2號,22.9990049,120.1640508
文朱殿,李天王,臺南市安平區效忠街63號,23.0011036,120.1615983
三靈殿,馬府大帝,臺南市安平區安北路121巷15弄19號,23.001811,120.163127
開台天后宮,天上聖母,臺南市安平區國勝路33號,23.0006166,120.1606887
妙壽宮,保生大帝,臺南市安平區古堡街1號,22.9994541,120.161452
金龍殿,蘇府千歲,臺南市安平區中興街67號,23.0022725,120.1613843
金龍宮,呂山三位祖師,臺南市安平區怡平路469號,22.993843,120.17311
財噶瑪噶居法輪中心,紅觀音菩薩,臺南市安平區永華12街16號,22.991648,120.158953
觀音精舍,觀音菩薩,臺南市安平區平豐路391巷22弄28號,22.994326,120.163201
興和宮,五府千歲,臺南市安平區府平路432號,22.9870864,120.167152
無極慈元宮,瑤池金母,臺南市安平區府平路457號,22.9872779,120.1644071
南極殿,文衡聖帝,臺南市安平區光州5街21號,22.98895,120.160786
大眾廟,夔府千歲,臺南市安平區運河路52巷2號,22.9987585,120.1601309
衡天壇,關聖帝君,臺南市安平區建平9街60巷34號,22.9915434,120.1808936
三鯤鯓雲濟宮,鎮海元帥,臺南市安平區漁光路81號,22.9753364,120.1603539
四連宮,余府千歲,臺南市安平區健康2街490號,22.994698,120.174405
佛光山台南福國寺,釋迦牟尼佛,臺南市安南區安和路四段538巷81號,23.060434,120.221102
香光聖堂,明明上帝,臺南市安南區總安街一段316號,23.0517017,120.2145202
慈安宮,保生大帝,臺南市安南區安和路四段75巷58號,23.051645,120.219034
保山宮,觀音佛祖,臺南市安南區怡安路一段385巷46號,23.041081,120.206547
鹿耳門天后宮,天上聖母,臺南市安南區媽祖宮1街136號,23.0372099,120.1244579
南天宮,池府千歲,臺南市安南區公學路四段212號,23.0678319,120.1763324
保安宮,保生大帝,臺南市安南區長和街三段96號,23.063607,120.216137
保安宮,保生大帝,臺南市安南區安和路一段220巷52號,23.031262,120.21527
福德宮,福德正神,臺南市安南區安和路一段96巷46號,23.026828,120.215276
保和宮,保生大帝,臺南市安南區慶安路255號,23.0420341,120.214389
中安宮,將軍爺,臺南市安南區安和路一段215巷2號,23.032702,120.21277
四草大眾廟,鎮海元帥,臺南市安南區顯草街一段360號,23.0070182,120.1381494
興安宮,保生大帝,臺南市安南區長溪路二段561號,23.0550089,120.20185
本淵寮朝興宮,普庵佛祖,臺南市安南區本原街三段228號,23.052471,120.174021
朝皇宮,保生大帝,臺南市安南區海中街101巷10號,23.0404575,120.1840055
保鎮宮,保生大帝,臺南市安南區長溪路一段168巷192號,23.040624,120.210298
宏濟宮,保生大帝,臺南市安南區安昌街85巷97弄32號,23.070227,120.218567
代天府,朱府千歲,臺南市安南區長和街四段231巷9315號,23.062388,120.2082319
清水寺,清水祖師,臺南市安南區公學路一段228號,23.0774619,120.199808
慶和宮,保生大帝,臺南市安南區長和路一段845巷56弄6號,23.061068,120.226474
正統鹿耳門聖母廟,天上聖母,臺南市安南區城安路160號,23.0676917,120.1273252
鎮安宮,天上聖母,臺南市安南區長溪路三段466號,23.0688559,120.195959
清安宮,雷府大將,臺南市安南區城北路871巷123號,23.078813,120.127878
鎮安宮,池府千歲,臺南市安南區鹽安路30路,23.0334823,120.1448054
代天宮,諸府千歲,臺南市安南區安和路一段285巷67號,23.0274759,120.214888
軒轅神宮,軒轅黃帝,臺南市安南區長溪路三段380巷76弄2號,23.068483,120.199369
代天宮,保生大帝,臺南市安南區安中路一段619巷78號,23.0401711,120.197617
文武聖廟,文衡聖帝,臺南市安南區府安路五段113號,23.023924,120.200126
什三佃慶興宮,池府千歲,臺南市安南區本原街一段160號,23.0511889,120.198296
保安堂,保生大帝,臺南市安南區本原街二段106巷63號,23.058069,120.189273
和濟宮,保生大帝,臺南市安南區環福街123號,23.072299,120.2230915
溪南寮興安宮,普庵佛祖,臺南市安南區安興街435巷12號,23.070206,120.156221
萬安宮,天上聖母,臺南市安南區安興街181巷63弄6號,23.067015,120.160347
慈興宮,池府千歲,臺南市安南區公學路六段655號,23.0784481,120.1448329
永鎮宮,廣澤尊王,臺南市安南區?田6街26號,23.0585336,120.1358346
福聖宮,李府千歲,臺南市安南區學東里17鄰城北路736巷13號,23.076765,120.130705
興護宮,保生大帝,臺南市安南區環福街261號,23.0738825,120.2209293
崇聖宮,池府千歲,臺南市安南區環福街206號,23.0736727,120.2218133
南清宮,福德正神,臺南市安南區城西街501巷62500號,23.056746,120.0939005
五聖宮,岳武穆王帝君,臺南市安南區本原街三段234巷106弄78號,23.0570795,120.1739064
三岳堂,三岳大帝,臺南市安南區本原街三段162號,23.0526639,120.175559
龍鳳宮,仙姑媽,臺南市安南區安中路一段354巷32弄22之1號,23.038728,120.204368
大聖廟,齊天大聖,臺南市安南區安和路四段274巷80號,23.052088,120.218939
白仙宮,白仙姑,臺南市安南區府安路四段218號,23.024567,120.20566
慈峰寺,觀世音菩薩,臺南市安南區長溪路二段581巷38號,23.055388,120.201373
慈光精舍,南無觀世音菩薩,臺南市安南區府安路七段10巷21號,23.0144424,120.1810305
安溪寺,觀世音,臺南市安南區府安路五段11巷35弄44號,23.0254961,120.20297
大慈宮,保生大帝,臺南市安南區北安路三段745巷42弄36號,23.050128,120.211345
順天府,五虎將,臺南市安南區安昌街106巷41號,23.0697391,120.2203125
德義佛堂,明明上帝,臺南市安南區安中路六段519巷6號,23.0614889,120.130282
聖安宮,謝府千歲,臺南市安南區青砂街一段572巷116弄32號,23.0754899,120.122693
海尾代天宮,李府千歲,臺南市安南區海中街169巷59之1號,23.0409711,120.182665
文殊園淨珍精舍,阿彌陀佛,臺南市安南區城北路735巷288弄76號,23.0632179,120.13124
武聖殿,文衡聖帝,臺南市安南區長溪路一段341巷6弄18號之1,23.0389461,120.206286
清聖宮,吳府三千歲,臺南市安南區青砂街一段633巷20弄101號,23.064385,120.127319
南華寺,三寶佛,臺南市安南區公學路六段469巷31弄46號,23.0774013,120.1477251
普法道濟寺,濟公活佛,臺南市安南區本田路三段266號,23.0437902,120.1649463
慈雲宮,天上聖母,臺南市安南區安中路一段189巷85弄3號之1,23.0340621,120.207764
新安宮,保生大帝,臺南市安南區總安街一段362巷50之1號,23.054696,120.211713
香嚴寺,三聖佛,臺南市安南區海環街317號之1,23.038734,120.181225
軒轅宮,黃帝祖,臺南市永康區大橋里69鄰中山南路347巷46號,23.0182321,120.2384089
台南代天府五王宮,李府千歲,臺南市永康區中興里中華二路269號,23.0085817,120.2377636
五王府,五府千歲,臺南市永康區網寮里永2街123巷15號,23.0165876,120.2527152
代天聖德堂,吳府千歲,臺南市永康區永康里17鄰永華路189號,23.0239541,120.259612
保生宮,保生大帝,臺南市永康區永康里中山北路65號,23.0267401,120.258282
南海佛祖寺,南海佛祖,臺南市永康區永康里永埔街17巷2號,23.0273861,120.258393
蕭德堂,達摩祖師,臺南市永康區永康里永中街138巷26號,23.024723,120.259161
永康慈后宮,天上聖母,臺南市永康區永康里28鄰永平街475號,23.0227571,120.257708
英靈廟,靖忠元帥,臺南市永康區大橋村中山南路43巷7號,23.0128019,120.2265923
法王講堂,釋迦牟尼佛,臺南市永康區東橋里19鄰中山南路469號,23.021832,120.248394
慈聖宮,觀世音菩薩,臺南市永康區埔園里龍埔街488號,23.0351531,120.255808
福德祠,福德正神,臺南市永康區龍潭里龍埔街11號,23.033494,120.266728
開天宮,神農大帝,臺南市永康區王行里育樂街180號,23.0356268,120.2687633
廣興宮,謝府元帥,臺南市永康區西勢里蕃薯厝西勢路19巷60號,23.0154649,120.2772325
保靈宮,保生大帝,臺南市永康區三民路三民街96號,23.0525566,120.247326
廣護宮,廣惠聖王,臺南市永康區大灣里大灣路286號,23.0072481,120.267402
淨法寺,釋迦牟尼佛,臺南市永康區大灣里民族路248號,23.006393,120.269057
淨土寺,釋迦牟尼佛,臺南市永康區東灣里25鄰大灣1街167號,23.0013801,120.26606
國聖宮,開臺聖王,臺南市永康區北灣里大同街100號,23.00934,120.26948
凌霄寶殿,玉皇大帝,臺南市永康區崑山里永大路二段103巷8號,23.004402,120.260446
小東山妙心寺,釋迦牟尼佛,臺南市永康區勝利里勝利街11巷10號,23.0009521,120.23142
廣濟雷音宮,廣濟禪師,臺南市永康區勝學路159號,23.007015,120.230535
菩提寺,釋迦牟尼佛,臺南市永康區勝利里勝華街156號,23.006379,120.232743
聖龍宮,天上聖母,臺南市永康區埔園里中山路120巷1號,23.033151,120.255026
禹帝宮,大夏聖帝,臺南市永康區鹽行里鹽行路27號,23.041887,120.236146
聖巡北極殿,玄天上帝,臺南市永康區南灣里立興街74巷2號,23.0030401,120.263995
聖巡代天府,五府千歲,臺南市永康區東灣里大灣3街73巷36號,23.0036621,120.266483
天后宮,天上聖母,臺南市永康區鹽行里中正南路690號,23.039263,120.23564
南天宮,李府千歲,臺南市永康區埔園里45鄰龍埔街287號,23.0346531,120.258311
天心聖宮,明明上帝,臺南市永康區網寮里中山南路510巷1-13號,23.0174103,120.241027
三老爺宮,三老爺,臺南市永康區蔦松里蔦松1街96號,23.047824,120.261883
神農大帝廟,神農大帝,臺南市永康區王行里王行路898巷81號,23.0514544,120.2773409
開仙宮,開府元帥,臺南市永康區甲頂里31鄰中央路32號,23.023303,120.215754
二王廟,開台聖王,臺南市永康區二王里永2街395號,23.0183182,120.2476669
保寧宮,保生大帝,臺南市永康區鹽洲里洲尾街78號,23.0387614,120.2290949
鎮南宮,萬府千歲,臺南市永康區甲頂里中正南路235巷1號,23.0247651,120.220189
大灣觀音廟,觀世音菩薩,臺南市永康區北灣里文賢街391號,23.0119443,120.266792
天后宮,天上聖母,臺南市永康區中山東路368號,23.0089592,120.2376686
禮義聖道院,明明上帝,臺南市永康區勝利里1鄰勝利街95巷7號,23.003509,120.2324
玉所行?,張天師,臺南市永康區西灣里20鄰大安街365號,23.0119401,120.26429
龍潭天壇,吳府三千歲,臺南市永康區龍潭里龍國街351號,23.0318456,120.2663819
觀音堂,觀音二媽,臺南市永康區北灣里信義街238巷7號,23.0098421,120.270292
永康慈后宮,天上聖母,臺南市永康區永康里永大路701巷30號,23.0222321,120.260393
正德宮,福德正神,臺南市永康區尚頂里中正2街157之1號,23.036202,120.249358
紫龍宮,觀世音菩薩,臺南市永康區復華里19鄰復國一路67巷15之2號,23.004232,120.243694
姑婆廟,順天聖母,臺南市永康區尚頂里正南1街146號,23.0340506,120.2394784
大竹林竹安宮,楊府元帥,臺南市永康區鹽行里29鄰竹林街19號,23.0402349,120.2464677
保聖殿,廣澤尊王,臺南市永康區永康里25鄰中山北路123巷5號,23.0275861,120.259584
福德祠,福德正神,臺南市永康區蔦松里蔦松2街73號,23.045055,120.256547
順升宮,道元祖師爺,臺南市永康區中山北路499巷2弄12號,23.0301101,120.271216
聖海宮,天上聖母,臺南市永康區三合里14鄰南工街208巷4之1號,23.0139891,120.237297
照應宮,照應神君,臺南市永康區王行里中山北路499巷19號,23.033415,120.270647
城隍宮,城隍爺,臺南市永康區南興路112巷82弄7之1號,23.0002321,120.264782
步玉宮,楊府千歲,臺南市永康區中興里91巷51號,23.007745,120.238355
聖清宮,黃府千歲,臺南市永康區新樹里中山北路900巷10號,23.025866,120.257567
烏竹三千宮,朱府千歲,臺南市永康區烏竹里1鄰烏竹北街96號,23.0455731,120.263123
慈雲玄聖宮,玄天上帝,臺南市永康區南灣里南灣街118號,23.004662,120.262082
中興壇,中壇元帥,臺南市永康區西勢里富強路一段357巷3號,23.01391,120.27187
福安宮,臨水夫人陳靖姑,臺南市永康區新樹里富強路二段306號,23.027428,120.27438
廣德堂,三媽佛祖,臺南市永康區大灣里大安街318巷25號,23.0097083,120.2654066
慈鳳宮,西王金母,臺南市永康區東灣里3鄰民族路3巷30號,22.999986,120.27228
進安宮,五府千歲,臺南市永康區大穚1街103巷139號,23.0197221,120.227508
南極殿,南極仙翁,臺南市永康區鹽行里4鄰新行街4巷41號,23.0391991,120.241977
龍明寺,釋迦牟尼佛,臺南市永康區鹽行里中正5街11巷45號,23.0378159,120.2454855
玉天宮,玄天上帝,臺南市永康區網寮里永2街245巷47號,23.0165876,120.2527152
玄武宮,玄天上帝,臺南市永康區崑山里大灣路891巷132弄70號,22.9977868,120.2582891
九三廟,九天娘娘,臺南市永康區埔園里中山路68號後,23.027493,120.257039
皇天宮,玉皇大天尊,臺南市永康區勝利里中華路79巷26號,23.001676,120.234388
善慈寺,觀音菩薩,臺南市永康區建國里復興街16號,22.999088,120.250044
保安宮,吳府千歲,臺南市永康區復興里28鄰興國街196巷1號,23.0039161,120.242276
順靈殿,白府代天巡狩,臺南市永康區三民里和平路212巷4號,23.0570779,120.265679
協天宮,南天聖帝,臺南市永康區龍潭里中山北路461巷8弄16-1號,23.030224,120.269415
慈靈宮,廣惠尊者,臺南市永康區鹽洲里中山南路451號,23.0217081,120.2476771
評周公廟,評周元帥,臺南市永康區西灣里14鄰,23.0137318,120.2599266
八仁慈惠堂,瑤池金母,臺南市歸仁區八甲村8鄰62號,22.9718402,120.3060706
仁壽宮,保生大帝,臺南市歸仁區文化村文化街二段16號,22.9698198,120.2929245
善化寺,釋迦牟尼佛,臺南市歸仁區中山路一段352號,22.9660601,120.3005572
福德祠,福德正神,臺南市歸仁區崙頂村崙頂街152號,22.9584912,120.2966502
清水宮,清水祖師,臺南市歸仁區南興村文化街三段206號,22.9707467,120.2833088
北極殿,玄天上帝,臺南市歸仁區南興村文化街三段612號,22.9705133,120.2818065
北安宮,楊五賽元帥,臺南市歸仁區看東村忠孝路86號,22.970249,120.299456
修元淨佛院,觀音菩薩,臺南市歸仁區看東村15鄰中山路一段159號,22.9655055,120.3037762
八甲代天府,池府千歲,臺南市歸仁區八甲村大明3街9號,22.9766122,120.2970045
朝天宮,天上聖母,臺南市歸仁區媽廟村保大路一段156號,22.9966066,120.2918261
平安宮,池府千歲,臺南市歸仁區沙崙村沙崙269號,22.939129,120.311089
保西代天府,李池朱府千歲,臺南市歸仁區大廟村18鄰大廟5街31號,22.9978692,120.2775907
武當山廟,玄天上帝,臺南市歸仁區武東村武東2街42巷200號,22.9169708,120.2741678
大埔福德祠,福德正神,臺南市歸仁區西埔村14鄰西埔2街43號,22.996066,120.286541
大潭昭德宮,福德正神,臺南市歸仁區大潭村長榮路一段306號,22.9104323,120.2688504
崁仔頭清水宮,清水祖師,臺南市歸仁區辜厝村大順3街42號,22.9652212,120.2900969
許厝代天府,田府千歲,臺南市歸仁區許厝村中山路一段437巷11號,22.966019,120.2994454
看西武聖宮,文衡聖帝,臺南市歸仁區看西村10鄰仁愛南街157號,22.9626808,120.300605
法藏講堂,釋迦牟尼佛,臺南市歸仁區南保村民權8街85巷1號,22.9691025,120.2849413
六甲北極殿,玄天上帝,臺南市歸仁區 六 甲村民生12街59巷1號,22.9670943,120.2939185
龍山禪院,釋迦牟尼佛,臺南市歸仁區媽廟村保大路一段152巷22號,22.9981974,120.2946881
三清宮,三清道祖,臺南市歸仁區 六 甲村 六 甲路365巷29號,58.9121509,24.4301966
南潭元帥廟,元帥爺,臺南市歸仁區七甲村南潭3街42號,22.9869537,120.2777194
忠順府,忠順聖王,臺南市歸仁區歸仁村和平2街15號之1,22.9694087,120.2970111
無極王母宮,王母娘娘,臺南市歸仁區媽廟村19鄰139-2號,22.9994507,120.295978
五府千歲壇,天上聖母,臺南市歸仁區看東村成功路一段27巷60弄135號,22.9618208,120.3038571
潭墘代天府,五府千歲,臺南市歸仁區歸南村11鄰民生南街二段219之1號,22.9591655,120.2791801
弘農宮,楊府元帥,臺南市歸仁區看東村忠孝南路196號,22.9635793,120.3028982
德興聖堂,明明上帝,臺南市歸仁區歸仁村28鄰中山路一段2巷61號,22.9654192,120.3147958
武東玄武宮,池府千歲,臺南市歸仁區武東村7鄰武東2街40號,22.9160561,120.272162
翰林院,田府元帥,臺南市歸仁區中正南路一段85巷3號,22.9642006,120.2941386
後市五公禪院,五公菩薩,臺南市歸仁區後市國光街55號,22.9670943,120.2939185
辜厝翰林院,田都元帥,臺南市歸仁區辜厝村3鄰中正6街62號,22.9619654,120.2882269
文衡聖帝堂,文衡聖帝,臺南市歸仁區許厝村仁愛南街56巷28號,22.9641534,120.2998547
西勢王爺壇,黃府王爺,臺南市歸仁區西埔村8鄰保大路二段180號,22.9971752,120.2867243
三塊厝順天宮,忠順聖王,臺南市歸仁區 六 甲村 六 甲8街147號,22.9670943,120.2939185
二甲代天府,池府千歲,臺南市歸仁區沙崙村2甲178號,22.953673,120.30179
灣厝北極殿,玄天上帝,臺南市歸仁區中正南路一段131巷19號,22.9635792,120.2931493
媽廟亭,聖公伯,臺南市歸仁區媽廟村中正北路三段50巷35號,22.9908284,120.291105
朱府千歲壇,朱府千歲,臺南市歸仁區崙頂村成功0街69巷25號,22.9591372,120.2988837
忠順宮,忠順聖王,臺南市歸仁區武東村15鄰中正南路二段79號,22.928818,120.277439
三帝宮,?三媽佛祖,臺南市歸仁區大潭村林子邊,22.911311,120.287736
看西清水宮,清水祖師,臺南市歸仁區看西村成功7街79巷26弄16號,22.963247,120.3022491
噶瑪噶居寺,釋迦牟尼佛,臺南市左鎮區左鎮村91-2號,23.0411666,120.409835
左鎮帝王宮,石府千歲,臺南市左鎮區左鎮村5鄰39號,23.0411666,120.409835
慈蓮寺,釋迦牟尼佛,臺南市左鎮區岡林村岡林10-2號,23.0300785,120.4242401
北極殿,玄天上帝,臺南市左鎮區中正村171-3號,23.0613958,120.4155972
無極天子宮,明明上帝,臺南市左鎮區澄山村9鄰澄山88號,23.028732,120.3925467
一元宮,關聖帝君,臺南市左鎮區光和村9鄰光和108號,23.059199,120.3752561
復興宮,池府千歲,臺南市左鎮區榮和村13鄰60-6號,23.070415,120.3983097
三聖宮,開天大帝,臺南市左鎮區榮和村4鄰42號,23.070415,120.3983097
建和宮,池府千歲,臺南市左鎮區中正村6鄰77-1號,23.0613958,120.4155972
朝天宮,媽????? 祖,臺南市左鎮區光和村1鄰13-1號,23.059199,120.3752561
北安宮,顧夫人媽,臺南市左鎮區二寮村2鄰16號,22.9929075,120.409835
中興公厝,媽????? 祖,臺南市左鎮區左鎮村7鄰71號,23.0411666,120.409835
三官大帝廟,三官大帝,臺南市左鎮區睦光村6鄰58-1號,23.0482343,120.427121
佛頂山朝聖寺,阿彌陀佛,臺南市左鎮區榮和村菜寮106-1號,23.065658,120.381963
慈媽宮,天上聖母,臺南市左鎮區二寮村64之2號,22.9929075,120.409835
噶瑪噶居寺,釋迦牟尼佛,臺南市左鎮區左鎮91-2號,23.059456,120.40596
慈蓮寺,釋迦牟尼佛,臺南市左鎮區岡林村10號,23.0152113,120.4184782
王府一心殿,王府千歲,臺南市左鎮區岡村村1之1號,23.0300785,120.4242401
二寮八龍殿,準提菩薩,臺南市左鎮區二寮村26號,22.9929075,120.409835
如來峰寺,三寶佛,臺南市左鎮區光和村102號,23.059199,120.3752561
無極天虛宮,無極王母,臺南市左鎮區二寮村石仔坑60之3號,22.9929075,120.409835
玉窩寺,濟公禪師,臺南市左鎮區岡林村1鄰15之1號,23.0152113,120.4184782
三角潭保中宮,保生大帝,臺南市左鎮區內庄村64之1號,23.0362927,120.4328824
代佛寺,地藏王菩薩,臺南市左鎮區岡林村1鄰岡林14號,23.0152113,120.4184782
南海禪寺,觀世音菩薩,臺南市左鎮區左鎮村3鄰左鎮62之5號,23.059456,120.40596
仙姑寺,仙姑,臺南市左鎮區睦光村3之3號,23.0482343,120.427121
口社寮阿立祖壇,阿立祖,臺南市左鎮區中正村164號,23.0613958,120.4155972
福恩宮,紫微大帝,臺南市左鎮區睦光村32號,23.0482343,120.427121
內庄保中宮,保生大帝,臺南市左鎮區內庄村2鄰19號,23.0362927,120.4328824
天后宮,天上聖母,臺南市左鎮區澄山村1鄰2號,23.028732,120.3925467
盤古殿,盤古萬歲,臺南市玉井區竹圍村40號,23.1295882,120.4732056
王井北極殿,玄天上帝,臺南市玉井區玉井村中正路102號,23.1242082,120.4613141
瑤闕宮導修堂,無極瑤池金母,臺南市玉井區玉井村憲政街36號,23.1233071,120.4584376
忠烈廟,余府元帥,臺南市玉井區玉田村憲政街23巷3號,23.1233071,120.4584376
瑤池宮慈惠堂,瑤池金母,臺南市玉井區玉田村中正路173巷49號,23.1219085,120.4593372
太子廟,太子爺,臺南市玉井區玉田村太子街43號,23.1232349,120.4610031
宅仔內興濟宮,保生大帝,臺南市玉井區玉田村大道街1號,23.121127,120.4688858
後旦仔福德爺廟,福德爺,臺南市玉井區中正村大成路471巷6號,23.1320997,120.4661651
新天宮,天上聖母,臺南市玉井區竹圍村大成路403號,23.1236027,120.4695651
竹圍北極殿,玄天上帝,臺南市玉井區竹圍村138號,23.1295882,120.4732056
新天王殿,盤古萬歲,臺南市玉井區沙田村2鄰15號,23.1139727,120.4962417
神農廟,神農大帝,臺南市玉井區三埔村3鄰16號,23.0970529,120.4876036
三埔天后宮,天上聖母,臺南市玉井區三埔村65號,23.0970529,120.4876036
中壇元帥廟,中壇元帥,臺南市玉井區三和村20號,23.0932944,120.4674459
圓通宮,觀音佛祖,臺南市玉井區三埔村3鄰65號,23.0970529,120.4876036
清水寺,清水祖師,臺南市玉井區三和村119號,23.0932944,120.4674459
望明振安宮,天上聖母,臺南市玉井區望明村66-1號,23.1043906,120.4530456
關帝爺廟,文衡聖帝,臺南市玉井區望明村144號,23.1043906,120.4530456
三官大帝廟,三官大帝,臺南市玉井區層林村13號,23.0878341,120.4300017
三官大帝廟,三官大帝,臺南市玉井區層林村7鄰74號,23.0878341,120.4300017
媽祖廟,媽????? 祖,臺南市玉井區豐里村34號,23.1389991,120.4415242
豐里上帝廟,玄天上帝廟,臺南市玉井區豐里村13鄰135號,23.1389991,120.4415242
真珠山玉皇宮,玉皇上帝,臺南市玉井區沙田村22號之1,23.1139727,120.4962417
三清宮,三清道祖,臺南市玉井區竹圍村149號之3,23.1295882,120.4732056
倒松朝鳳宮,觀音佛祖,臺南市玉井區望明村108-1號,23.1043906,120.4530456
字新仙宮,媽???? 祖,臺南市玉井區玉田村17鄰213號,23.121127,120.4688858
層林樹王公廟,樹王公,臺南市玉井區層林村4鄰39號,23.0878341,120.4300017
真珠山玉皇宮,玉皇大帝,臺南市玉井區沙田村22-3號,23.1139727,120.4962417
天濟宮,天上聖母,臺南市玉井區沙田村5鄰46-1號,23.1139727,120.4962417
斗六代天府,池府千歲,臺南市玉井區中正村15鄰中正164號,23.1249661,120.4624506
龍聖宮,山王聖君,臺南市玉井區層林村348-2號,23.0878341,120.4300017
大佛寺,觀世音菩薩,臺南市玉井區層林村133-6號,23.0878341,120.4300017
寶林寺,釋迦牟尼佛,臺南市玉井區沙田村7鄰沙田73之16號,23.1195757,120.4828443
正慧淨舍,釋迦牟尼佛,臺南市玉井區玉田村35鄰大成路206巷33號,23.1247022,120.4717349
密嚴山心王寺,佛母準提王菩薩,臺南市玉井區沙田村3鄰沙田25之36號,23.1301732,120.4826576
覺海精舍,釋迦牟尼佛,臺南市玉井區層林村2鄰層林26號,23.079021,120.43455
感恩精舍,華嚴三聖,臺南市玉井區豐里村8鄰74之7號,23.1389991,120.4415242
慈聖宮,天上聖母,臺南市玉井區三和村8鄰三和100之2號,23.0932944,120.4674459
天竹寺,伍佛佛祖,臺南市玉井區沙田村3鄰22之5號,23.1139727,120.4962417
千峰巖,觀音佛祖,臺南市玉井區三埔村13鄰三埔3號之3,23.089257,120.477681
修緣堂,濟公活佛,臺南市玉井區中正村11鄰中正125號,23.1443186,120.4833298
五台山開明寺,三寶佛,臺南市玉井區豐里村142之3號,23.1389991,120.4415242
開天宮,盤古萬歲,臺南市玉井區三埔村8鄰三埔92號,23.089257,120.477681
大圓滿道院,觀世音菩薩,臺南市玉井區沙田村5鄰沙田56之4號,23.1195757,120.4828443
紫雲禪寺,南無觀世音菩薩,臺南市玉井區層林村5鄰55之1號,23.0878341,120.4300017
九華山上禪林寺,地藏王菩薩,臺南市玉井區層林村13鄰層林152號,23.079021,120.43455
明泉寺,三寶佛,臺南市玉井區竹圍村竹圍30-3號,23.133023,120.473655
樺林園慈啟寺,彌勒如來,臺南市玉井區望明村87-5號,23.1043906,120.4530456
神農殿,神農大帝,臺南市楠西區龜丹村42號,23.1325697,120.5221524
德山寺,釋迦牟尼佛,臺南市楠西區照興村興北111-1號,23.193171,120.483189
玄天上帝廟,玄天上帝,臺南市楠西區楠西村民族路102號,23.1767457,120.4825383
紫竹寺,觀世音菩薩,臺南市楠西區鹿田村1鄰鹿陶洋1-9號,23.156617,120.489365
瑤池武聖宮,王母娘娘,臺南市楠西區灣丘村灣丘62-8號,23.180545,120.517181
金朝陽宮,關聖帝君,臺南市楠西區中興路107之1號,23.1820569,120.4825409
浩然寺,觀世音菩薩,臺南市楠西區灣丘村9鄰香蕉山123號,23.1848629,120.5334079
天馬山敬皇宮,金闕大帝,臺南市楠西區龜丹村龜丹68號,23.134595,120.49599
平安寺,釋迦牟尼佛,臺南市楠西區鹿田村油車42之2號,23.166833,120.48998
信瑤慈惠堂,瑤池金母,臺南市楠西區龜丹村5鄰龜丹61之36號,23.134595,120.49599
龍鳳宮,王母娘娘,臺南市楠西區照興村7鄰興北93之5號,23.193171,120.483189
神威慈惠堂,瑤池金母,臺南市楠西區照興村7鄰興北93之5號,23.193171,120.483189
龍音禪寺,釋迦佛,臺南市楠西區龜丹村龜丹101之37號,23.134595,120.49599
慈濟堂,保生大帝,臺南市楠西區鹿田村2鄰鹿陶洋22-1號,23.156617,120.489365
伍龍殿,關聖帝君,臺南市楠西區灣丘村香蕉山31-12號,23.1848629,120.5334079
萬佛寺,佛菩薩,臺南市楠西區照興村興北73-5號,23.193171,120.483189
玉元宮,三官大帝,臺南市楠西區照興村興北50號之3,23.193171,120.483189
南化天后宮,天上聖母,臺南市南化區南化村120號,23.0413938,120.4847242
清水宮,清水祖師,臺南市南化區南化村274號,23.0413938,120.4847242
小崙太子宮,中壇元帥,臺南市南化區小崙村34號,23.0541809,120.4876036
小崙白山寺,觀音佛祖,臺南市南化區小崙村7-1號,23.0541809,120.4876036
小崙鳳山寺,廣澤尊王,臺南市南化區小崙村55號,23.0541809,120.4876036
小崙開聖宮,開天萬歲,臺南市南化區小崙村135號,23.0541809,120.4876036
北平太子宮,中壇元帥,臺南市南化區北平村56-3號,23.0722287,120.4530456
北平媽祖宮,天上聖母,臺南市南化區北平村21號,23.0722287,120.4530456
半平橋元帥宮,金康元帥,臺南市南化區北平村7鄰86號,23.0722287,120.4530456
中坑南天宮,天上聖母,臺南市南化區中坑村38號,23.0532273,120.4415242
東和三龍宮,池府千歲,臺南市南化區東和村10號,23.0244668,120.4760853
東和天后宮,天上聖母,臺南市南化區東和村31號,23.0244668,120.4760853
東和龍湖寺,觀音佛祖,臺南市南化區東和村94號,23.0244668,120.4760853
厚德紫竹寺,觀世音菩薩,臺南市南化區東和村11鄰東和108-1號,23.0300947,120.5007211
西埔清水寺,清水祖師,臺南市南化區西埔村21號,23.0293455,120.4530456
三界壇,三界公,臺南市南化區西埔村69號,23.0293455,120.4530456
北安宮,神農大帝,臺南市南化區北寮村117號,23.0731715,120.4991209
南安宮,神農大帝,臺南市南化區北寮村198號,23.0731715,120.4991209
玉山聖王宮,廣澤尊王,臺南市南化區玉山村7-1號,23.0913916,120.5394232
玉山寶光聖堂,無極天帝,臺南市南化區玉山村17-1號,23.0913916,120.5394232
鳳山寺,廣澤尊王,臺南市南化區玉山村65號,23.0913916,120.5394232
太子宮,中壇元帥,臺南市南化區玉山村134號,23.0913916,120.5394232
青山宮,神農大帝,臺南市南化區玉山村145-5號,23.0913916,120.5394232
無極聖天宮,元始天尊,臺南市南化區南化村314號,23.0413938,120.4847242
大圓滿廟,蓮花生大士,臺南市南化區南化村27號,23.0413938,120.4847242
天峘聖堂,明明上帝,臺南市南化區○化村14鄰293號,23.1079133,120.5624474
靈泉寺,三寶佛,臺南市南化區東和村1鄰10-2號,23.0244668,120.4760853
南陽聖堂修道院,無極混元玄玄上尊,臺南市南化區北平村9-5號,23.0722287,120.4530456
驪山老母宮,驪山老母,臺南市南化區南化村14鄰289之1號,23.0330802,120.5005319
靈泉寺,三寶佛,臺南市南化區東和村1鄰10之2號,23.0244668,120.4760853
驪山老母宮,驪山老母,臺南市南化區南化村14鄰289之1號,23.0330802,120.5005319
北寮天?宮,天上聖母,臺南市南化區北寮村11鄰北寮162之2號,23.080087,120.490288
祥光禪寺,釋迦牟尼佛,臺南市南化區北平村1鄰6號之1,23.0722287,120.4530456
中坑竹蓮寺,觀音佛祖,臺南市南化區中坑村10鄰85之2號,23.0532273,120.4415242
玉山雲山寺,觀世音菩薩,臺南市南化區玉山村13鄰152之7號,23.0913916,120.5394232
靈山九天宮,九天玄女,臺南市南化區中坑村2鄰9號,23.0532273,120.4415242
仙宗禪院,三清道祖,臺南市南化區小崙村11鄰115之1號,23.0541809,120.4876036
金宗禪寺,觀世音菩薩,臺南市南化區小崙村7鄰85號,23.0541809,120.4876036
西埔興安壇,池府千歲,臺南市南化區西埔村16鄰200號,23.0293455,120.4530456
小崙南興宮,天上聖母,臺南市南化區小崙村9鄰99號,23.0541809,120.4876036
西埔祖師壇,白衣祖師,臺南市南化區西埔村11鄰93之2號,23.0293455,120.4530456
北寮天地堂,地藏王菩薩,臺南市南化區北寮村12鄰178之2號,23.0731715,120.4991209
雷音殿,寶聖王佛,臺南市南化區玉山村3鄰32號,23.0913916,120.5394232
小崙神王宮,神農大帝,臺南市南化區小崙村6鄰63之1號,23.0541809,120.4876036
玉山農顯宮,神農大帝,臺南市南化區玉山村10鄰113號,23.0913916,120.5394232
金山寺,釋迦牟尼佛,臺南市南化區北寮村14鄰199之1號,23.0731715,120.4991209
未天宮,未天宮,臺南市南化區北寮村61之8號,23.0731715,120.4991209
耀靈宮,神農聖帝,臺南市南化區關山村112-1號,23.1672655,120.5854674
元皇宮,觀音佛祖,臺南市南化區西埔村3-3號,23.0293455,120.4530456
東安宮,神農大帝,臺南市南化區北寮村172號,23.0731715,120.4991209
龍虎寺,清水祖師,臺南市南化區南化村313-1號,23.0330802,120.5005319
玉山法雲寺,張公法主,臺南市南化區玉山村45-2號,23.0913916,120.5394232
龍鳳宮,天上聖母,臺南市南化區北寮村56-3號,23.0731715,120.4991209
珠光寺,觀音佛祖,臺南市南化區北寮村12鄰178-4號,23.0731715,120.4991209
普陀山白衣道場,觀音大士,臺南市南化區東和村東和19號,23.0035403,120.464659
澤清宮,保生大帝,臺南市仁德區二行村中正西路360巷60號,22.9207939,120.2177263
明直宮,保生大帝,臺南市仁德區太子村太子路354號,22.9914109,120.2563952
岳王廟,元帥爺 (岳飛),臺南市仁德區太子村太子路64號,22.9916978,120.2700564
忠義宮,保生大帝,臺南市仁德區一甲村忠義路260號,22.9765326,120.2548201
福德堂,福德正神,臺南市仁德區仁義村15鄰義林街200巷46弄2號,22.970476,120.2650881
清寧代天府,五府千歲,臺南市仁德區仁義村中清路82號,22.9703964,120.2559728
仁義宮,保生大帝,臺南市仁德區仁義村中正路二段994巷43號,22.9666847,120.2536344
普明佛寺,釋迦牟尼佛,臺南市仁德區仁義路21巷40號,22.9688754,120.2538074
清寧宮,文衡聖帝,臺南市仁德區仁德村仁德村11鄰二段1247號,22.9723374,120.2518218
清寧太子宮,中壇元帥,臺南市仁德區仁德村仁德3街26巷1號,22.9687032,120.2516791
妙善寺,佛??? 祖,臺南市仁德區仁德村中山路875巷80號,22.9723375,120.2429807
福祐清宮,池府千歲,臺南市仁德區仁德村中山路826號,22.9747104,120.2404518
淨修禪院,釋迦牟尼佛,臺南市仁德區仁德村中山路934號,22.9746453,120.2408425
慈惠堂峰堡部堂,瑤池金母,臺南市仁德區新田村16鄰北保東路16號,22.9541342,120.2530412
北保仔保生宮,保生大帝,臺南市仁德區新田村北保1街40巷2號,22.9538512,120.2504842
?陽慈惠堂,瑤池金母,臺南市仁德區後壁村善德路108巷2號,22.9494846,120.2527152
基華宮,代天巡狩,臺南市仁德區後壁村民安路二段154號,22.9505825,120.2563135
觀音廟,觀音菩薩,臺南市仁德區後壁村德善路108巷31號,22.9482792,120.2541535
三仙宮,三仙國王,臺南市仁德區後壁村德南路11號,22.9487064,120.2516712
保安宮,五府千歲,臺南市仁德區後壁村中正路二段97巷66號,22.9465604,120.2498167
二王宮,五府千歲,臺南市仁德區後壁村32鄰德洋2街42號,22.9546681,120.2429372
中軍宮,中軍府,臺南市仁德區上崙村德崙路77巷118號,22.9454124,120.2563142
崑崙宮,池朱府千歲,臺南市仁德區上崙村德崙路456號,22.935257,120.2609219
開農宮,神農大帝,臺南市仁德區上崙村上崙街401巷57號,22.9406707,120.2540583
西安宮,禪師菩薩,臺南市仁德區田厝村田厝3街70巷30號,22.9349118,120.2453099
水明殿,水仙尊王,臺南市仁德區田厝村田厝2街88號,22.9386012,120.242738
三爺宮,三老爺,臺南市仁德區三甲村11之5號,22.9292186,120.2469457
大甲慈濟宮,保生大帝,臺南市仁德區大甲村行大街510號,22.9161067,120.2167391
清王宮,大王爺,臺南市仁德區二行村行大街2號,22.9161067,120.2167391
保安宮,保生大帝,臺南市仁德區保安村4鄰文賢路一段860號,22.9238113,120.2352954
保生宮,保生大帝,臺南市仁德區中生村83號,22.9099912,120.2426185
保華宮,保生大帝,臺南市仁德區保華路243號,22.9594653,120.2275078
開基中軍宮,中軍府,臺南市仁德區上崙村德崙路291巷108號,22.9439213,120.2573593
中洲天后宮,天上聖母,臺南市仁德區中生村中洲116-3號,22.909584,120.249932
北極殿,玄天上帝,臺南市仁德區仁德村文華路209巷9弄56號,22.9634265,120.2409192
玄天宮,北極玄天上帝,臺南市仁德區中洲村中洲333號,22.909584,120.249932
三聖宮,中壇元帥,臺南市仁德區中正路一段774巷8-1號,22.9187199,120.2260739
清安宮,學法祖師公,臺南市仁德區太子村長興1街49號,22.9938362,120.2650394
五帝廟,五顯大帝,臺南市仁德區後壁村德善路212巷22號,22.9473074,120.2563017
興安宮,溫府千歲,臺南市仁德區土庫村太乙路119號,22.9821232,120.2537968
二行公堂,大聖爺公,臺南市仁德區二行村行大街100之1號,22.9161067,120.2167391
五安宮,五府千歲,臺南市仁德區成功村全福路3巷30號,22.9532604,120.2285927
武德宮,天上聖母,臺南市仁德區成功村文賢路一段81巷59之1號,22.9433523,120.2218044
仁德北極殿,玄天上帝,臺南市仁德區中洲村381之22號,22.9063718,120.2599266
大甲北極殿,北極玄天上帝,臺南市仁德區二行村行大2街49號,22.9161067,120.2167391
李聖宮,李府千歲,臺南市仁德區中生村7鄰中洲138-2號,22.909584,120.249932
五華宮,五顯大帝,臺南市仁德區後壁村德善1街62號,22.9505428,120.2562111
紫雲宮,黃聖帝,臺南市仁德區仁義村中正路二段936巷12號,22.9656489,120.2537886
興安宮,池府千歲,臺南市仁德區仁義村29鄰仁義6街27號,22.9696847,120.2530463
萬龍宮,玉皇大帝,臺南市仁德區大甲村行大街297之1號,22.9161067,120.2167391
民安宮,保生大帝,臺南市仁德區新田村民安路二段97巷86號,22.953168,120.2590816
觀音寺,觀世音菩薩,臺南市仁德區二行村中正西路358號,22.9178823,120.2176191
北極壇,玄天上帝,臺南市仁德區新田村3鄰新田2街118巷1號,22.956361,120.263151
普華山光明寺,南無阿彌陀佛,臺南市關廟區下湖村44之5號,22.9834378,120.3147208
孟府郎君壇,孟府郎君,臺南市關廟區松腳村111-4號,22.9521957,120.3421093
山西宮,文衡聖帝,臺南市關廟區關廟村正義街37號,22.9617692,120.3254775
關廟玄武壇,上帝公,臺南市關廟區關廟村7鄰民生街117號,22.9577465,120.3253872
玄武壇,玄天上帝,臺南市關廟區山西村9鄰文衡路197號,22.9665273,120.3261371
妙法禪寺,釋迦牟尼佛,臺南市關廟區南雄路二段705巷31號,22.9604797,120.3280027
巡天府,朱王爺,臺南市關廟區香洋村巡府路70號,22.9605955,120.3275293
觀音寺,觀音佛祖,臺南市關廟區香洋村中央路82巷26號,22.9597899,120.3317992
池府壇,池府千歲,臺南市關廟區北勢村成功路220號,22.964141,120.3321743
新埔代天府,池府千歲,臺南市關廟區新埔村新埔3街83號,22.969654,120.328518
新光代天府,池府千歲,臺南市關廟區新光村14鄰95號,22.9761625,120.3493158
四甲廟,福德正神,臺南市關廟區五甲村東安街268巷1號,22.9564206,120.3312745
五甲壇,馬使爺,臺南市關廟區五甲村南雄路一段809號,22.950737,120.3314812
獅管壇,清水祖師,臺南市關廟區東勢村旺萊路221號,22.9548771,120.3366344
千佛山菩提寺,釋迦牟尼佛,臺南市關廟區松腳村旺萊路466巷1號,22.9594805,120.3380197
松腳聖母廟,天上聖母,臺南市關廟區松腳村勝利街30號,22.9576193,120.3339179
上帝公壇,玄天上帝,臺南市關廟區南花村園中街3號,22.9625304,120.3346499
明德堂,如來佛祖,臺南市關廟區南花村明德街38號,22.9603066,120.3343712
景安宮,蘇府千歲,臺南市關廟區北花村中正路620號,22.965738,120.341566
九天宮,玉皇上帝,臺南市關廟區北花村中正路20巷10號,22.965738,120.341566
深坑山西宮,文衡聖帝,臺南市關廟區深坑村3鄰84號,22.9323802,120.3406679
無極混元玄樞院,元始天王,臺南市關廟區深坑村12鄰66-76號,22.9323802,120.3406679
西台慈惠堂,無極瑤池金母,臺南市關廟區深坑村66-29號,22.9323802,120.3406679
清水寺,清水祖師,臺南市關廟區布袋村5鄰4-3號,23.8279862,120.7083247
三官府,三官大帝,臺南市關廟區布袋村10鄰117-2號,22.9142079,120.3377852
保安堂,天上聖母,臺南市關廟區甲中村5鄰27-1號,23.0234821,120.3087114
福安堂,祖師公,臺南市關廟區田中村62號,22.9008865,120.356522
玄天上帝壇,玄天上帝,臺南市關廟區埤頭村12鄰15-6號,23.0049012,120.3147208
埤頭關帝廟,文衡聖帝,臺南市關廟區埤頭村62-1號,23.0049012,120.3147208
王爺宮,李府千歲,臺南市關廟區埤頭村115號,23.8279862,120.7083247
下湖關帝廟,文衡聖帝,臺南市關廟區埤頭村1號,23.0049012,120.3147208
道源精舍,釋迦牟尼佛,臺南市關廟區下湖村45-2號,22.9834378,120.3147208
濟生堂,齊天大聖,臺南市關廟區下湖村1-5號,22.9834378,120.3147208
無極金鑾寶殿,地母尊神,臺南市關廟區埤頭村122-3號,23.0049012,120.3147208
忠義聖堂,孚佑帝君,臺南市關廟區下湖村1-27號,22.9834378,120.3147208
老君堂,太上道祖,臺南市關廟區埤頭村136-6號,23.0049012,120.3147208
妙嚴精舍,釋迦牟尼佛,臺南市關廟區北勢村仁愛路800巷75號,22.9667761,120.3355146
三元宮慈皇廟,三官大帝,臺南市關廟區東勢村東安街241巷33號,22.9564206,120.3312745
大西天佛寺,大如天佛,臺南市關廟區埤頭村埤頭100-36號,23.0049012,120.3147208
田府元帥壇,田府元帥,臺南市關廟區新光村86號,22.9761625,120.3493158
至德靜院,觀音佛祖,臺南市關廟區布袋村11鄰130-1號,22.9142079,120.3377852
台南天師府,張天師,臺南市關廟區下湖村1鄰下湖1之41號,22.988792,120.309959
全泰堂,洪府元帥,臺南市關廟區埤頭村1鄰1之11號,23.0049012,120.3147208
檀林精舍,釋迦牟尼佛,臺南市關廟區五甲村1鄰旺萊路100巷217號,22.9548771,120.3366344
德林精舍,地藏王菩薩,臺南市關廟區新光村3鄰新光10之3號,22.9685609,120.3503715
大明寺,觀世音菩薩,臺南市關廟區埤頭村14鄰136號,23.0049012,120.3147208
淨和寺,釋迦牟尼佛,臺南市關廟區關鄉鄉埤頭村1-6號,22.962987,120.3272411
三平宮,清水祖師,臺南市關廟區田中村79號,22.9008865,120.356522
緣生精舍,觀世音菩薩,臺南市關廟區新埔村新埔2街72巷95號,22.9729875,120.3367536
靈山寺,彌勒佛,臺南市關廟區埤頭村136-3號,23.0049012,120.3147208
妙賢精舍,釋迦牟尼佛,臺南市關廟區新光村114-2號,22.9761625,120.3493158
慈恩精舍,準提王菩薩,臺南市龍崎區土崎村考潭18號,22.9927633,120.3723741
林天宮,天上聖母,臺南市龍崎區土崎村12鄰烏樹林28-1號,23.004338,120.395275
武當山廟,玄天上帝,臺南市龍崎區崎頂村18鄰水坑2號,22.980079,120.387249
代天府,朱府千歲,臺南市龍崎區崎頂村14鄰石梯子2號,22.9688808,120.3839017
清水宮,清水祖師,臺南市龍崎區中坑村大溪11號,22.941903,120.358871
代清宮,清水祖師,臺南市龍崎區中坑村3塊厝14號之1,22.9522795,120.3608455
普陀山寺,觀音佛祖,臺南市龍崎區楠坑村4鄰樹子林15號,22.932235,120.364309
太安宮,池府千歲,臺南市龍崎區大坪村38號,22.9334133,120.3867834
永安宮,趙府千歲,臺南市龍崎區大坪村番社4號,22.938512,120.39471
龍湖宮,池府千歲,臺南市龍崎區龍船村4鄰苦苓湖16-5號,22.944372,120.416165
文衡殿,文衡聖帝,臺南市龍崎區中坑村中坑3之2號,22.951412,120.377052
廣嚴寺,釋迦牟尼佛,臺南市龍崎區土崎村1鄰考潭8之3號,22.9927633,120.3723741
慧安宮,九龍太子,臺南市龍崎區石嘈村石子坑1之3號,22.962828,120.405583
圓法寺,千手千眼觀音菩薩,臺南市龍崎區崎頂村17鄰芋園6之1號,22.970528,120.393046
法界禪寺,釋迦牟尼佛,臺南市龍崎區中坑村9鄰內潭子11號,22.941478,120.34768
寂光蘭若,釋迦牟尼佛,臺南市龍崎區土崎村考潭8之5號,22.9927633,120.3723741
無極天母宮,天上聖母,臺南市龍崎區牛村烏山腳5號,22.9540045,120.378138
碧玉寺,清水祖師,臺南市龍崎區楠坑村2鄰狗頸崙13號,22.946407,120.378898
善德寺,觀世音菩薩,臺南市龍崎區楠坑村15號,22.9221709,120.3637277
慈恩堂,觀音大士,臺南市龍崎區中坑村9鄰內潭子16號,22.941478,120.34768
九龍宮,準提菩薩,臺南市龍崎區大村1鄰磅空子6之2號,22.9540045,120.378138
天元宮,玉地前鋒千歲,臺南市龍崎區中坑村8之5號,22.9522795,120.3608455
靈修寶堂,太上老君,臺南市龍崎區中坑村9鄰內潭子17號,22.941478,120.34768
安后宮,天上聖母,臺南市龍崎區崎頂村過嶺22-1號,23.0173303,120.3974409
紫竹寺,觀音佛祖,臺南市龍崎區龍船村5鄰龍船窩4-1號,22.946935,120.428167
超峰寺,觀世音菩薩,臺南市龍崎區龍船村3鄰後壁溪18-1號,22.947015,120.415169
岩晃寺,釋迦牟尼佛,臺南市龍崎區土崎村14鄰觀音山14號,22.9927633,120.3723741
代天府,林府千歲,臺南市龍崎區土崎村6鄰土崎19號,22.9927633,120.3723741
賢明壇,玄天上帝,臺南市龍崎區楠坑村7鄰小湖子15-1號,22.921455,120.358188
慶宏禪寺,觀世音佛祖,臺南市官田區大崎村12鄰大井,23.180797,120.398618
天飛宮,天上聖母,臺南市官田區隆田村18鄰中華路一段2號,23.192722,120.3246565
湧泉禪寺,釋迦牟尼佛,臺南市官田區官田村7鄰59之150號,23.1898853,120.3406679
果林精舍,釋迦牟尼佛,臺南市官田區渡頭村渡子頭258之36號,23.167207,120.3464333
靈祖殿,紫微大帝,臺南市官田區二鎮村程泰5號,23.2063507,120.3262535
太陽宮,太陽神君太陰娘娘,臺南市官田區二鎮村二鎮28號,23.217696,120.329523
碧潭禪寺,觀世音菩薩,臺南市官田區官田村官田59之137號,23.188952,120.340108
中?德慈堂,五姓公,臺南市官田區官田村26鄰中?56-12號,23.8279862,120.7083247
慈明寺,觀音大士,臺南市官田區二鎮村二鎮88-5號,23.2157148,120.3312857
慈航精舍,三聖佛,臺南市官田區湖山村烏山頭74號,23.21103,120.348636
金隆宮,溫府千歲,臺南市官田區隆田村裕民街1巷10號,23.1920852,120.318651
義聖宮,太子爺,臺南市官田區隆本村四維街5號,23.1952429,120.3190654
復興宮,關帝君,臺南市官田區隆本村10鄰中華路二段15巷16號,23.2006927,120.3155874
府天宮,湄洲聖母,臺南市官田區渡頭村27鄰3塊厝26號,23.167207,120.3464333
三結義三千宮,李府千歲,臺南市官田區南之11鄰3結義1號,23.1932527,120.3153349
慈安宮,觀音佛祖,臺南市官田區拔林村4鄰拔子林29號之1,23.174898,120.322479
慈安宮,觀音佛祖,臺南市官田區拔林村4鄰拔子林29號,23.174898,120.322479
慈聖宮,神農大帝,臺南市官田區官田村20鄰官田357號,23.188952,120.340108
中?永安宮,元帥爺,臺南市官田區官田村23鄰中?1號,23.6831131,120.4814374
護安宮,天上聖母,臺南市官田區二鎮村8鄰67號,23.2063507,120.3262535
角秀北極殿,玄天上帝,臺南市官田區二鎮村15鄰角秀7號,23.213435,120.338435
烏山頭太子廟,中壇元帥,臺南市官田區湖山村1鄰烏山頭3號,23.21103,120.348636
聖德宮,清水祖師,臺南市官田區嘉南村7鄰嘉南75號,23.1531957,120.3907475
大崎雙鳳宮,觀音佛祖,臺南市官田區大崎村1鄰10-1號,23.1892313,120.4069537
南?福安宮,五府千歲,臺南市官田區南?村5鄰南?66號,23.1356625,120.2712184
惠安宮,天上聖母,臺南市官田區東庄村4鄰西庄130號,23.188187,120.294758
北極宮,玄天上帝,臺南市官田區東庄村16鄰東庄3號,23.186426,120.304768
渡頭北極殿,伽藍千歲,臺南市官田區渡頭村1鄰渡子頭1-1號,23.167207,120.3464333
社子鎮安宮,池府千歲,臺南市官田區社子村2鄰社子14號,23.182069,120.357206
六雙天清宮,清水祖師,臺南市官田區社子村11鄰6雙16號,23.1751197,120.3723741
一貫道義和聖堂,明明上帝,臺南市官田區社子村社子19號,23.182069,120.357206
雙龍宮,天上聖母,臺南市官田區東庄村瓦嗂17-1號,23.1811138,120.3060706
金蓮寺,地藏王菩薩,臺南市麻豆區穀興里5鄰光復路106號,23.184598,120.246127
福安宮,李府千歲,臺南市麻豆區大埕里17鄰平等路31號,23.185182,120.248037
麻豆太子宮,中壇元帥,臺南市麻豆區安西里272-2號,23.1612731,120.241176
社子天后宮,天上聖母,臺南市麻豆區安正里7鄰社子9-5號,23.1605908,120.225308
保安宮,五府千歲,臺南市麻豆區保安里3鄰興中路21號,23.183767,120.249047
順天宮,池府千歲,臺南市麻豆區晉江里13鄰民權路87號,23.1806279,120.252374
慧光佛堂,阿彌陀佛,臺南市麻豆區巷口里3鄰民族路12-1號,23.181437,120.249269
仁厚宮,天上聖母,臺南市麻豆區油車里9鄰油車47號,23.1905752,120.244275
太子宮,太子爺,臺南市麻豆區油車里13鄰油車95號,23.1914072,120.2382911
三元宮,三元真君,臺南市麻豆區北勢里7鄰尪祖廟41號,23.2118428,120.2368486
北極殿普濟寺,北極玄天上帝,臺南市麻豆區大埕里4鄰復興街24號,23.1842563,120.2508158
平安宮,五府千歲,臺南市麻豆區大埕里13鄰平等路135號,23.1867317,120.2483848
龍泉巖,清水祖師,臺南市麻豆區龍泉里2鄰溝子墘20號,23.176355,120.258753
麻豆永淨寺,釋迦牟尼佛,臺南市麻豆區南勢里3鄰關帝廟23-2號,23.190893,120.256913
護安宮,天上聖母,臺南市麻豆區寮尹1鄰3號,23.1833333,120.25
三王廟,吳府千歲,臺南市麻豆區埤頭里12鄰110號,23.1911574,120.2267506
麻豆口保安宮,五府千歲,臺南市麻豆區麻口里4鄰麻豆口67號,23.176406,120.222567
北極殿,玄天上帝,臺南市麻豆區安西里4鄰安業227號,23.162669,120.244449
清水殿,清水祖師,臺南市麻豆區磚井里4鄰磚子井31號,23.1712409,120.251983
天后宮,天上聖母,臺南市麻豆區東角里9鄰忠孝路44號,23.1839989,120.256533
普庵寺,普庵祖師,臺南市麻豆區小埤里4鄰小埤頭10-2號,23.194466,120.231385
文衡殿,關聖帝君,臺南市麻豆區南勢里3鄰關帝廟23號,23.190718,120.255907
普天宮,普庵祖師,臺南市麻豆區小埤里3鄰小埤頭1-2號,23.192199,120.231794
金山岩,清水祖師,臺南市麻豆區安正里2鄰前班19號,23.171224,120.233882
方厝寮永安宮,周府千歲,臺南市麻豆區安正里4鄰方厝寮4-1號,23.156684,120.231904
紀安宮,謝安王,臺南市麻豆區謝安里6鄰謝厝寮53號,23.148727,120.237242
護濟宮,天上聖母,臺南市麻豆區穀興里5鄰光復路106號,23.184598,120.246127
保濟寺,釋迦牟尼佛,臺南市麻豆區南勢里2鄰關帝廟19號,23.192331,120.261046
潮音寺,南海佛祖,臺南市麻豆區港尾里6鄰港子尾17號,23.2030401,120.2022239
萬福宮,張府千歲,臺南市麻豆區新建里4鄰興民街83號,23.184446,120.242901
觀音寺,觀音佛祖,臺南市麻豆區油車里15鄰136號,23.1914072,120.2382911
池王府,五府千歲,臺南市麻豆區海埔里12鄰海埔80-1號,23.2035425,120.2121229
永安宮,周府千歲,臺南市麻豆區安正里4鄰方厝寮38號,23.156684,120.231904
麻豆代天府,五府千歲,臺南市麻豆區南勢里7鄰關帝廟60號,23.1902699,120.260589
朝天宮,天上聖母,臺南市麻豆區麻口里9鄰番子寮23-1號,23.167905,120.220746
慈惠堂麻豆分堂,瑤池金母,臺南市麻豆區穀興里14鄰仁愛路8號,23.183216,120.247041
保安宮,五府千歲,臺南市麻豆區南勢里13鄰關帝廟26號,23.193829,120.262135
慶安宮,中壇元帥,臺南市麻豆區巷口里5鄰和平路3號,23.179594,120.248196
北極殿,玄天上帝,臺南市麻豆區安東里8鄰安業119號,23.162669,120.244449
永安宮,石府千歲,臺南市麻豆區北勢里3鄰加輦邦29號,23.198061,120.250191
東安宮,池府千歲,臺南市麻豆區安西里6鄰安業246號,23.162669,120.244449
良皇宮,保生大帝,臺南市麻豆區中興里17鄰自由路9-1號,23.180456,120.244195
麻豆太子宮,中壇元帥,臺南市麻豆區安西里8鄰安業272號之3,23.162669,120.244449
信安宮,李府千歲,臺南市麻豆區莊禮里1鄰,23.1915147,120.2123237
地藏庵,地藏王,臺南市麻豆區安業里2鄰,23.1491422,120.2541575
玉清府,清水祖師,臺南市麻豆區北勢里5鄰過港仔2之3號,23.2118428,120.2368486
普明寺,觀世音菩薩,臺南市麻豆區小埤里1鄰苓子林1之32號,23.1814869,120.237007
淨靈寺,濟公活佛,臺南市麻豆區南勢里11鄰南勢5之5號,23.188201,120.264705
太子宅龍穩寺,普庵祖佛,臺南市麻豆區北勢里6鄰太子宅,23.2118428,120.2368486
玉仙宮,觀世音菩薩,臺南市麻豆區南勢里25鄰南勢86之4號,23.187562,120.273151
謝正宮,觀音佛祖,臺南市麻豆區港尾里謝榜寮1-1號,23.197382,120.198956
正安宮,五府千歲,臺南市麻豆區安東里4鄰安業277號之4,23.162669,120.244449
正德宮,王府老爺,臺南市麻豆區安正里20-2號,23.1605908,120.225308
南清宮,孫真人,臺南市麻豆區興農里成功路6-3號,23.180179,120.241855
保玄宮,保生大帝,臺南市麻豆區港尾里3鄰姓陳寮2-3號,23.202077,120.205943
慈孝宮,王媽娘娘,臺南市麻豆區磚井里83-5號,23.1652456,120.2541575
聖王宮,陳聖王,臺南市麻豆區大埕里16鄰大同街26號之1,23.186366,120.246738
大山宮,李府千歲,臺南市麻豆區大山里4鄰212號,23.1950588,120.2209801
石安宮,石府千歲,臺南市麻豆區大山里7鄰大山腳69-4號,23.195874,120.220632
普何宮,普庵祖師,臺南市麻豆區謝安里2號,23.1396224,120.2483881
三洽宮,南海佛祖,臺南市麻豆區北勢里11鄰17-1號,23.2118428,120.2368486
震安宮,李府千歲,臺南市麻豆區莊禮里10鄰蔥子寮30-1號,23.192474,120.21061
保安宮,李府千歲,臺南市麻豆區總榮里3鄰32號,23.182719,120.266959
保濟宮,保生大帝,臺南市麻豆區北勢里2鄰加輦邦10-9號,23.19497,120.262361
苓仔林保聖宮,保生大帝,臺南市麻豆區小埤里苓子林7-8號,23.1850559,120.234628
當嬸婆祖廟,當嬏婆祖,臺南市麻豆區小埤里8鄰小埤頭91號之2,23.195106,120.231626
中安宮,太子爺,臺南市麻豆區安業里8鄰安業152-1號,23.1681859,120.246083
新福宮,孫千帥,臺南市麻豆區南勢里10鄰,23.1950148,120.2656955
西安宮,中壇元帥,臺南市麻豆區北勢里13鄰38號之5,23.2118428,120.2368486
通興宮,楊府太師,臺南市佳里區通興里埔頂25號,23.146024,120.155066
寧安宮,溫府千歲,臺南市佳里區東寧里3鄰延平路265巷5號,23.1627744,120.1798573
廣安宮,孔德尊王,臺南市佳里區建南里新生路441巷94號,23.1563675,120.1719628
金唐殿,朱府千歲,臺南市佳里區建南里中山路289號,23.1611992,120.1766563
善行寺,觀音佛祖,臺南市佳里區建南里中和街92號,23.161259,120.175822
琉璃寺,釋迦牟尼佛,臺南市佳里區建南里光復路137號,23.15854,120.174803
幽冥殿,地藏王菩薩,臺南市佳里區建南里仁愛路436號,23.1547223,120.1764382
四安宮,城隍爺,臺南市佳里區鎮山里6號,23.1492607,120.1834651
北極玄天宮,玄天上帝,臺南市佳里區鎮山里仁愛路300號,23.1535349,120.1796792
鎮山宮,池府千歲,臺南市佳里區鎮山里94號,23.1475202,120.187997
玉?青龍宮,保生大帝,臺南市佳里區鎮山里延平路42號,23.1544588,120.1794857
佳池宮,池府千歲,臺南市佳里區忠仁里7鄰平等街2號,23.1600017,120.1834651
信行寺,釋迦佛祖,臺南市佳里區 六 安里17-1號,23.1694465,120.1704766
震興宮,雷府大將,臺南市佳里區禮化里佳里興325號,23.1910055,120.1884524
佳福寺,觀音佛祖,臺南市佳里區營頂里營頂102號,23.200246,120.188721
慶長宮,觀音菩薩,臺南市佳里區海澄里番子寮9鄰66號,23.1781101,120.1675902
應元宮,保生大帝,臺南市佳里區漳洲里4鄰番子寮200號,23.1848701,120.1546002
永安宮,池府千歲,臺南市佳里區頂尹10鄰116號,23.169677,120.1743819
鎮安宮,太子爺,臺南市佳里區嘉福里11鄰下?115號之25,23.1687554,120.1546002
永昌宮,趙聖帝君,臺南市佳里區子龍里子良廟40號,23.176993,120.206305
鎮安宮,李府千歲,臺南市佳里區民安里3鄰同安寮34號,23.1678819,120.1906803
李府千歲廟,李府千歲,臺南市佳里區三協里后庄13號,23.184463,120.203243
塭內蚶寮永昌堂,池府千歲,臺南市佳里區龍安里塭子內39號,23.117125,120.161799
厚德宮,謝府元帥,臺南市佳里區龍安里外渡頭17號,23.130828,120.170597
慈德寺,釋迦牟尼佛,臺南市佳里區蚶寮里蚶寮52號,23.1269129,120.154624
昭清宮,南天文衡聖帝,臺南市佳里區安西里118-3號,23.158545,120.168838
崇榮堂,神農大帝,臺南市佳里區安西里文化路230號,23.163293,120.176325
代天護國宮,觀音佛祖,臺南市佳里區安西里25鄰佳北路480號,23.163643,120.1661469
佛天宮,觀音佛祖,臺南市佳里區安西里文化路672號,23.1632489,120.165258
東池宮,池府千歲,臺南市佳里區佳化里7鄰佳里興66-1號,23.1881469,120.1964522
永興宮,三官大帝,臺南市佳里區溪洲里溪州1號,23.169677,120.1743819
報恩禪寺,釋迦牟尼佛,臺南市佳里區忠仁里18鄰佳東路311號,23.1600017,120.1834651
雷恩行宮,王天君,臺南市佳里區三協里10鄰後庄18-3號,23.1805229,120.200781
朝安宮,李府千歲,臺南市佳里區三協里1鄰菜寮1號,23.1805229,120.200781
玉?慈聖宮,天上聖母,臺南市佳里區建南里29鄰佳南路366號,23.1500415,120.1733631
十五角太子宮,中壇元帥,臺南市佳里區建南里11鄰光復路127巷12-2號,23.1500415,120.1733631
通聖宮,王府三千歲,臺南市佳里區通興里東勢寮21之7號,23.143632,120.156907
本善寺,釋迦牟尼佛,臺南市佳里區安西里71之1號,23.163643,120.1661469
天玄宮,吳府千歲,臺南市佳里區民安里新宅36號,23.183569,120.194301
保興宮,保生大帝,臺南市佳里區興化里14鄰545之12號,23.1874615,120.1805789
池安宮,池府千歲,臺南市佳里區 六 安里忠孝東路79號,,
鎮西宮,西方元帥,臺南市佳里區安西里51鄰安西130-128號,23.163643,120.1661469
池興宮,池府千歲,臺南市佳里區民安里新宅43號,23.183569,120.194301
姑娘媽廟,仙姑媽,臺南市佳里區三協里菜寮23之50號,23.175383,120.198609
代天宮,代天巡狩,臺南市佳里區佳化里9鄰佳里興87之1號,23.1881469,120.1964522
南聖宮,南海觀世音佛祖,臺南市佳里區民安里新宅4之1號,23.1834188,120.1959457
鎮西宮,西方元帥,臺南市佳里區安西里51鄰安西130號之127,23.163643,120.1661469
南極宮,定光佛祖,臺南市佳里區興化里佳里興571號,23.189803,120.186078
保安宮,廣澤尊王,臺南市佳里區 六 安里4鄰佳東路888之1號,,
毓佛宮,彌?佛,臺南市佳里區鎮山里23鄰94之58號,23.1492607,120.1834651
聖安宮,陳府元帥,臺南市佳里區建南里公園路75巷13弄25之1號,23.153604,120.173029
金輪堂,虎爺公,臺南市佳里區禮化里佳里興376之10號,23.193754,120.187632
池興宮,池府千歲,臺南市佳里區民安里新宅43號,23.183569,120.194301
頂?玉?永安宮,池府千歲,臺南市佳里區頂?里11之1號,23.173392,120.157046
雷明宮,雷府千歲,臺南市佳里區忠仁里忠仁街96號,23.1588641,120.1801201
聖帝殿,南天聖帝,臺南市佳里區忠仁里14鄰112號,23.1600017,120.1834651
九龍殿,謝府元帥,臺南市佳里區建南里南勢街296號,23.1480912,120.1763291
唐盟宮,池府千歲,臺南市佳里區海澄里萊芊寮26-3號,23.1781101,120.1675902
港興宮,溫府千歲,臺南市佳里區通興里1鄰港乾1-2號,23.144239,120.157021
福安宮,保生大帝,臺南市佳里區蚶寮里10鄰108-1號,23.1305482,120.1574869
寶興宮,保生大帝,臺南市佳里區興化里佳里興390號之2,23.189803,120.186078
第十角雷安宮,雷府千歲,臺南市佳里區安西里光華街130巷32號,23.165953,120.170519
中興宮,中壇元帥,臺南市佳里區鎮山里中興街360號,23.154694,120.181326
登天宮,天上聖母,臺南市佳里區鎮山里仁愛路146巷12號,23.1528744,120.1833699
南天忠義宮,關聖帝君,臺南市佳里區頂尹89號,23.169677,120.1743819
五府千歲宮,五府千歲,臺南市佳里區海澄里9鄰66-3號,23.1781101,120.1675902
汾陽殿,天上聖母,臺南市西港區竹林村6鄰88號,23.1207622,120.1849082
開仙宮,保生大帝,臺南市西港區劉厝村15鄰蚶西港29號,23.132936,120.178347
後營普護宮,保生大帝,臺南市西港區後營村11鄰254號,23.1440531,120.2209801
鳳安宮,保生大帝,臺南市西港區檨林村4鄰31號,23.1325315,120.2310784
太西北極殿,玄天上帝,臺南市西港區檨林村13鄰太西4-2號,23.140875,120.228762
保安宮,廣澤尊王,臺南市西港區永樂村14鄰123號,23.0940808,120.1776926
澤安宮,澤府千歲,臺南市西港區南海村16鄰東港11-1號,23.1075966,120.1964522
保天宮,九天玄女,臺南市西港區港東村1鄰雙張2號,23.1200669,120.2137665
烏竹林廣慈宮,謝府元帥,臺南市西港區港東村11鄰烏竹林58號,23.12203,120.216128
天聖宮,溫府千歲,臺南市西港區港東村8份24-3號,23.1200669,120.2137665
保安宮,邱府千歲,臺南市西港區西港村5鄰文化路94號,23.124594,120.2070758
金安宮,朱府千歲,臺南市西港區金砂村4鄰凹仔5-1號,23.1547127,120.2022239
西港玉?慶安宮,天上聖母,臺南市西港區西港村17鄰慶安路32號,23.121063,120.2020376
信和禪寺,釋迦牟尼佛,臺南市西港區慶安村19鄰慶安路30號,23.121063,120.2020376
廣興宮,楊府大師,臺南市西港區南海村19鄰中港24號,23.109158,120.193799
道興聖堂,道興聖堂,臺南市西港區金砂村下宅子50號,23.151313,120.196037
共王廟,共王公夫人媽,臺南市西港區劉厝村蚶西港20號之18,23.132936,120.178347
靈安宮,楊府元帥,臺南市西港區慶安村中洲20之150號,23.123509,120.192463
聖帝宮,關聖帝君,臺南市西港區劉厝村8鄰58號,23.1327161,120.1791357
後營永安宮,周府千歲,臺南市西港區營西村1鄰485-2號,23.1405058,120.2123237
溪埔北極殿,玄天上帝,臺南市西港區新復村8鄰溪埔寮1-30號,23.08697,120.184727
安溪宮,天上聖母,臺南市西港區新復村溪埔寮8鄰8號,23.08697,120.184727
三安宮,李府千歲,臺南市西港區檨林村17鄰19號,23.1325315,120.2310784
保安宮,池府千歲,臺南市西港區檨林村21鄰13號,23.1325315,120.2310784
玉敕開基姑媽宮,仙姑娘媽,臺南市西港區港東村12鄰8份1-2號,23.1200669,120.2137665
慈聖宮,天上聖母,臺南市西港區港東村5鄰下面厝21-3號,23.1206,120.215492
西港鎮安宮,丁府元帥,臺南市西港區西港村5鄰中山路388號,23.1223657,120.2031248
玄天宮,玄天上帝,臺南市西港區西港村25鄰堀子頭46-1號,23.1180939,120.206817
進興宮,殷府三千歲,臺南市西港區金砂村下宅子7-3號,23.151313,120.196037
新安宮,李府千歲,臺南市西港區金砂村10鄰29號,23.1547127,120.2022239
天后宮,天上聖母,臺南市七股區後港村6鄰港東58號,23.1840048,120.1459395
唐安宮,池府千歲,臺南市七股區後港村17鄰港西73號,23.1840048,120.1459395
龍安宮,池府千歲,臺南市七股區大潭村1鄰台潭14-21號,23.1853917,120.1329474
文衡殿,關聖帝君,臺南市七股區城內村3鄰城內19號,23.1680621,120.1387218
頂山代天府,吳府千歲,臺南市七股區頂山村7鄰頂山71號,23.1822758,120.1110916
西興宮,池府千歲,臺南市七股區西寮村1鄰西寮1號,23.172681,120.09493
龍山宮,池府千歲,臺南市七股區龍山村19鄰龍山208號,23.138268,120.11345
七股九龍宮,吳府千歲,臺南市七股區七股村10鄰七股95號,23.1299313,120.1328985
雲宮,釋迦牟尼佛,臺南市七股區七股村12鄰七股115-2號,23.1299313,120.1328985
玉龍宮,吳府千歲,臺南市七股區玉成村3鄰玉成17號,23.137922,120.131379
佛龍宮,南海佛祖,臺南市七股區大埕村6鄰大埕271號,23.1410295,120.1459395
大寮龍安宮,廣澤尊王,臺南市七股區大寮村8鄰大寮76號,23.14922,120.149802
玉?寶安宮,康府千歲,臺南市七股區樹林村1鄰樹林5-1號,23.1107075,120.1560436
慶善宮,梁府千歲,臺南市七股區竹橋村3鄰竹橋35號,23.0983186,120.1574869
保安宮,保生大帝,臺南市七股區義合村3鄰義合21號,23.1023849,120.144496
下義合保興宮,保生大帝,臺南市七股區義合村9鄰義合72號,23.1023849,120.144496
永安宮,境主爺,臺南市七股區大潭村1鄰頂潭1號,23.1853917,120.1329474
聖帝廟,協天聖帝,臺南市七股區篤加村1鄰,23.1519455,120.1387218
吉安宮,池府千歲,臺南市七股區永吉村7鄰,23.1006418,120.1271727
神帝府,廣澤尊王,臺南市七股區○份村9鄰85之12號,23.1197222,120.1033333
福安宮,吳府千歲,臺南市七股區看坪村6鄰看坪45之20號,23.1238733,120.144496
境安宮,城隍爺,臺南市七股區看坪52之12號,23.1197222,120.1033333
阿立祖廟,阿立祖,臺南市七股區大埕村4鄰12號,23.1410295,120.1459395
竹港玉?代天宮,范府千歲,臺南市七股區竹港村3鄰竹26之13號,23.0975428,120.1675902
城內天南宮,李府千歲,臺南市七股區城內村83號之1,23.1680621,120.1387218
鎮山宮,鎮山元帥,臺南市七股區大埕村10鄰321號,23.1410295,120.1459395
天元靈母宮,靈母娘娘,臺南市七股區永吉村1號,23.1006418,120.1271727
文昌殿,關聖帝君,臺南市七股區看坪村看坪62號,23.1238733,120.144496
妙惠居士林,觀世音菩薩,臺南市七股區頂山村9鄰頂山92號,23.1822758,120.1110916
祐王宮,天上聖母,臺南市七股區大潭村13鄰台潭138號,23.1853917,120.1329474
篤加玉敕文衡殿,文衡聖帝,臺南市七股區篤加村5鄰篤加54號,23.161112,120.128339
南聖宮,游府千歲,臺南市七股區鹽埕村13鄰,23.1443033,120.0982956
中寮天后宮,天上聖母,臺南市七股區中寮村8鄰中寮64-1號,23.155898,120.109896
寶龍宮,李府千歲,臺南市七股區溪南村3鄰溪南28號,23.11797,120.1213978
南千宮,吳府千歲,臺南市七股區玉成村12鄰123-2號,23.1392914,120.1286164
隆明宮,觀音佛祖,臺南市七股區大埕村1鄰126號,23.1410295,120.1459395
永興宮,溫府千歲,臺南市七股區大埕村15鄰大埕448號,23.136682,120.1413799
德安宮,池府千歲,臺南市七股區竹港村6鄰竹港53號,23.0975428,120.1675902
玉安宮,李府千歲,臺南市七股區?榔村4鄰?榔43號,23.1197222,120.1033333
龍德宮,天上聖母,臺南市七股區三股村3鄰三股35號,23.10222,120.117123
聖護宮,天上聖母,臺南市七股區○份村2鄰24-8號,23.1197222,120.1033333
玉?正王府,正官正王,臺南市七股區○份村11鄰,23.1197222,120.1033333
李聖宮,李府千歲,臺南市將軍區長沙村6鄰51號,23.2207477,120.0925195
南聖宮,南海佛祖,臺南市將軍區仁和村12鄰和巷7號,23.2272339,120.1574869
文衡殿,關聖帝君,臺南市將軍區忠興村20鄰196號,23.2018481,120.1632603
保濟宮,池府千歲,臺南市將軍區保源村3鄰苓保31號,23.2091205,120.1733631
聖慈宮,天上聖母,臺南市將軍區仁和村5鄰仁巷52號,23.2272339,120.1574869
福安宮,吳府千歲,臺南市將軍區北埔村10鄰94號,23.2263714,120.1488264
金興宮,保生大帝,臺南市將軍區將貴村將貴54-1號,23.2056669,120.1387218
興安宮,楊府千歲,臺南市將軍區將貴村8鄰90號,23.2056669,120.1387218
玉天宮,玉天大帝,臺南市將軍區玉山村9鄰79號,23.2093084,120.1213978
廣安宮,廣澤尊王,臺南市將軍區廣山村10鄰97號,23.2212677,120.1156226
朝天宮,李府千歲,臺南市將軍區鯤鯓村12鄰236號,23.1963019,120.0809664
太子宮,中壇元帥,臺南市將軍區長榮村4鄰長榮51之3號,23.1942231,120.1675902
無極慈天宮,王母娘娘,臺南市將軍區保源村源頭87之6號,23.2091205,120.1733631
天樞佛堂,明明上帝,臺南市將軍區嘉昌村北嘉66之22號,23.211812,120.154096
無極觀世音聖堂,觀音菩薩,臺南市將軍區西華村90之2號,23.1929273,120.1546002
觀音巖,南海佛祖,臺南市將軍區長沙村9鄰80號,23.2207477,120.0925195
南海普陀寺,南海觀世音菩薩,臺南市將軍區玉山村10鄰玉山86之0號,23.2093084,120.1213978
北極宮,玄天上帝,臺南市將軍區長榮村12鄰長榮192之2號,23.1942231,120.1675902
國聖宮,開台聖王,臺南市將軍區嘉昌村4鄰北嘉26之2號,23.211812,120.154096
清湄宮,天上聖母,臺南市將軍區西和村3鄰25號,23.193709,120.144496
聖帝殿,關聖帝君,臺南市將軍區西和村9鄰79-1號,23.193709,120.144496
龍興宮,天上聖母,臺南市將軍區忠興村12鄰121號,23.2018481,120.1632603
昌安宮,城隍尊神,臺南市將軍區嘉昌村19鄰昌平62-2號,23.2139815,120.1502699
慈善宮,觀世音菩薩,臺南市將軍區保源村17鄰源頭56號,23.2091205,120.1733631
吉安宮,吳府千歲,臺南市將軍區三吉村36號,23.1983895,120.1286164
烈池宮,諸府千歲,臺南市將軍區長沙村12鄰100號,23.2207477,120.0925195
天心社正義堂,文昌帝君,臺南市將軍區保源村苓保1-30號,23.2091205,120.1733631
天上明世宮,太乙真人,臺南市將軍區仁和村8鄰仁巷87號,23.2272339,120.1574869
溪仔墘慶安宮,謝府五元帥,臺南市學甲區仁得里建國路72號,23.2303866,120.1795394
福安宮,北極玄天上帝,臺南市學甲區光華里8鄰過港子65-1號,23.20825,120.158456
巡安宮,舜府千歲,臺南市學甲區光華里18鄰新茷子頭129號,23.2664795,120.1560436
清佛宮,普庵祖師,臺南市學甲區光明里9鄰中洲358之2號,23.2553798,120.1704766
聖嶽宮,仁聖大帝,臺南市學甲區中洲里13鄰中洲136號之1,23.246879,120.156553
慈德宮,保生大帝,臺南市學甲區宅港里宅子港61號,23.2563073,120.1978952
集和宮,保生大帝,臺南市學甲區一秀里69號,23.250746,120.174002
聖和宮,廣澤尊王,臺南市學甲區一秀里9鄰89號,23.250746,120.174002
玉皇宮,玉皇大帝,臺南市學甲區一秀里16-12號,23.250746,120.174002
煥昌廟,關聖帝君,臺南市學甲區煥昌里82號,23.246715,120.183623
臺灣省學甲慈濟宮,保生大帝,臺南市學甲區慈生里5鄰濟生路170號,23.2553798,120.1704766
普濟宮,保生大帝,臺南市學甲區新興里11鄰新興路23號,23.2553798,120.1704766
法源禪寺,釋迦牟尼佛,臺南市學甲區新生里新生路28號,23.957011,120.568906
清濟宮,保生大帝,臺南市學甲區文化里19號,23.5591364,120.3007457
東興宮,池府千歲,臺南市學甲區新榮里6鄰東寮63號之1,23.225883,120.185582
慈福宮,李府千歲,臺南市學甲區民吉里16號,23.239889,120.163124
惠濟宮,保生大帝,臺南市學甲區光明里315號,23.2553798,120.1704766
興太宮,中壇元帥,臺南市學甲區百福里濟生路64號,23.2553798,120.1704766
興善寺,濟公活佛,臺南市學甲區仁得里建國路86號,23.2305349,120.179148
鎮安宮,李府千歲,臺南市學甲區頭港里55號,23.2553798,120.1704766
慈明宮,池府千歲,臺南市學甲區紅茄里10鄰紅茄105號,23.282063,120.193251
慈興宮,謝府元帥,臺南市學甲區美豐里美豐82之3號,23.2553798,120.1704766
田龍館,田府元帥,臺南市學甲區宜民里5鄰天水路12號,23.236106,120.180313
太安宮,中壇元帥,臺南市學甲區仁得里2鄰民權路42號,23.231252,120.181568
永安宮,李府元帥,臺南市學甲區達明里10鄰瓦寮24號,23.2553798,120.1704766
二港震虎宮,黑虎大將,臺南市學甲區新榮里6鄰仁和街15號,23.221583,120.1906803
清保宮,清水祖師,臺南市學甲區西明里濟生路242-1號,23.234458,120.177246
鎮壽殿,神農開天炎帝,臺南市學甲區煥昌里120之20號,23.239322,120.179201
慶安宮,代天法主,臺南市學甲區新芳里82號,23.275853,120.183338
福安宮,李府千歲,臺南市學甲區頂洲里1鄰10號,23.287582,120.200745
天玉殿,廣澤尊王,臺南市學甲區紅茄里6鄰紅茄67-1號,23.282063,120.193251
才天宮,謝府元帥,臺南市學甲區中洲里15鄰中洲160號,23.246879,120.156553
白礁宮,保生大帝,臺南市學甲區百福里民權路22號,24.9829025,121.5380284
南天宮,神農開天炎帝,臺南市學甲區仁得里信義路17巷2-3號,23.230641,120.176768
龍德壇,黃皇聖帝,臺南市學甲區美豊里150號,23.217524,120.201777
太慈宮,中壇元帥,臺南市學甲區西明里6鄰濟生路236號之2,23.233889,120.177325
龍寶佛堂,觀音佛祖,臺南市學甲區宅港里15鄰3號,23.2563073,120.1978952
仁安宮,李府千歲,臺南市北門區仁里村2重港28號,23.242766,120.139048
金西宮,中壇元帥,臺南市北門區永隆村73號,23.2749958,120.1156226
玉旨宮,李府千歲,臺南市北門區玉港村15-1號,23.2689137,120.144496
南鯤鯓代天府,五府千歲,臺南市北門區鯤江村5鄰976號,23.2902206,120.1517133
保安宮,五府千歲,臺南市北門區東壁村15鄰760號,23.2905792,120.1372782
永安宮,吳府千歲,臺南市北門區雙春村16-2號,23.3122462,120.1300601
吳保宮,吳府千歲,臺南市北門區錦湖村91-5號,23.2941931,120.1647036
永隆宮,溫府千歲,臺南市北門區永隆村44號,23.2749958,120.1156226
福安宮,五府千歲,臺南市北門區北門村舊埕49號,23.2685838,120.1141788
東隆宮,李府千歲,臺南市北門區三光村3寮灣95號,23.2332276,120.1098472
齊天宮,齊天大聖,臺南市北門區三光村8鄰3寮灣157-1號,23.2332276,120.1098472
西天宮,飛天大將,臺南市北門區三光村129-1號,23.2332276,120.1098472
東興宮,吳府千歲,臺南市北門區中樞村23號,23.2403294,120.1271727
新寶宮,觀音佛祖,臺南市北門區鯤江村新圍10鄰18-2號,23.293142,120.150308
泰安宮,吳府千歲,臺南市北門區永華村80號,23.2588776,120.1156226
興安宮,紀府千歲,臺南市北門區永華村64號,23.2588776,120.1156226
南天宮,李府千歲,臺南市北門區永華村溪底寮,23.241987,120.128812
田隆宮,田府元帥,臺南市北門區三光村11號,23.2332276,120.1098472
龍佛宮,龍府千歲,臺南市北門區雙春村6鄰35之1號,23.3122462,120.1300601
吳福宮,吳府千歲,臺南市北門區錦湖村7之1號,23.2941931,120.1647036
玄龍宮,太子爺,臺南市北門區三光村3寮灣372之1號,23.2332276,120.1098472
南天宮,齊天大聖,臺南市北門區玉港村西埔內79-2號,23.2662076,120.1383621
聖天宮,五聖千歲,臺南市北門區玉港村西埔內79-1號,23.2662076,120.1383621
城隍宮,城隍爺,臺南市北門區三光村3寮灣118號,23.2332276,120.1098472
法安宮,三法王,臺南市北門區慈安村3寮灣467號,23.2439737,120.1098472
天封宮,觀音佛祖,臺南市北門區玉港村64-1號,23.2689137,120.144496
三安宮,宋江爺,臺南市北門區慈安村3寮灣462號,23.2439737,120.1098472
正成府,遊巡七府大王,臺南市北門區保吉村蚵寮32號,23.287586,120.135075
太興宮,中壇太子,臺南市北門區錦湖村15鄰渡子頭152-1號,23.2941931,120.1647036
伽藍爺廟,伽藍尊王,臺南市新營區鐵線里2鄰29號,23.2625297,120.270022
通濟宮,天上聖母,臺南市新營區鐵線里4鄰42號,23.264639,120.2766215
朝隆宮,天上聖母,臺南市新營區五興里10鄰114號,24.1164794,120.6132046
興隆寺,釋迦牟尼佛,臺南市新營區中營里26鄰東山路80號,23.3074459,120.327564
妙法禪寺,釋迦牟尼佛,臺南市新營區民榮里14鄰復興路161巷42號,23.301697,120.305812
濟安宮,保生大帝,臺南市新營區延平里忠義街 28號,23.3026249,120.3117494
真武殿,玄天上帝,臺南市新營區南興里延平路112號,23.299765,120.313106
鎮南殿,開天炎帝,臺南市新營區民生里民治路25鄰160號,23.310466,120.319109
同濟宮,大王爺,臺南市新營區王公里民族路51號,23.30587,120.318422
護鎮保安宮,太子爺,臺南市新營區護鎮里83號,23.3272081,120.3003035
三聖宮,關聖帝君,臺南市新營區民榮里復興路305巷21-1號,23.303712,120.301861
太子爺廟,中壇元帥,臺南市新營區太北里45-2號,23.2951009,120.2733225
伽藍廟,伽藍尊王,臺南市新營區埤寮里5鄰埤寮11號,23.330026,120.316808
南宮直轄院聖教堂,關聖帝君,臺南市新營區三仙里民治路78-7號,23.3105309,120.311241
姑爺代天府,中壇元帥,臺南市新營區姑爺里2鄰22號,23.268311,120.260347
大將公廟,大將公,臺南市新營區嘉芳里茄苳腳1號,23.304726,120.289756
鎮安殿,開天炎帝,臺南市新營區嘉芳里復興路890號,23.309694,120.283008
龍聖宮,白府代天巡狩,臺南市新營區大宏里新東街61號,23.309356,120.323473
新營慈惠堂,瑤池金母,臺南市新營區民生里民生路23號,23.3048805,120.3094154
天恩堂,謝府千歲,臺南市新營區公園路一段8號,23.304389,120.3059263
慈德玉寶殿,天下巡按君,臺南市新營區新北里18鄰金華路二段9號,23.3123819,120.305031
角帶保安宮,韓府千歲,臺南市新營區角帶里5鄰角帶圍64號,23.2852194,120.2642533
忠義公廟,忠義公帥,臺南市新營區護鎮里6鄰,23.3272081,120.3003035
護庇宮,天上聖母,臺南市新營區新北街65號,23.3096867,120.3039154
舊?慈惠堂,瑤池金母,臺南市新營區舊?里8鄰舊?99號,23.3083333,120.3138889
佛光山新營講堂,釋迦牟尼佛,臺南市新營區長榮路一段502號,23.3200522,120.3228376
佛明寺,釋迦牟尼佛,臺南市新營區中營里14鄰東山路161號,23.309469,120.3319822
延平郡王府,開台聖王,臺南市新營區工業街45之10號,23.30248,120.322903
意慈宮,玄天上帝,臺南市新營區東山路88之1號,23.308098,120.327823
挖仔朝隆宮,五府千歲,臺南市新營區姑爺里7鄰挖仔9號,23.2713763,120.2599266
土安宮,田府元帥,臺南市新營區土庫里102號,23.3198522,120.3349024
太安宮,中壇元帥,臺南市新營區民榮里裕民路36-1號,23.301746,120.307153
德隆宮,五府千歲,臺南市新營區舊尹4鄰27-1號,23.3083333,120.3138889
覺慧心舍,關聖帝君,臺南市新營區土庫里土庫巷71-200號,23.3198522,120.3349024
中山大禪寺,觀世音菩薩,臺南市新營區大宏里東山路215號,23.3097307,120.3352916
三恩府,保生大帝,臺南市後壁區侯伯村7鄰51號,23.3768432,120.369492
三公府,保生大帝,臺南市後壁區侯伯村17鄰151-1號,23.3768432,120.369492
太子壇,太子爺,臺南市後壁區侯伯村2鄰14號,23.3768432,120.369492
泰安宮,天上聖母,臺南市後壁區嘉苳村1鄰4號,23.3500297,120.369492
旌忠廟,岳飛,臺南市後壁區嘉苳村6鄰69號,23.3500297,120.369492
朝天宮,天上聖母,臺南市後壁區嘉苳村本協12鄰13號,23.354467,120.382552
千眾爺廟,千眾爺,臺南市後壁區嘉田村2鄰12-38號,23.3915018,120.3824608
顯濟宮,保生大帝,臺南市後壁區嘉田村3鄰25號,23.3915018,120.3824608
仰安堂,六使公,臺南市後壁區菁豊村9鄰104號,24.1164794,120.6132046
勸善堂,池府千歲,臺南市後壁區崁頂村4鄰47號,23.3920957,120.3608455
德馨宮,文衡聖帝,臺南市後壁區墨林村13鄰321號,23.3739126,120.3392266
福安宮,李府千歲,臺南市後壁區新嘉村20鄰218號,23.364766,120.3003035
永安堂,清水祖師,臺南市後壁區頂長村4鄰24號,23.3629592,120.327695
忠孝堂,岳府元帥,臺南市後壁區仕安村9鄰58號,23.3557196,120.3176041
太安宮,岳府元帥,臺南市後壁區竹新村1鄰1-1號,24.1164794,120.6132046
昭安宮,大德禪師,臺南市後壁區竹新村6鄰49號,23.3486699,120.3003035
和安宮,文衡聖帝,臺南市後壁區竹新村15鄰33號,23.3486699,120.3003035
重興宮,神農大帝,臺南市後壁區新東村6鄰60-1號,23.3371718,120.3291365
玄天上帝廟,玄天上帝,臺南市後壁區頂安村9鄰92號之50,23.3334901,120.3464333
福安寺,清水祖師,臺南市後壁區長安村3鄰42號,23.334136,120.3622866
代天府,五府千歲,臺南市後壁區烏樹村3鄰28號,23.3327128,120.3752561
鎮武宮,吳府千歲,臺南市後壁區烏樹村11鄰烏樹林130號,23.336186,120.376808
竹仔腳聖玄宮,關聖帝君,臺南市後壁區土溝村13鄰135號,23.3719211,120.3925467
大聖海精舍,釋迦牟尼佛,臺南市後壁區嘉田村5鄰48-14號,23.3915018,120.3824608
正心堂,金府千歲,臺南市後壁區後之8鄰73號,23.3665101,120.3550808
九天宮,九天玄女,臺南市後壁區後壁村8鄰151之3號,23.3607552,120.369492
三清宮,李府千歲,臺南市後壁區後壁村9鄰172-2號,23.3607552,120.369492
寶光紹興講堂,明明上帝,臺南市後壁區墨林村8鄰249-10號,23.3739126,120.3392266
福德宮,福德爺,臺南市後壁區嘉苳村1鄰下茄苳8號,23.351438,120.356766
聖安堂,聖侯公祖,臺南市後壁區菁豊村12鄰崩埤16號之1,23.385499,120.363283
寒山寺,千手千眼觀音菩薩,臺南市後壁區新東村9鄰100之45號,23.3371718,120.3291365
平安鎮安堂,玄天上帝,臺南市後壁區平安村5鄰58之5號,23.3541051,120.3377852
下土溝代天府,王爺公,臺南市後壁區土溝村5鄰土溝42號,23.374786,120.380619
佛聖壇,北方真武上帝,臺南市後壁區平安村4鄰51之1號,23.3541051,120.3377852
萬善公廟,萬善公,臺南市後壁區嘉田村5鄰上茄苳48之1號,23.38833,120.377875
靈殿宮,玄天上帝,臺南市後壁區平安村魚寮9鄰12號,23.370727,120.337393
慧禪宮,大德禪師,臺南市後壁區土溝村1鄰5號,23.3719211,120.3925467
天三宮,李府千歲,臺南市後壁區土溝村102-1號,23.3719211,120.3925467
開天府,關聖帝君,臺南市後壁區嘉田村5鄰48-15號,23.3915018,120.3824608
慈慧寺,釋迦牟尼佛,臺南市後壁區仕安村88-6號,23.3557196,120.3176041
萬靈公廟,萬靈公,臺南市後壁區土溝村1鄰2-4號,23.3719211,120.3925467
福安宮,天上聖母,臺南市白河區白河里17鄰中山路124號,23.3507661,120.41621
福德祠,福德爺,臺南市白河區白河里1鄰中山路2號,23.347473,120.414078
湄洲宮,天上聖母,臺南市白河區白河里9鄰新起街31-3號,23.348865,120.416368
承佛寺,觀世音菩薩,臺南市白河區白河里5鄰康樂路2-3號,23.346101,120.415454
華巖禪寺,釋迦牟尼佛,臺南市白河區永安里新厝仔325號,23.3436847,120.4055131
永安宮,天上聖母,臺南市白河區永安里6鄰國泰路145號,23.348497,120.412908
三官寶殿,三官大帝,臺南市白河區外角里4鄰外角41號,23.3498905,120.4235199
臨水宮,臨水夫人,臺南市白河區外角里10鄰客庄內26號,23.356487,120.420424
福呂府,呂府千歲,臺南市白河區庄內里1鄰142號,23.3554595,120.4256805
重興宮,中壇太子,臺南市白河區秀祐里6鄰13號,23.3504738,120.3925467
舉人公廟,舉人公,臺南市白河區秀祐里4鄰80號,23.3504738,120.3925467
顯濟宮,保生大帝,臺南市白河區河東里糞箕湖80號,23.344117,120.432359
木屐寮福顯宮,五府千歲,臺南市白河區虎山里3鄰木屐寮46-1號,23.348274,120.447093
保安宮,保生大帝,臺南市白河區崁頭里2鄰崁子頭20號,23.328628,120.416828
中洲明聖殿,玄天上帝,臺南市白河區崁頭里5鄰46號,23.3270086,120.427121
土庫代天府,李府千歲,臺南市白河區崁頭里6鄰61號,23.3270086,120.427121
王爺廟,五府千歲,臺南市白河區 六 溪里2鄰檨子坑16-1號,23.3479901,120.4453054
紫雲殿,孚佑帝君,臺南市白河區關嶺里5鄰關子嶺99-3號,23.333709,120.504701
慈雲宮,觀音佛祖,臺南市白河區關嶺里關嶺路53-5號,23.3171844,120.5106372
台南縣大仙寺,釋迦佛,臺南市白河區仙草里8鄰岩前1號,23.339946,120.49393
火山碧雲寺,觀世音佛祖,臺南市白河區仙草里火山1號,23.354266,120.4876036
仙草龍安府,五府千歲,臺南市白河區仙草里18鄰61-51號,23.354266,120.4876036
太豐宮,中壇元帥,臺南市白河區玉豐里12鄰海豐厝126號,23.380739,120.416434
大豐府,李王爺,臺南市白河區玉豐里8鄰海豐厝46號,23.380739,120.416434
山師吉宮,清水祖師,臺南市白河區玉豐里3鄰頂山腳7-2號,23.3797822,120.4184782
六順宮,天上聖母,臺南市白河區大竹里11鄰大排竹173號,23.368205,120.406658
保安宮,中壇元帥,臺南市白河區詔安里7鄰77號,23.395033,120.409835
廣濟宮,清水祖師,臺南市白河區廣安里5鄰41號,23.391928,120.3961486
小南海普陀寺,觀音佛祖,臺南市白河區廣安里5鄰37-1號,23.3903492,120.3941196
大山宮,神農大帝,臺南市白河區蓮潭里7鄰山子腳53號,23.397977,120.404178
廣澤尊王宮,郭府聖王,臺南市白河區竹門里12鄰竹圍子10號,23.365502,120.396429
中妙宮,中壇太子,臺南市白河區竹門里3鄰竹子門40號,23.379078,120.446267
全安宮,玄天上帝,臺南市白河區昇安里3鄰3間厝39號,23.3686607,120.4328824
仁安宮,伽藍尊王,臺南市白河區昇安里11鄰埤子頭34號,23.367646,120.437813
上帝廟,玄天上帝,臺南市白河區汴頭里9鄰內枋林20號,23.3612632,120.4674459
寶安宮,玄天上帝,臺南市白河區汴頭里7鄰17-1號,23.3612632,120.4674459
赤中寺,觀音佛祖,臺南市白河區汴頭里11鄰洪溪州29-2號,23.3612632,120.4674459
朝天宮,天上聖母,臺南市白河區汴頭里4鄰林子內39-1號,23.3612632,120.4674459
太城宮,城隍,臺南市白河區內角里5鄰60-1號,23.398191,120.438364
靈山寺,女媧娘,臺南市白河區內角里8鄰97號,23.4024794,120.4501653
成正廟,神農聖帝,臺南市白河區草店里7鄰69-2號,23.3987585,120.4300017
馬稠後關帝廟,關聖帝君,臺南市白河區草店里10鄰130號,23.3987585,120.4300017
福興宮,福德正神,臺南市白河區草店里5鄰草店43-2號,23.3931,120.439465
金帝廟,金府帝爺,臺南市白河區甘宅里5鄰甘宅54-6號,23.383083,120.437409
國姓廟,國姓爺,臺南市白河區甘宅里4鄰43-13號,23.3818599,120.4400839
佛光普照寺,西方三聖,臺南市白河區關嶺里11鄰南寮石雅55號,23.3171844,120.5106372
淨蓮寺,觀世音菩薩,臺南市白河區關嶺里10鄰南寮49之78號,23.3411359,120.5572873
菩提寺,千手千眼觀音菩薩,臺南市白河區河東里81之4號,23.3430904,120.427121
濟佑宮,保生大帝,臺南市白河區蓮潭里北埔8號,23.409194,120.407053
普音寺,南無準提菩薩,臺南市白河區大林里檨子林5之6號,23.3357005,120.461686
紫金山竹林寺,觀世音菩薩,臺南市白河區仙草里1鄰仙草6之6號,23.349485,120.472724
十七戶南天宮,北方千歲,臺南市白河區虎山里6鄰木屐寮83號,23.358056,120.454081
福德祠,福德正神,臺南市白河區河東里糞箕湖33之2號,23.344117,120.432359
保安宮,保生大帝,臺南市白河區大林里2鄰檨子林20-13號,23.3357005,120.461686
鎮安宮,關聖帝君,臺南市白河區 六 溪里11鄰106-1號,23.315272,120.46236
崁頂福安宮,福德正神,臺南市白河區關嶺里南寮111號,23.2975847,120.5029484
進興寺,觀世音佛祖,臺南市白河區關嶺里南寮25-3號,23.324473,120.500684
良天宮,良崗尊王,臺南市白河區河東里12鄰154-1號,23.3451958,120.4288357
大聖廟,劉國公,臺南市白河區崎內里1鄰外崎內,23.380667,120.453784
順安宮,福德正神,臺南市白河區玉豐里11鄰106-1號,23.3797822,120.4184782
聖安宮,觀世音菩薩,臺南市白河區大林里8鄰,23.3357005,120.461686
善主公廟,善主公,臺南市白河區竹門里13鄰番子園20-17號,23.3805789,120.436614
香嚴寺,觀世音菩薩,臺南市白河區河東里1鄰3-6號,23.34273,120.435621
般若佛苑,阿彌陀佛,臺南市白河區關嶺里關仔嶺322-1號,23.339214,120.50556
武聖殿,關聖帝君,臺南市白河區永安里18鄰新厝仔70-24號,23.3436847,120.4055131
埤子頭福德祠,福德正神,臺南市白河區昇安里埤子頭12鄰,23.368531,120.436178
五汴頭福如宮,福德正神,臺南市白河區汴頭里7鄰5汴頭23號,23.366287,120.455174
穚頭珠惠宮,觀音佛祖,臺南市白河區草店里8鄰93-2號,23.3987585,120.4300017
達摩禪院,釋迦牟尼佛,臺南市白河區虎山里木屐寮37號,23.358056,120.454081
竹圍仔福德祠,福德正神,臺南市白河區大竹里14鄰大排竹206號,23.368205,120.406658
大安宮,保生大帝,臺南市白河區蓮潭里8鄰,23.4028592,120.3983097
大竹福德廟,福德正神,臺南市白河區大竹里大排竹12鄰,23.368205,120.406658
洪溪洲福德宮,福德正神,臺南市白河區汴頭里11鄰洪溪洲,23.3612632,120.4674459
普陀山妙德禪寺,釋迦牟尼佛,臺南市白河區崎內里7鄰內崎內121號,23.371481,120.468973
無極瑤池宮,乾元一?至尊至上,臺南市白河區玉豐里頂山腳70號,23.3797822,120.4184782
慈竹寺,準提菩薩,臺南市白河區 六 溪里113-3號,23.31526,120.464427
法通寺,釋迦牟尼佛,臺南市東山區林安村71-1號,23.2824757,120.4285613
開泰日月明宮,太陽星君,臺南市東山區高原村100之10號,23.2879027,120.4847242
純陽聖堂,明明上帝,臺南市東山區南勢村大洋15號之1,23.264165,120.468969
玉?慈濟宮,順天聖母,臺南市東山區青山村88號,23.2747238,120.4962417
萬善祠,土地公,臺南市東山區東中村新東路一段1號,23.3222796,120.4014554
鎮安宮,吳府千歲,臺南市東山區東山村310號,23.3277969,120.3983097
赤山龍湖巖,觀世音菩薩,臺南市六甲區 六 甲鄉龍湖村珊瑚路198巷1號,23.2269241,120.3515214
赤山龍潭寺,釋迦牟尼佛,臺南市六甲區 六 甲鄉龍湖村珊瑚路218巷4號,23.2268398,120.3515936
鎮南宮,孚佑帝君,臺南市六甲區 六 甲鄉甲東村珊瑚路261巷1號,23.2269241,120.3515214
甲東代天府,五府千歲,臺南市六甲區 六 甲鄉田東村忠孝街217號,23.2426813,120.3320195
六甲媽祖廟,天上聖母,臺南市六甲區 六 甲鄉 六 甲村仁愛街38號,23.2426813,120.3320195
五甲龍凰寺,觀世音菩薩,臺南市六甲區 六 甲鄉中正路396號,23.2426813,120.3320195
七甲龍湖代天府,五府千歲,臺南市六甲區 六 甲鄉7甲村7甲街89巷4號,23.2426813,120.3320195
二甲玄武殿,玄天上帝,臺南市六甲區 六 甲鄉2甲村民權街215號,23.2426813,120.3320195
水林村龍玄宮,中壇元帥,臺南市六甲區 六 甲鄉水林村中山路206巷27號,23.2328576,120.3424384
龜子港保生廟,保生大帝,臺南市六甲區 六 甲鄉龜港村161巷41弄66號,23.2426813,120.3320195
王爺宮廟,李府千歲,臺南市六甲區 六 甲鄉王爺村14號,23.217696,120.329523
龍鳳寺,觀世音菩薩,臺南市六甲區 六 甲鄉菁埔村林鳳營451號,23.2426813,120.3320195
保安宮,中壇元帥,臺南市六甲區 六 甲鄉甲南村珊瑚路17巷4號,23.2268398,120.3515936
北極殿,玄天上帝,臺南市六甲區 六 甲鄉甲東村17鄰忠孝街106號,23.2426813,120.3320195
十八王公府,十八王公,臺南市六甲區 六 甲鄉中正路242巷20號,23.2426813,120.3320195
太軒府,康天千歲,臺南市六甲區 六 甲鄉裕農街,23.2426813,120.3320195
萬姓爺公廟,萬姓爺,臺南市六甲區 六 甲鄉中社村428號,23.2426813,120.3320195
四千宮玉山寺,四府千歲,臺南市六甲區 六 甲鄉中正路910號,23.2426813,120.3320195
聖姑廟,聖姑,臺南市六甲區 六 甲鄉中正路171號,23.2426813,120.3320195
福德宮,福德正神,臺南市六甲區 六 甲鄉甲東村裕農街100巷10號,23.2277974,120.3608189
大眾爺廟,大眾爺,臺南市六甲區 六 甲鄉中山路24號,23.2365847,120.3264011
六甲福德祠,福德正神,臺南市六甲區 六 甲鄉甲東村中正路,23.2426813,120.3320195
菁埔寮代天府,李府千歲,臺南市六甲區 六 甲鄉菁埔村菁埔寮65號,23.2426813,120.3320195
妙音講堂,阿彌陀佛,臺南市六甲區 六 甲鄉水林村中山路414巷2弄93號,23.2328576,120.3424384
下營上帝廟,玄天上帝,臺南市下營區下營村19鄰中山路一段1號,23.2391489,120.270637
昭善堂,三聖恩主,臺南市下營區下營村中正南路28號,23.2319921,120.2637532
慧山寺,釋迦牟尼佛,臺南市下營區仁里村12鄰蚵寮街16號,23.2242901,120.2541575
武安宮,武安尊王,臺南市下營區開化村3鄰中營227號,23.219245,120.27567
中營慶福宮,中壇元帥,臺南市下營區中營村中營1154號,23.219245,120.27567
光玄寺,釋迦牟尼佛,臺南市下營區營前村中華街1巷1號,23.2349821,120.2671223
連表代進宮,王???? 爺,臺南市下營區西連村3鄰連表30-3號,23.211696,120.26598
茅港尾觀音寺,觀世音菩薩,臺南市下營區茅港村5鄰茅港尾81號,23.21694,120.281056
茅港村福德廟,福德正神,臺南市下營區茅港村10鄰茅港尾83號,23.21694,120.281056
洲子北極殿,北極玄天上帝,臺南市下營區賀建村15鄰洲子34-1號,23.250688,120.289524
謝府元帥廟,謝府大元帥,臺南市下營區茅港村8鄰茅港尾280號,23.21694,120.281056
眾安堂,觀世音菩薩,臺南市下營區賀建村9鄰火燒珠10號之1,23.257201,120.282189
樂善堂,觀世音菩薩,臺南市下營區後街村和平街82號,23.2369218,120.2640822
福昇堂,五府千歲,臺南市下營區營前村10鄰民權2街68號,23.2350158,120.2620117
下橋頭朝安宮,天上聖母,臺南市下營區賀建村下橋頭13之2號,23.2491677,120.2887685
甲中聖母宮,天上聖母,臺南市下營區甲中村6鄰中庄子40號,23.2538687,120.2729063
武德宮,武德尊王,臺南市下營區宅內村人和3街41巷15弄8號,23.2364521,120.2604768
下營慈惠堂,瑤池金母,臺南市下營區營前村慈惠街16號,23.2359459,120.267562
麻豆寮慈惠堂,瑤池金母,臺南市下營區賀建村5鄰麻豆寮54號,23.255584,120.293994
茅港尾天后宮,天上聖母,臺南市下營區茅港村7鄰茅港尾163號,23.21694,120.281056
甲中慈惠堂,瑤池金母,臺南市下營區甲中村9鄰中庄子70-1號,23.2538687,120.2729063
朱安宮,朱府千歲,臺南市下營區仁里村15鄰公園路52巷20號,23.2242901,120.2541575
池興堂,池府千歲,臺南市下營區新興村15鄰寮前2街22號,23.2338014,120.2691587
蚵寮仔保興宮,楊太保元帥,臺南市下營區仁里村9鄰公園路322巷10號,23.2242901,120.2541575
三省堂,觀音三佛祖,臺南市下營區宅內村5鄰友愛街206巷1號,23.2373735,120.259311
國王廟,三山國王,臺南市下營區茅港村茅港尾172之2號,23.21694,120.281056
義興堂,洪府千歲,臺南市下營區人和2街69號,23.2370322,120.2603343
六興堂,玄天上帝,臺南市下營區新興村東興1街125巷5號,23.2386494,120.2675859
慶隆宮,觀音菩薩,臺南市下營區大埤村2鄰大埤寮9號,23.230339,120.24787
西寮代天府,玄天上帝,臺南市下營區西連村6鄰西寮14-1號,23.208243,120.263332
保安宮,五府千歲,臺南市下營區大屯村2鄰大屯寮16號,23.23628,120.23826
南安宮,觀音佛祖,臺南市下營區茅港村1鄰茅港尾10號,23.21694,120.281056
泰稜宮,泰山仙祖,臺南市下營區大屯村大屯寮88之8號,23.23628,120.23826
武聖宮,關二爺,臺南市下營區宅內村友愛街187巷12弄21號,23.2358109,120.2592226
忠義歲廟,忠義宮,臺南市柳營區人和村橋南116號,23.293278,120.312888
農淨寺,釋迦牟尼佛,臺南市柳營區東昇村康樂街60號,23.277951,120.3173043
五軍營法主宮,法主公,臺南市柳營區重溪村20鄰5軍營23號,23.2947176,120.3521983
大腳腿真武宮,玄天上帝,臺南市柳營區大農村4鄰39號,23.2761753,120.3637277
明聖殿,文衡聖帝,臺南市柳營區重溪村小腳腿12鄰123號,23.293917,120.365977
果毅後天后宮,天上聖母,臺南市柳營區果毅村8鄰果毅後95-1號,23.259974,120.368533
雲霄太子殿,太子爺,臺南市柳營區太康村11鄰太康113號,23.289918,120.32924
鎮西宮,開天炎帝,臺南市柳營區神農村14鄰380號,23.252653,120.3608455
五府千歲廟,池府千歲,臺南市柳營區篤農村14鄰小腳腿307號,23.293917,120.365977
柳營代天院,代天巡狩,臺南市柳營區東昇村7鄰中山西路一段362號,23.2789543,120.3178369
八老爺重興宮,中壇元帥,臺南市柳營區八翁村7鄰8老爺70號,23.2694095,120.2945362
人和村代天宮,代天下界公,臺南市柳營區人和村橋南12之1號,23.293278,120.312888
中壇府,中壇元帥,臺南市柳營區太康村太康132-2號,23.289918,120.32924
代天宮,李府千歲,臺南市柳營區旭山村16鄰山子腳9-1號,23.2494369,120.4011911
一元慈玄宮,觀世音菩薩,臺南市柳營區神農村果毅後395號之7,23.259974,120.368533
新興宮,李府千歲,臺南市柳營區旭山村2鄰新吉庄16-30號,23.266236,120.385412
明聖宮,關聖帝君,臺南市柳營區光福村25鄰132-4號,23.2710112,120.3154416
普濟宮,濟公禪師,臺南市柳營區東昇村581號,23.2707281,120.3262535
陽山佛堂,濟公禪師,臺南市柳營區旭山村新吉庄42之12號,23.266236,120.385412
黃帝神宮,黃帝,臺南市柳營區果毅村17鄰果毅後218-21號,23.259974,120.368533
五顯宮,五顯大帝,臺南市柳營區旭山村新吉莊46之27號,23.266236,120.385412
紫隆宮,觀世音菩薩,臺南市柳營區人和村6鄰橋南46-2號,23.293278,120.312888
淨林佛舍,觀世音菩薩,臺南市柳營區光福村132之85號,23.2710112,120.3154416
佛山觀音巖,瑤池金母,臺南市柳營區旭山村7鄰麻埔20號,23.2499192,120.3857631
白靜寺,觀世音菩薩,臺南市柳營區士林村6鄰53-16號,23.2727526,120.3103958
義善堂,義善姑,臺南市柳營區旭山村6鄰61-2號,23.2494369,120.4011911
北安宮,玄天上帝,臺南市柳營區神農村新厝37-1號,23.3028137,120.3042066
永安宮,李府千歲,臺南市鹽水區歡雅里6鄰90號,23.2869972,120.2368486
護安宮,天上聖母,臺南市鹽水區汫水里9鄰汫水港22號,23.3416158,120.2830007
鎮南宮,周倉爺,臺南市鹽水區中境里7鄰中山路12號,23.320134,120.2667679
福王宮,紀府千歲,臺南市鹽水區下中里10鄰下中59號,23.320348,120.239924
忠孝宮,元帥爺,臺南市鹽水區井水里4鄰井水港90號,23.2622306,120.2397336
永慶宮,五府千歲,臺南市鹽水區後宅里7鄰後寮58號,23.30844,120.251587
天德宮,玄天上帝,臺南市鹽水區舊營里5鄰舊營116號,23.299204,120.257165
保安宮,李府千歲,臺南市鹽水區後宅里10鄰番子寮7號,23.303008,120.235359
修德禪寺,釋迦牟尼佛,臺南市鹽水區橋南里17鄰治水路171巷12號,23.318089,120.26225
日月山慈德禪寺,觀音菩薩,臺南市鹽水區橋南里1鄰橋南街11巷7號,23.316925,120.267632
北帝殿,上帝爺公,臺南市鹽水區橋南里橋南街7號,23.316925,120.267632
武? 廟,文衡聖帝,臺南市鹽水區武廟里7鄰武廟路87號,23.3238234,120.2657785
南天宮,文衡聖帝,臺南市鹽水區大豊里9鄰大豊88號,23.2663182,120.2267506
保聖宮,孫府角H,臺南市鹽水區孫厝里10鄰孫厝寮74-1號,23.2933049,120.222153
保壇宮,中壇元帥,臺南市鹽水區孫厝里12鄰羊稠厝9-1號,23.2846959,120.212856
王爺廟,池府王爺,臺南市鹽水區水仙里5鄰中山路3巷16號,23.32011,120.266746
上帝廟,玄天上帝,臺南市鹽水區水秀里2鄰土庫24號,23.322432,120.278482
大眾廟,雷府大將爺,臺南市鹽水區中境里1鄰武廟路7號,23.317072,120.266787
護庇宮,天上聖母,臺南市鹽水區水正里16鄰中正路140號,23.3180339,120.2671602
伽藍廟,伽藍尊王,臺南市鹽水區三生里4鄰朝琴路5號,23.320894,120.2676995
張聖宮,法主公,臺南市鹽水區竹埔里7鄰竹仔腳112-1號,23.276642,120.24665
普照宮,范王公,臺南市鹽水區義稠里4鄰義稠58號,23.327016,120.255678
中軍府,吳府千歲,臺南市鹽水區義稠里7鄰義稠102-1號,23.327016,120.255678
太保宮,楊府元帥,臺南市鹽水區歡雅里24鄰頂寮90號,23.280291,120.238845
天月宮,天上聖母,臺南市鹽水區大莊里8鄰大莊24號,23.2909583,120.2498305
福安宮,關帝爺,臺南市鹽水區福得里8鄰後厝14號,23.320613,120.270694
永和宮,李府千歲,臺南市鹽水區田寮里6鄰田寮43號,23.277888,120.228523
聖天宮,吳府千歲,臺南市鹽水區孫厝里5鄰37-1號,23.2906603,120.2195374
朱玄宮,朱府二千歲,臺南市鹽水區橋南里15鄰月津路12巷8號,23.316569,120.266385
元安宮,池府千歲,臺南市鹽水區歡雅里16鄰倒茄苳3號,23.284522,120.243766
中壇宮,太子爺,臺南市鹽水區歡雅里15鄰中州寮9-1號,23.284289,120.233101
護濟宮,呂府千歲,臺南市鹽水區下中里2鄰樹仔腳6號,23.3138373,120.2368486
俊天宮,代天巡狩,臺南市鹽水區南港里4鄰171號,23.2521646,120.2555998
五十三將軍廟,五十三將軍,臺南市鹽水區水秀里15鄰土庫74-19號,23.327746,120.285177
五安宮,吳府千歲,臺南市鹽水區歡雅里11鄰尾寮17-1號,23.289675,120.237218
保生宮,保生大帝,臺南市鹽水區下林里2鄰下林57號,23.262855,120.249447
福南宮,李府千歲,臺南市鹽水區穚南里7鄰南門路201巷69號,23.2622306,120.2397336
佰年宮,池府千歲,臺南市鹽水區岸內里2鄰岸內39號,23.325013,120.260463
竹安宮,城隍爺,臺南市鹽水區水秀里土庫136-2號,23.32693,120.281357
長成宮,周府元帥,臺南市鹽水區穚南里月津路75巷30號,23.2622306,120.2397336
蔡婆主帥廟,蔡婆主帥,臺南市鹽水區義稠里5鄰義稠75-14號,23.327016,120.255678
拯民宮,金池府千歲,臺南市善化區文正里文正路25巷8-1號,23.134058,120.286928
佛祖廟,佛祖,臺南市善化區坐駕里24鄰坐駕31號,23.122953,120.303193
泰安宮,中壇元帥,臺南市善化區 六 分里東勢宅42號,23.151031,120.293673
東嶽殿,東嶽大帝,臺南市善化區田寮里6分寮167號,23.1458084,120.3017453
慶安宮,天上聖母,臺南市善化區東關里中山路470號,23.1327496,120.2899327
慈明寺,觀音佛祖,臺南市善化區文正里文正路85號,23.133553,120.287236
慈善寺,三寶佛,臺南市善化區光文里4鄰北子店196-3號,23.1168118,120.3053205
黃帝神宮,黃帝道祖,臺南市善化區光文里光華路35巷15號,23.133721,120.302693
龍文廟,三代祖師,臺南市善化區光文里21鄰民族路176號,23.1318066,120.2966722
胡厝寮代天府,五府千歲,臺南市善化區胡家里16鄰胡厝寮151號,23.1471019,120.269822
代天宮,金府千歲,臺南市善化區什乃里9鄰81號,23.144704,120.2815587
隆安宮,玄天上帝,臺南市善化區溪美里溪尾72號,23.154201,120.285688
興安宮,中壇元帥,臺南市善化區 六 分里 六 分寮14-1號,23.1333333,120.3
德禪寺,大德禪師,臺南市善化區 六 德里4鄰6分寮227號,,
慶濟宮,清水祖師,臺南市善化區東隆里6鄰183號,23.1637973,120.3118375
牛庄元興堂,九天中壇元帥,臺南市善化區牛庄里14鄰137號,23.1411165,120.3176041
茄拔天后宮,天上聖母,臺南市善化區嘉南里80號,23.127949,120.3291365
田寮天后宮,天上聖母,臺南市善化區田寮里5鄰6分寮63-1號,23.1458084,120.3017453
保安宮,五府千歲,臺南市善化區東昌里18-1號,23.1498119,120.332994
木柵內角北承宮,清水祖師,臺南市善化區文昌里永福路114巷1號,23.129958,120.292325
普安宮,普庵佛祖,臺南市善化區胡厝里13鄰胡厝寮220-1號,23.1477399,120.272233
聖興宮,天上聖母,臺南市善化區東隆里9鄰215-2號,23.1637973,120.3118375
焄?宮,清水祖師,臺南市善化區西關里11鄰復興街58號,23.1317267,120.286307
慧慈寺,釋迦牟尼佛,臺南市善化區文昌里7鄰文昌路65-6號,23.1290029,120.290891
祖師廟,三代祖師,臺南市善化區小新里11鄰97號,23.1246917,120.3105521
苓分宮,苓府千歲,臺南市善化區光文里1鄰苓子林,23.1328216,120.3060706
大聖宮,王母娘娘,臺南市善化區光文里23鄰中山路182-20號,23.1328219,120.300616
長興宮,李府千歲,臺南市善化區 六 分里3鄰東勢里,,
福德宮,福德正神,臺南市善化區北關里,23.1330128,120.2876871
木柵內角北承宮,清水祖師,臺南市善化區文昌里文昌路36巷17-5號,23.1298919,120.290087
普濟宮,保生大帝,臺南市善化區文正里中山路560號,23.133797,120.285519
福安宮,五府將軍,臺南市善化區文昌里中正路益民寮20號,23.11912,120.2943895
糖?角民安宮,天上聖母,臺南市善化區中山路313巷12號,23.1315269,120.296051
同德佛院,彌勒古佛,臺南市善化區溪美里24之1號,23.1537914,120.2830007
北子店清水宮,清水祖師,臺南市善化區光文里6鄰北子店228巷23號,23.1328216,120.3060706
苓子林龍鳳宮,天上聖母,臺南市善化區光文里北仔店4-1號,23.136724,120.312924
生武宮,玄天上帝,臺南市善化區溪美里1鄰溪尾965-1號,23.154201,120.285688
瓦?興安宮,清水祖師,臺南市善化區坐駕里22鄰12號,23.1233071,120.3003035
無極指陽宮,無極聖祖,臺南市善化區 六 分里東勢宅8-7號,23.151031,120.293673
西衛開元宮,開漳聖王,臺南市善化區胡厝里西街34號,23.0931975,120.2614265
文聖廟,福德正神,臺南市善化區光文里中山路73號,23.13305,120.30358
石仔瀨天后宮,天上聖母,臺南市大內區石湖村7鄰291號,23.1486737,120.3579632
開靈宮,朱府千歲,臺南市大內區內江村13鄰15號,23.1099075,120.3637277
內庄朝天宮,天上聖母,臺南市大內區大內村9鄰110號,23.1206349,120.3637277
後堀福安宮,玄天上帝,臺南市大內區內郭村8鄰24號,23.1116124,120.3810199
南海觀音亭,南海觀音菩薩,臺南市大內區頭社村3鄰68-1號,23.151224,120.3839017
忠義廟,太上老君,臺南市大內區頭社村6鄰31號,23.151224,120.3839017
媽祖廟,天上聖母,臺南市大內區頭社村17鄰311號,23.151224,120.3839017
飛安宮,三坪祖師,臺南市大內區環湖村5鄰56號,23.1736117,120.4300017
聖安宮,五府千歲,臺南市大內區環湖村7鄰92號,23.1736117,120.4300017
龍山寺,觀音佛祖,臺南市大內區環湖村11鄰18號,23.1736117,120.4300017
朝天宮,天上聖母,臺南市大內區二溪村4鄰175號,23.122445,120.4184782
慎德堂,觀音佛祖,臺南市大內區二溪村14鄰46號,23.122445,120.4184782
紫分宮,觀音佛祖,臺南市大內區二溪村1鄰1-18號,23.122445,120.4184782
北天宮,玄天上帝,臺南市大內區曲溪村12鄰116號,23.1198975,120.3925467
奉天寺,觀世音佛祖,臺南市大內區頭社村103之2號,23.151224,120.3839017
三極金闕,明明上帝,臺南市大內區二溪村2重溪201-12號,23.122445,120.4184782
興一聖堂,道德天尊,臺南市大內區頭社村6鄰83之11號,23.151224,120.3839017
金元山凌霄寶殿,玉皇上帝,臺南市大內區內郭村後堀2-9號,23.118029,120.371414
保安宮,保生大帝,臺南市大內區石林村石子瀨180號,23.126973,120.354452
南華道院,明明上帝,臺南市大內區二溪村6鄰201號之3,23.122445,120.4184782
金佛寺,南無觀世音菩薩,臺南市大內區內江村15鄰蒙正29之8號,23.10718,120.372714
天行宮,福州聖母,臺南市大內區石城村3鄰石子瀨26之5號,23.126973,120.354452
法蓮寺,準提菩薩,臺南市大內區頭社村11鄰頭社145之5號,23.144154,120.385061
慈善寺,余仙祖,臺南市大內區石湖村新厝子10之5號,23.151294,120.363925
石子瀨代天府,三王太歲,臺南市大內區石湖村6鄰石子瀨274之35號,23.126973,120.354452
北極殿,玄天上帝,臺南市大內區二溪村8鄰2重溪217號,23.122445,120.4184782
聖南宮,孚佑帝君,臺南市大內區內郭村2-12號,23.1116124,120.3810199
妙靈禪院,太上老君,臺南市大內區二溪村203-3號,23.122445,120.4184782
竹坑北極殿,玄天上帝,臺南市大內區石湖村8鄰305號,23.1486737,120.3579632
清水寺,清水祖師,臺南市山上區玉]村3鄰35號,23.0893067,120.3723741
聖母廟,天上聖母,臺南市山上區玉]村7鄰10號,23.0893067,120.3723741
太子廟,中壇元帥,臺南市山上區平陽村5鄰4號,23.1416985,120.2512728
神農廟,神農大帝,臺南市山上區平陽村4鄰石仔崎39號,23.1416985,120.2512728
太子廟,太子爺,臺南市山上區豊德村4鄰47號,23.1416985,120.2512728
圓慈禪寺,釋迦牟尼佛,臺南市山上區玉峰村1鄰蚵瞉潭1之10號,,
永安宮,天上聖母,臺南市新市區新市村9鄰仁愛街331號,23.0784498,120.2939525
清保宮,太子爺,臺南市新市區新和村36鄰華興街67號,23.0769982,120.2937621
福壽巷北極殿,玄天上帝,臺南市新市區新村和平街208巷18號,23.1279369,120.298752
大宅中安宮,中壇元帥,臺南市新市區社內村28號,23.0745039,120.2772325
觀音佛堂,觀世音菩薩,臺南市新市區社內村76之6號,23.0745039,120.2772325
天一堂,南極仙翁,臺南市新市區社內村143號,23.0745039,120.2772325
社內清水宮,清水祖師,臺南市新市區社內村164號,23.0745039,120.2772325
保安宮,保生大帝,臺南市新市區大洲村52號,23.0727781,120.2599266
聖帝殿,關帝爺,臺南市新市區大洲村101-2號,23.0727781,120.2599266
福安宮,天上聖母,臺南市新市區豐華村40號,23.0921724,120.2570421
新昌宮,保生大帝,臺南市新市區豐華村63-1號,23.0921724,120.2570421
照明宮,天上聖母,臺南市新市區三舍村71號,23.092326,120.2945362
北三舍中安宮,五府千歲,臺南市新市區三舍村190號,23.092326,120.2945362
豐榮北極殿,玄天上帝,臺南市新市區大營村豐榮55號,23.089882,120.304818
靈昭宮,清水祖師,臺南市新市區大營村10鄰214號,23.0994096,120.3118375
營頭福德爺廟,福德爺,臺南市新市區大營村218號,23.0994096,120.3118375
營尾福德廟,福德正神,臺南市新市區大營村289號,23.0994096,120.3118375
濟德宮,明明上帝,臺南市新市區大營村323號,23.0994096,120.3118375
聖佛宮,觀音大士,臺南市新市區大社村1鄰大社126之1號,23.093031,120.316525
東勢北極殿,玄天上帝,臺南市新市區大社村9鄰288號,23.0903938,120.3291365
後店北極殿,玄天上帝,臺南市新市區大社村409號,23.0903938,120.3291365
大社西興北極殿,玄天上帝,臺南市新市區大社村24鄰871號,23.0903938,120.3291365
代天府,池府千歲,臺南市新市區潭頂村257號,23.0742985,120.3291365
頂港北極殿,玄天上帝,臺南市新市區港墘村大同街49號,23.0822183,120.3023186
南港墘土地公廟,福德正神,臺南市新市區港墘村華美街11號,23.0764685,120.2987558
永隆宮,溫府千歲,臺南市新市區港墘村長安街36巷14號,23.0751031,120.3000661
崙仔頂清水宮,清水祖師,臺南市新市區港墘村崙頂63號,23.0791623,120.3060706
永就宮,池府千歲,臺南市新市區永就村6號,23.0642791,120.3003035
榮安宮,梁府千歲,臺南市新市區永就村94號,23.0642791,120.3003035
真安宮,保生大帝,臺南市新市區永就村0鄰122號,23.0642791,120.3003035
七王宮,七府千歲,臺南市新市區永就村中山路185號,23.0687511,120.2926884
興法寺,釋迦牟尼佛,臺南市新市區潭頂村2鄰96號,23.0742985,120.3291365
三舍保濟殿,保生大帝,臺南市新市區三舍村205號,23.092326,120.2945362
崑崙宮,中壇元帥,臺南市安定區中沙村沙崙5鄰4-1號,23.070428,120.204472
普陀寺,南海佛祖,臺南市安定區海寮村11鄰110號,23.0998017,120.2079953
順天宮,天上聖母,臺南市安定區中榮村3鄰27號,23.0935618,120.2440609
靜安宮,田府元師,臺南市安定區安定村領寄1鄰11號,23.1115672,120.2541575
湄婆宮,天上聖母,臺南市安定區蘇林村1鄰蘇厝9-1號,23.131523,120.250052
慈安宮,天上聖母,臺南市安定區港南村20鄰161號,23.0873292,120.2354061
長興宮,玉D代天巡狩,臺南市安定區蘇厝村18鄰456號,23.1245564,120.2498305
忠興宮,趙府千歲,臺南市安定區港尾村9鄰下洲仔13-2號,23.1044738,120.2368486
忠安宮,吳府千歲,臺南市安定區中沙村4鄰中崙115號,23.080177,120.209188
乾元宮,昊天大帝,臺南市安定區安定村3鄰3-1號,24.1164794,120.6132046
龍河寺,西方佛祖,臺南市安定區蘇林村8鄰蘇厝92號,23.131523,120.250052
福安宮,保生大帝,臺南市安定區港尾村12鄰74號,23.1044738,120.2368486
港口觀渡宮,觀音佛祖,臺南市安定區港口村21鄰港口400-1號,23.093731,120.2311
鎮安宮,鎮海五元帥,臺南市安定區大同村7鄰82號,23.0788435,120.2310784
金安宮,五府千歲,臺南市安定區 六 嘉村12鄰89號,23.095298,120.2166519
北玄宮,玄天上帝,臺南市安定區蘇林村9鄰104號,23.1227334,120.2584844
保安宮,周府千歲,臺南市安定區新吉村2鄰95號,23.0849044,120.2022239
南安宮,五府千歲,臺南市安定區南安村1鄰1號,23.103394,120.2260293
三聖宮,呂仙祖師,臺南市安定區蘇林村1鄰1-4號,23.1227334,120.2584844
蘇厝玉　真護宮,五府千歲,臺南市安定區蘇厝村2鄰293-2號,23.1245564,120.2498305
聖安宮,天上聖母,臺南市安定區管寮村3鄰35號,23.1081147,120.2195374
保安宮,保生大帝,臺南市安定區安定村15鄰安定131號,23.119471,120.235621
萬聖堂,萬聖爺,臺南市安定區海寮村,23.0998017,120.2079953
通玄大菩薩院,觀世音菩薩,臺南市安定區新吉村56之38號,23.0849044,120.2022239
聖懿普庵堂,普庵祖師,臺南市安定區新吉村58之12號,23.0849044,120.2022239
慈慧堂,觀世音菩薩,臺南市安定區蘇林村1之30號,23.1227334,120.2584844
