后厝龍鳳宮,天上聖母,苗栗縣竹南鎮龍鳳里12鄰42號,24.6936213,120.8664282
竹南中港慈裕宮,天上聖母,苗栗縣竹南鎮中美里民生路7號,24.6824924,120.8637477
延平郡王三聖宮,鄭成功,苗栗縣竹南鎮中港里9鄰61號,24.6821011,120.8660436
竹南五榖宮,神農大帝,苗栗縣竹南鎮新南里5谷王1號,24.6899586,120.8857785
保民宮,福德正神,苗栗縣竹南鎮正南里13鄰保民巷1號,24.683348,120.878701
中港龍鳳宮,天上聖母,苗栗縣竹南鎮中英里6鄰民生路101號,24.684755,120.864865
蕃社保安宮,雷朱薛刑四府王爺,苗栗縣竹南鎮中美里4鄰43號,24.6837859,120.8542011
水興宮,中壇元帥,苗栗縣竹南鎮山佳里2鄰53號,24.7019295,120.8800378
南天宮,真武大帝,苗栗縣竹南鎮大厝里6鄰南大路116號,24.6806898,120.874472
全天宮,玄天上帝,苗栗縣竹南鎮開元里1鄰開元路488號,24.679709,120.868184
保興宮,蘇府千歲,苗栗縣竹南鎮竹興里2鄰60號,24.6931537,120.859943
崁頂福神宮,福德正神,苗栗縣竹南鎮新南里14鄰57之1號,24.6899586,120.8857785
福龍宮,金府王爺,苗栗縣竹南鎮大埔里7鄰105號,24.709692,120.8986943
德勝宮,朱府王爺,苗栗縣竹南鎮港墘里12鄰塭內35之7號,24.6716703,120.8524439
天文宮,天極上帝,苗栗縣竹南鎮新南里7鄰3角店31號,24.6899586,120.8857785
龍山宮,倪府王爺,苗栗縣竹南鎮龍鳳里4鄰53號,24.6992017,120.8685555
合安宮,福德正神,苗栗縣竹南鎮營盤里16鄰營盤邊54之7號,24.6897192,120.8721438
文天宮,紫薇大帝,苗栗縣竹南鎮中英里光明街56號,24.68847,120.8570721
頂埔萬聖宮,池府王爺,苗栗縣竹南鎮頂埔里12鄰227之1號,24.7098048,120.9216522
清豐宮,三府千歲,苗栗縣竹南鎮海口里1鄰8號,24.6791015,120.85133
后厝天文宮,五顯靈官大帝,苗栗縣竹南鎮龍鳳里8鄰13之2號,24.6992017,120.8685555
昭靈宮,三府千歲,苗栗縣竹南鎮中美里12鄰201號,24.6837859,120.8542011
竹南寺,釋迦牟尼佛,苗栗縣竹南鎮正南里13鄰中正路71號,24.68379,120.877273
永蓮寺,釋迦牟尼佛,苗栗縣竹南鎮海口里20鄰187號,24.6791015,120.85133
菩提講堂,西方三聖,苗栗縣竹南鎮大厝里南大路115號,24.6811709,120.8737328
善福堂,觀音菩薩,苗栗縣竹南鎮中華里民生路5鄰104號,24.682189,120.864034
光明宮,玉皇大帝,苗栗縣竹南鎮港墘里6鄰63號,24.668335,120.8600101
聖福宮,福德正神,苗栗縣竹南鎮聖福里公教路138號,24.6944874,120.874377
明德宮,金王爺,苗栗縣竹南鎮海口里7鄰85號,24.6791015,120.85133
保福宮,五府千歲,苗栗縣竹南鎮海口里14鄰11之1號,24.6791015,120.85133
康寧宮,三府王爺,苗栗縣竹南鎮公義里3鄰17號,24.7243857,120.9044342
鎮安宮,大眾爺,苗栗縣竹南鎮港墘里13鄰16號,24.6680728,120.8470232
無極混元監樞院,無極混元 三聖大天尊,苗栗縣竹南鎮海口里14鄰1之9號,24.6791015,120.85133
福德宮,福德正神,苗栗縣竹南鎮中港里13鄰街仔頭3號,24.6821011,120.8660436
得勝宮,朱李池三府王爺,苗栗縣竹南鎮港墘里13鄰16之2號,24.6680728,120.8470232
新興宮,中壇元帥,苗栗縣竹南鎮竹興里16鄰新興街4 0號,24.690875,120.860583
崁頂朝陽宮,三府千歲,苗栗縣竹南鎮新南里14鄰崁頂37 號,24.695356,120.881509
公館北龍宮,玄天上帝,苗栗縣竹南鎮公館里6鄰70之1號,24.6585421,120.8714262
金蓮寺,釋迦牟尼佛,苗栗縣竹南鎮海口里187之1號,24.6791015,120.85133
廣行淨寺,阿彌陀佛,苗栗縣竹南鎮龍鳳里14鄰勤興街 66之16號,24.6919245,120.8639581
溫靈宮,溫府千歲,苗栗縣竹南鎮港乾里13鄰塭仔頭1 之26號,24.7009219,120.8786026
廣澤宮,廣澤尊王,苗栗縣竹南鎮開元里8鄰下街仔37 之3號,24.678052,120.865319
聖天宮,邪府王爺,苗栗縣竹南鎮照南里4鄰竹南9號,24.688734,120.877216
萬善公祠,地藏王菩薩,苗栗縣竹南鎮新南里24鄰崁頂58之22號,24.6899,120.885
社興宮,蘇李池三府 王爺,苗栗縣竹南鎮中華里10鄰復興路33之1號,24.684288,120.865938
金木娜吒 太子行公,中壇元帥,苗栗縣竹南鎮崎頂里15鄰保興街38號,24.72753,120.8841937
順行慈惠堂,西王金母,苗栗縣竹南鎮崎頂里2鄰牧場8之20號,24.715174,120.868083
正覺禪寺,阿彌陀佛,苗栗縣竹南鎮崎頂里13鄰崎腳2之6號,24.7180691,120.872667
普濟寺,三清道祖,苗栗縣竹南鎮崎頂里博愛街2201巷70之1號,24.687015,120.877544
正義福德宮,福德正神,苗栗縣竹南鎮公義里6鄰大坪16之6號,24.729297,120.90964
龍洲宮,福德正神,苗栗縣竹南鎮崎頂里1鄰青草8之13號,24.7078891,120.8775275
頭份義民廟,褒忠義民,苗栗縣頭份鎮仁愛里2鄰中山路135號,24.6853245,120.9100955
永貞宮,天上聖母,苗栗縣頭份鎮田寮里13鄰134號,24.6793511,120.8851587
太陽宮,太陽星君,苗栗縣頭份鎮珊瑚里中正三路303號,24.6861461,120.912958
大化宮,三山國王,苗栗縣頭份鎮斗煥里7鄰大成街185號,24.6810611,120.9428405
國王宮,三山國王,苗栗縣頭份鎮流東里3鄰24號,24.6953315,120.9618181
通天宮,玄天上帝,苗栗縣頭份鎮蘆竹里7鄰78號,24.669631,120.8872137
裕賢宮,玄天上帝,苗栗縣頭份鎮土牛里6鄰66號,24.6874687,120.9202174
昊天宮,玉皇上帝,苗栗縣頭份鎮上興里水源路485巷18號,24.6665862,120.9193696
九天堂,九天玄女,苗栗縣頭份鎮土牛里8鄰正興路250號,24.6874687,120.9202174
鑒化堂,關聖帝君,苗栗縣頭份鎮下興里水源路26巷29號,24.676966,120.909801
宣化堂,關聖帝君,苗栗縣頭份鎮流東里13鄰31號,24.6953315,120.9618181
仁忠堂,三恩主,苗栗縣頭份鎮潘桃里6鄰105之2號,24.6920333,120.9001293
勸善堂,關聖帝君,苗栗縣頭份鎮尖下里13鄰192號,24.6495965,120.881473
頭份福德祠,福德正神,苗栗縣頭份鎮仁愛里中山路139號,24.6855341,120.9107381
田寮福德祠,福德正神,苗栗縣頭份鎮田寮里11鄰157號,24.6834695,120.8879313
寶平寺,釋迦牟尼佛,苗栗縣頭份鎮濫坑里4鄰藤坪42號,24.634445,120.880074
廣修佛院,釋迦牟尼佛,苗栗縣頭份鎮斗煥里中正二路35巷38號,24.6824491,120.941672
宏法社,阿彌陀佛,苗栗縣頭份鎮和平里東興路37巷17號,24.682336,120.9057247
三學精舍,釋迦牟尼佛,苗栗縣頭份鎮山下里6鄰山下61-1號,24.703017,120.914532
明光寺,阿彌陀佛,苗栗縣頭份鎮民生里2鄰新屋家74號,24.6775447,120.9022817
崇佛寺,釋迦牟尼佛,苗栗縣頭份鎮濫坑里7鄰藤坪165號,24.634445,120.880074
靈龍山宣元寺,西方三聖,苗栗縣頭份鎮流東里老崎34號,24.686176,120.952095
大同寺,觀世音菩薩,苗栗縣頭份鎮老崎流東里24號,24.686176,120.952095
日蓮正宗寶林山妙德寺,御本尊,苗栗縣頭份鎮廣興里11鄰224之5號,24.657661,120.8929541
佛恩寺,觀世音菩薩,苗栗縣頭份鎮流東里6鄰流東62之3號,24.6953315,120.9618181
天仁堂,明明上帝,苗栗縣頭份鎮田寮里3鄰東田街176號,24.6865293,120.8893762
觀音宮,明明上帝,苗栗縣頭份鎮興隆里16鄰興1街5號,24.700131,120.933726
湖蓮宮,觀音佛祖,苗栗縣頭份鎮流東里信德路139-2號,24.6887679,120.9602783
太極宮,伏羲八卦 祖師,苗栗縣頭份鎮成功里中興路81號,24.6949802,120.9080934
普航禪寺,千手千眼 觀世音,苗栗縣頭份鎮上興里水源路417巷39號,24.6698221,120.920114
東庄福德祠,土地公,苗栗縣頭份鎮東庄里八德一路,24.689652,120.89319
佛心宮,觀音佛祖,苗栗縣頭份鎮蘆竹里永貞路一段21巷85號,24.6710326,120.8797936
五榖廟,神農大帝,苗栗縣三灣鄉三灣鄉三灣村中山路46號,24.653136,120.956833
文衡宮,關聖帝君,苗栗縣三灣鄉三灣鄉內灣村6鄰1號,24.653136,120.956833
三元宮,三官大帝,苗栗縣三灣鄉三灣鄉永和村3鄰11號,24.653136,120.956833
南天宮,關聖帝君,苗栗縣三灣鄉三灣鄉銅鏡村7鄰77號,24.653136,120.956833
慈善堂,觀音佛祖,苗栗縣三灣鄉三灣鄉北埔村3鄰40號,24.653136,120.956833
蓮座宮,觀世音,苗栗縣三灣鄉三灣鄉大河村6鄰60之1號,24.653136,120.956833
慈天宮,觀音佛祖,苗栗縣三灣鄉三灣鄉大坪村33號,24.653136,120.956833
本慈寺,釋迦佛,苗栗縣三灣鄉三灣鄉頂寮村1鄰0號,24.653136,120.956833
信修精舍,釋迦牟尼佛,苗栗縣三灣鄉三灣鄉銅鏡村1鄰銅鑼圈15之3號,24.653136,120.956833
法華寺,釋迦牟尼佛,苗栗縣三灣鄉三灣鄉永和村2鄰9份寮46號,24.653136,120.956833
苗票縣五穀廟,,苗栗縣三灣鄉三灣鄉三灣村18鄰中正路313號,24.6552845,120.9569182
保安宮,開漳聖王宮,苗栗縣三灣鄉三灣鄉三灣村親民路2巷15-1 號,24.6533753,120.9564863
關帝廟,恩主公,苗栗縣三灣鄉三灣鄉銅鏡村2鄰小銅鑼17 之1號,24.653136,120.956833
五寶慈湖禪寺,釋迦牟尼佛,苗栗縣三灣鄉三灣鄉北埔村6鄰下林坪120號,24.653136,120.956833
聖隍宮,瑤池西王 金母大天尊,苗栗縣三灣鄉三灣鄉永和村3鄰石馬店13-1號,24.653136,120.956833
永昌宮,三官大帝,苗栗縣南庄鄉東村12鄰27號,24.5997321,120.999564
崇聖宮,關聖帝君,苗栗縣南庄鄉員林村5鄰33號,24.6313584,120.9618181
永承宮,三官大帝,苗栗縣南庄鄉南江村3鄰東江41之3號,24.5993718,121.011273
永和宮,三官大帝,苗栗縣南庄鄉田美村17鄰153號,24.6189083,121.0048384
文武宮,關聖帝君,苗栗縣南庄鄉南富村大南埔80號,24.6261409,120.9847642
七星宮,三官大帝,苗栗縣南庄鄉蓬萊村19鄰107之4號,24.5281672,120.9818962
三聖宮,關聖帝君,苗栗縣南庄鄉員林村0鄰下員林6號,24.6398571,120.955858
南庄慈惠堂,瑤池金母,苗栗縣南庄鄉南江村14鄰小東河2之1號,24.581348,120.992183
獅山勸化堂,三恩主,苗栗縣南庄鄉獅山村17鄰242號,24.6415191,121.0101641
白雲寺,觀世音菩薩,苗栗縣南庄鄉南富村4灣52號,24.634547,120.994017
法音寺,西方三聖,苗栗縣南庄鄉蓬萊村紅毛館136之1號,24.5281672,120.9818962
妙峰學舍,釋迦牟尼佛,苗栗縣南庄鄉篷來村19鄰147號,24.5281672,120.9818962
永聖宮,三官大帝,苗栗縣南庄鄉東河村4鄰81之2號,24.5618094,121.0449768
西蓮精舍,阿彌陀佛,苗栗縣南庄鄉田美村5鄰田美102-6號,24.6195029,121.0107849
盡善佛堂,南無觀世音 菩薩,苗栗縣南庄鄉南富村15鄰6號,24.6261409,120.9847642
承天妙法寺,釋迦牟尼佛,苗栗縣南庄鄉田美村5鄰田美102-1號,24.6209775,121.0097481
仙山靈洞宮,三恩主,苗栗縣獅潭鄉新店村小東勢24號,24.5421248,120.948613
五文宮,神農大帝,苗栗縣獅潭鄉和興村8鄰13號,24.5198306,120.9245216
宏化宮,關聖帝君,苗栗縣獅潭鄉百壽村7鄰9號,24.5760268,120.9589496
玉虛宮,關聖帝君,苗栗縣獅潭鄉豐林村0鄰24號,24.5036823,120.9015642
南衡宮,三恩主,苗栗縣獅潭鄉竹木村5鄰北庄28號,24.471413,120.886621
義民廟,義民爺,苗栗縣獅潭鄉新店村4鄰46號,24.5424713,120.921559
協雲宮,觀音菩薩,苗栗縣獅潭鄉新豐村8角坑34號,24.4816178,120.8929541
弘法禪院,釋迦牟尼佛,苗栗縣獅潭鄉竹木村北庄37號,24.467213,120.884829
山外山淨慈寺,濟公佛祖,苗栗縣獅潭鄉永興村7鄰下大窩17-1號,24.565563,120.941458
後龍慈雲宮,天上聖母,苗栗縣後龍鎮中龍里三民路120號,24.6145427,120.7868858
順天宮,七府千歲,苗栗縣後龍鎮南龍里0鄰144號,24.6146331,120.7824039
長安宮,真武大帝,苗栗縣後龍鎮中龍里三民路138號,24.614781,120.787855
正賢宮,福德正神,苗栗縣後龍鎮北龍里正賢路119之1號,24.6174204,120.7903303
和興宮,五府千歲,苗栗縣後龍鎮大庄里1鄰大庄22之1號,24.613473,120.797617
中興宮,五府千歲,苗栗縣後龍鎮溪洲里0鄰85號,24.615358,120.770769
慈靈宮,保生大帝,苗栗縣後龍鎮校椅里8鄰,24.613274,120.8297947
埔頂上帝宮,玄天上帝,苗栗縣後龍鎮埔頂里7鄰76號,24.6212065,120.8183077
紫雲宮,玄天上帝,苗栗縣後龍鎮新民里4鄰30號,24.6148595,120.8168718
慈安宮,天上聖母,苗栗縣後龍鎮新民里15鄰西社143之4號,24.61499,120.811125
福龍宮,五府千歲,苗栗縣後龍鎮復興里3鄰31號,24.6131266,120.8068196
金興宮,金府王爺,苗栗縣後龍鎮復興里12鄰128號,24.6131266,120.8068196
五德宮,諸府千歲,苗栗縣後龍鎮東明里頂浮尾55號,24.63203,120.813342
受天宮,真武大帝,苗栗縣後龍鎮大山里7鄰下大山路53-6號,24.6517865,120.8010752
福德宮,福德正神,苗栗縣後龍鎮大山里3鄰685號,24.6517865,120.8010752
北極宮,玄天上帝,苗栗縣後龍鎮灣寶里10鄰124號,24.6438527,120.8125638
龍雲宮,薛府王爺,苗栗縣後龍鎮灣寶里4鄰46之2號,24.6438527,120.8125638
五龍宮,五府千歲,苗栗縣後龍鎮灣寶里8鄰151之1號,24.6438527,120.8125638
吉興宮,諸府千歲,苗栗縣後龍鎮外埔里9鄰83之1號,24.653119,120.776368
合興宮,觀世音,苗栗縣後龍鎮海埔里161號,24.6514777,120.7750621
武德宮,玄天上帝,苗栗縣後龍鎮秀水里4鄰27之1號,24.6369212,120.772349
天文宮,包青天,苗栗縣後龍鎮水尾里2鄰9之5號,24.6271768,120.7622933
乾富宮,三府王爺,苗栗縣後龍鎮龍津里15鄰176號,24.6061835,120.766603
母慈宮,皇靈地祇,苗栗縣後龍鎮龍坑里15鄰168號,24.5916204,120.7838403
福寧宮,倪府王爺,苗栗縣後龍鎮福寧里8鄰烏眉97之1號,24.59674,120.758894
迴天宮,二郎神君,苗栗縣後龍鎮中和里7鄰67之4號,24.5933186,120.7407425
媽靈宮,大眾媽,苗栗縣後龍鎮南港里0鄰80號,24.5844919,120.7206251
太龍宮,朱府王爺,苗栗縣後龍鎮龍坑里6鄰48之1號,24.5916204,120.7838403
江西正天府,正一天師,苗栗縣後龍鎮龍坑里11鄰128之3號,24.5916204,120.7838403
五福宮,蕭府千歲,苗栗縣後龍鎮龍津里4鄰50之1號,24.6061835,120.766603
善光寺,釋迦牟尼佛,苗栗縣後龍鎮龍坑里0鄰90號,24.5916204,120.7838403
新蓮寺,釋迦牟尼佛,苗栗縣後龍鎮校椅里41號,24.613274,120.8297947
源豐寺,三寶佛 觀世音菩薩,苗栗縣後龍鎮豐富里11鄰新港路135號,24.6011118,120.8231926
真武宮,玄天上帝,苗栗縣後龍鎮海寶里11鄰125之1號,24.6626016,120.8240513
北龍田厝福德宮,福德正神,苗栗縣後龍鎮北龍里11鄰中華路50之5號,24.6166245,120.7962987
清海宮,天上聖母,苗栗縣後龍鎮南港里山邊114之1號,24.586786,120.715062
興山寺,釋迦牟尼佛,苗栗縣後龍鎮大山里5鄰大山腳73之2號,24.6369886,120.7840669
保安宮,六位尊王 洪公祖,苗栗縣後龍鎮海寶里5鄰56之2號,24.661741,120.8212165
昭靈宮,大眾媽,苗栗縣後龍鎮溪洲里15鄰,24.615358,120.770769
南天宮,朱李池 三千歲,苗栗縣後龍鎮海埔里14鄰642號,24.6463014,120.7780948
清天宮,天上聖母,苗栗縣後龍鎮南港里14鄰,24.5844919,120.7206251
慈聖宮,天上聖母,苗栗縣後龍鎮中和里19鄰181號,24.5933186,120.7407425
砂崙湖福德宮,福德正神,苗栗縣後龍鎮溪洲里7鄰4份18號,24.615358,120.770769
北帝宮,玄天上帝,苗栗縣後龍鎮北龍里4鄰107之6號,24.6171977,120.7917399
厝奉宮,中壇元帥,苗栗縣後龍鎮埔頂里厝勝路14鄰221之10號,24.618578,120.8087094
聖玄宮,玄天上帝,苗栗縣後龍鎮灣寶里11鄰76號,24.6438527,120.8125638
福德祠,福德正神,苗栗縣後龍鎮大庄里12鄰,24.6136641,120.792036
慈惠宮,天上聖母,苗栗縣通霄鎮通西里信義路119號,24.489152,120.680603
拱天宮,天上聖母,苗栗縣通霄鎮白東里2鄰8號,24.5713528,120.7093164
五雲宮,章大巡,苗栗縣通霄鎮白西里25之1號,24.5655259,120.7069721
福龍宮,鄭成功,苗栗縣通霄鎮福龍里0鄰101號,24.5318131,120.7292472
受天宮,媽祖,苗栗縣通霄鎮烏眉里95號,24.5078676,120.7407425
五龍宮,七府王爺,苗栗縣通霄鎮白東里8鄰57之2號,24.5621101,120.7127888
天德宮,蘇大王爺,苗栗縣通霄鎮白東里3鄰17號,24.5644183,120.7148767
雲天宮,天上聖母,苗栗縣通霄鎮新埔里4鄰25號,24.5456322,120.703379
真武宮,玄天上帝,苗栗縣通霄鎮內湖里14鄰135號,24.4962624,120.709128
慈雲寺,觀音大士,苗栗縣通霄鎮五南里0鄰92號,24.4638095,120.6631289
福智寺,三寶佛 華嚴三聖,苗栗縣通霄鎮通西里信義路193號,24.4887781,120.680405
紫雲寺,觀音菩薩,苗栗縣通霄鎮烏眉里122號,24.5078676,120.7407425
法華寺,觀音 佛祖,苗栗縣通霄鎮內島里2鄰24號,24.55508,120.7036891
慶雲寺,觀音菩薩,苗栗縣通霄鎮五北里2鄰18號,24.458667,120.6861306
福德祠,福德正神,苗栗縣通霄鎮通東里14鄰福德路11巷19之1號,24.487597,120.680758
淨願寺,釋迦牟尼佛,苗栗縣通霄鎮福興里3鄰29之3號,24.4268439,120.7435965
東龍宮,關聖帝君,苗栗縣通霄鎮白東里16鄰117號,24.5644183,120.7148767
拱朝雲天宮,玄天上帝,苗栗縣通霄鎮新埔里6鄰41之23號,24.5456322,120.703379
南海聖保宮,圓通自在 天尊,苗栗縣通霄鎮通南里18鄰109號,24.4826144,120.6746303
慈后宮,天上聖母,苗栗縣通霄鎮通灣里6鄰93之1號,24.5121009,120.6861306
母德宮,天上聖母,苗栗縣通霄鎮白東里21鄰白東138號,24.5644183,120.7148767
通天宮,關聖帝君,苗栗縣通霄鎮南勢里14鄰城南161號,24.485409,120.675124
慈和宮,天上聖母,苗栗縣苑裡鎮苑北里中山路305號,24.44741,120.6543266
鎮安宮,神農大帝,苗栗縣苑裡鎮泰田里3鄰34號,24.4002575,120.6904429
房裡順天宮,天上聖母,苗栗縣苑裡鎮房裡里1鄰26號,24.4351916,120.6466196
寶靈宮,五顯大帝,苗栗縣苑裡鎮海岸里11鄰92之1號,24.443978,120.644623
玉天宮,神農大帝,苗栗縣苑裡鎮南勢里8鄰104號,24.3881205,120.7148767
廖府先生廟,廖先生公,苗栗縣苑裡鎮福田里4鄰39號,24.4278891,120.6803806
慈光寺,釋迦牟尼佛,苗栗縣苑裡鎮中正里13鄰100號,24.4267703,120.6674421
淨光寺,釋迦牟尼佛,苗栗縣苑裡鎮福田里13鄰167之1號,24.4278891,120.6803806
金善堂,觀音菩薩,苗栗縣苑裡鎮蕉埔里1鄰1號,24.4135501,120.7206251
慈護宮,天上聖母,苗栗縣苑裡鎮山腳里14鄰378號,24.4146321,120.6918803
慈信堂,圓通自在天尊,苗栗縣苑裡鎮山腳里16鄰錦山17之3號,24.4211001,120.6921684
臺灣少林寺,圓通自在 天尊,苗栗縣苑裡鎮石鎮里石鎮1號,24.393654,120.712942
客庄福德祠,福德正神,苗栗縣苑裡鎮客庄里2鄰5號,24.434041,120.6588157
代天府,吳府千歲,苗栗縣苑裡鎮海岸里5鄰海岸36之5號,24.4475673,120.6401231
巧聖先師廟,魯班先師,苗栗縣苑裡鎮中正里15鄰中正126之3號,24.4337337,120.6620593
福德祀,福德正神,苗栗縣苑裡鎮中正里13鄰,24.4267703,120.6674421
頂 田心福德祠,福德正神,苗栗縣苑裡鎮田心里,24.4103625,120.6631289
田心福德祠,福德正神,苗栗縣苑裡鎮田心里8鄰73-9號,24.4103625,120.6631289
聖賢宮,玄天上帝,苗栗縣苑裡鎮苑坑里12鄰苑坑125 之1號,24.4372922,120.6861306
福德祀,福德正神,苗栗縣苑裡鎮社苓里,24.4011679,120.6803806
萬善祠,福德正神,苗栗縣苑裡鎮苑港里1鄰,24.4567048,120.6530644
三德寺,釋迦牟尼佛,苗栗縣苑裡鎮石鎮里石鎮5之2號,24.4028646,120.7206251
靈元天雲樓,觀世音菩薩,苗栗縣苑裡鎮南勢里1鄰南勢1之1號,24.3881205,120.7148767
無極玄聖宮,西王金母,苗栗縣苑裡鎮城南里4鄰51之1號,24.461715,120.723401
保福宮,福德正神,苗栗縣苑裡鎮房裡里6鄰,24.4381594,120.634371
玉清宮財團,關聖帝君,苗栗縣苗栗市玉清里16鄰坡塘下1號,24.565099,120.826194
城隍廟,城隍尊神,苗栗縣苗栗市玉苗里米市街5鄰314號,24.5557617,120.8178576
天后宮,天上聖母,苗栗縣苗栗市綠苗里8鄰中正路794號,24.5531973,120.8178203
天雲廟,玄天上帝,苗栗縣苗栗市高苗里天雲街20號,24.552373,120.816568
東嶽府,東嶽大帝,苗栗縣苗栗市福麗里忠貞路5號,24.5582102,120.817187
三山國王廟,三山國王,苗栗縣苗栗市高苗里13鄰中山路942號,24.55177,120.813779
苗栗義民廟,褒忠義士,苗栗縣苗栗市北苗里4鄰義民街1巷38號,24.5726909,120.8235782
聖帝廟,關聖帝君,苗栗縣苗栗市文山里6鄰117號,24.5851422,120.8125638
五文昌廟,關聖帝君,苗栗縣苗栗市嘉盛里3鄰155號,24.5702928,120.8369736
隆順宮,三府王爺,苗栗縣苗栗市文山里14鄰236號,24.5851422,120.8125638
安瀾宮,天上聖母,苗栗縣苗栗市福星里中華路487號,24.5820915,120.8250282
五福宮,關聖帝君,苗栗縣苗栗市新川里柑園11鄰33號,24.5803746,120.7982029
五穀宮,神農大帝,苗栗縣苗栗市嘉新里5谷路45之7號,24.5799564,120.8355378
西勢美福德廟,福德正神,苗栗縣苗栗市大同里光復路161號,24.555446,120.816392
維祥福德祠,福德正神,苗栗縣苗栗市中正路433巷3之1號,24.559941,120.8227009
福星山淨覺院,釋迦牟尼佛,苗栗縣苗栗市大同里福星山18號,24.5572038,120.8112345
苗栗慈導寺財團,阿彌陀佛,苗栗縣苗栗市青苗里中山路579號,24.5579298,120.8197405
和善堂,釋迦牟尼佛,苗栗縣苗栗市新苗里4鄰1號,24.5521899,120.8174102
善德寺,釋迦牟尼佛,苗栗縣苗栗市嘉盛里19鄰192號,24.5702928,120.8369736
觀音宮,觀世音菩薩,苗栗縣苗栗市新英里18鄰151之3號,24.5516608,120.7953305
祠廟文昌祠,文昌帝君,苗栗縣苗栗市綠苗里中正路756號,24.5539056,120.8182634
水頭福德祠,福德正神,苗栗縣苗栗市水源里8鄰龜山1號,24.54121,120.815924
建功里府前福德祠,福德正神,苗栗縣苗栗市建功里莊敬街巷20鄰6號,24.5598661,120.819369
西山福德正神祠,福德正神,苗栗縣苗栗市文山里6鄰117之1號,24.5851422,120.8125638
福安宮,圓通自在天尊,苗栗縣苗栗市高苗里中山路992之1號,24.551533,120.813736
佛光山大明寺,釋迦牟尼佛,苗栗縣苗栗市市維祥里經國路二段485號,24.5539834,120.8332776
心眼道場,觀世音菩薩 大日如來,苗栗縣苗栗市新川里龍岡8之6號,24.56703,120.805609
吉祥寺,釋迦牟尼佛,苗栗縣苗栗市維新里新庄街1巷7號,24.556111,120.821065
福陽宮,池府元帥,苗栗縣造橋鄉朝陽村9鄰海埔仔24之4號,24.659775,120.863027
保龍宮,保生大帝,苗栗縣造橋鄉龍昇村4鄰44之2號,24.6366391,120.8326663
龍湖宮,玄天上帝,苗栗縣造橋鄉龍昇村0鄰15號,24.6366391,120.8326663
靈天禪寺,釋迦佛,苗栗縣造橋鄉龍昇村0鄰新庄仔12號,24.6366391,120.8326663
清泉寺,西方三聖,苗栗縣造橋鄉談文村0鄰小鼓坑8號,24.655948,120.854347
妙豐寺,觀世音菩薩,苗栗縣造橋鄉錦水村4鄰64號,24.6096547,120.8929541
慈聖宮,天上聖母,苗栗縣造橋鄉大西村8鄰136號,24.6216238,120.8872137
龍山吾母宮,天上聖母,苗栗縣造橋鄉龍昇村5鄰3之1號,24.6415423,120.8291818
晏修精舍,釋迦牟尼佛,苗栗縣造橋鄉錦水村14鄰124號,24.6096547,120.8929541
無極聖皇宮,玉皇大帝,苗栗縣造橋鄉龍昇村12鄰山仔頂21號,24.6366391,120.8326663
文德宮,玉皇大帝,苗栗縣頭屋鄉頭屋村中山街50巷11號,24.5765598,120.8490303
玉衡宮,玉皇大帝,苗栗縣頭屋鄉象山村9鄰孔聖39號,24.5751597,120.8649383
紫明宮,五極大帝,苗栗縣頭屋鄉象山村孔聖2號,24.5721721,120.8699908
五聖宮,關聖帝君,苗栗縣頭屋鄉獅潭村8鄰95號,24.5920732,120.8527655
曲洞宮,關聖帝君,苗栗縣頭屋鄉曲洞村6鄰52號,24.5583839,120.8502768
明德宮,關聖帝君,苗栗縣頭屋鄉明德村11鄰144號,24.5783664,120.9015642
東善堂,關聖帝君,苗栗縣頭屋鄉明德村13鄰198號,24.5783664,120.9015642
永春宮,關聖帝君,苗栗縣頭屋鄉明德村仁隆24鄰37號,24.5783664,120.9015642
開臺聖王廟 （雲洞宮）,開臺聖王,苗栗縣頭屋鄉鳴鳳村6鄰3湖20號,24.550736,120.903638
濟世宮,關聖帝君,苗栗縣頭屋鄉鳴鳳村1鄰17號,24.5603456,120.8986943
石觀音寺財團,觀世音菩薩,苗栗縣頭屋鄉飛鳳村1鄰3號,24.5515515,120.8786026
慈願寺,釋迦牟尼佛,苗栗縣頭屋鄉頭屋村17鄰雙龍街18號,24.5723068,120.8509759
普光寺,釋迦牟尼佛,苗栗縣頭屋鄉明德村22鄰仁隆36之1號,24.5783664,120.9015642
明崇寺,釋迦牟尼佛,苗栗縣頭屋鄉明德村18鄰82之1號,24.5783664,120.9015642
法明寺,釋迦牟尼佛,苗栗縣頭屋鄉明德村4鄰明德路42號,24.5907656,120.8882086
觀自在蘭若,釋迦牟尼佛,苗栗縣頭屋鄉飛鳳村0鄰116之1號,24.5515515,120.8786026
大象山清水嚴,清水祖師,苗栗縣頭屋鄉象山村象山路6之1號,24.5801387,120.8671058
蓮池山 彌陀禪寺,三寶佛,苗栗縣頭屋鄉曲洞村7鄰71號,24.5547201,120.8527655
無極聖王宮,觀世音菩薩,苗栗縣頭屋鄉獅潭村4鄰27之5號,24.5920732,120.8527655
公館五榖宮,五榖大帝,苗栗縣公館鄉館中村宮前路68號,24.5019282,120.8263711
五鶴山五榖宮,五榖大帝,苗栗縣公館鄉玉榖村1鄰11號,24.5019211,120.8384093
福靈宮,觀世音菩薩,苗栗縣公館鄉福基村2鄰19號,24.4732111,120.8355378
城隍廟,城隍爺,苗栗縣公館鄉開礦村9鄰134號,24.4533208,120.8527655
關帝廟,關聖帝君,苗栗縣公館鄉石晪0鄰202之1號,24.4721753,120.819447
行修寺,觀世音菩薩,苗栗縣公館鄉大坑村6鄰157號,24.4906805,120.8527655
同善寺,觀音佛祖,苗栗縣公館鄉尖山村5鄰72號,24.5462767,120.8369736
玉清寺,觀音佛祖 三寶佛,苗栗縣公館鄉北河村5鄰57號,24.5302096,120.8786026
一貫道天泉宮,明明上帝,苗栗縣公館鄉仁安村9鄰117號,24.5212489,120.8355378
香嚴精舍,本師釋迦牟 尼佛,苗栗縣公館鄉館東村10鄰143-6號,24.4968662,120.8312305
公館聖安宮,關聖帝君,苗栗縣公館鄉福星村216-1號,24.478328,120.828857
釋迦牟尼佛寺,釋迦牟尼佛,苗栗縣公館鄉北河村5鄰北河58-2號,24.5302096,120.8786026
公館海山寺,地藏王菩薩,苗栗縣公館鄉福德村1鄰6號,24.4713543,120.8556366
大眾爺祀,排骨先師,苗栗縣公館鄉南河村4鄰42號,24.5114582,120.8671201
明清寺,釋迦牟尼佛,苗栗縣公館鄉福德村4鄰35-1號,24.477458,120.855443
萬聖宮,關聖帝君,苗栗縣大湖鄉大湖村2鄰中山路58號,24.4243773,120.8678263
聖衡宮,關聖帝君,苗栗縣大湖鄉栗林村9鄰11號,24.3778597,120.844152
義民廟,革命先烈羅福星褒忠義民爺,苗栗縣大湖鄉靜湖村竹頭圍21之1號,24.4271671,120.8702077
南昌宮,關聖帝君,苗栗縣大湖鄉南湖村南昌路47號,24.4000702,120.867251
天后宮,天上聖母,苗栗縣大湖鄉富興村1鄰水尾31號,24.445769,120.874621
護安廟,義民爺,苗栗縣大湖鄉南湖村南昌路護安巷卅3號,24.40132,120.8670993
石雲宮,玉皇上帝,苗栗縣大湖鄉義和村石屋11號,24.39824,120.863744
龍天宮,五谷大帝,苗栗縣大湖鄉南湖村0鄰南湖坑37號,24.402761,120.861766
大湖法雲禪寺,釋迦牟尼佛,苗栗縣大湖鄉富興村16鄰法雲寺11號,24.4515715,120.869832
法寶寺,釋迦牟尼佛,苗栗縣大湖鄉大寮村16鄰龜山1號,24.4146677,120.8585076
復興寺,釋迦牟尼佛,苗栗縣大湖鄉義和村15鄰40號,24.3920272,120.8642493
修性堂,觀世音菩薩,苗栗縣大湖鄉富興村芎蕉炕5號,24.4415195,120.881473
聖安宮,關聖帝君,苗栗縣大湖鄉大寮村15鄰大窩20之5號,24.4081676,120.8725483
大湖福德祠,福德正神,苗栗縣大湖鄉大湖村中正路福德巷0號,24.422715,120.8673336
土地公廟,福德正神,苗栗縣大湖鄉新開村4鄰新開24之6號,24.348422,120.827083
如來山清心寺,觀世音菩薩,苗栗縣大湖鄉大南村大南勢515 號,24.410585,120.902965
佛陀山大金佛寺,釋迦牟尼佛,苗栗縣大湖鄉村號栗林村11鄰日石 下2號,24.3977778,120.8486111
班若淨寺,阿彌陀佛,苗栗縣泰安鄉錦水村5鄰園墩16-1號,24.4680642,120.9485481
武聖廟,關聖帝君,苗栗縣銅鑼鄉銅鑼村永樂路17號,24.487448,120.787961
銅鑼天后宮,天上聖母,苗栗縣銅鑼鄉福興村復興路48號,24.4921926,120.7885842
五榖宮,神農大帝,苗栗縣銅鑼鄉中平村11鄰145號,24.4956882,120.8068196
宏善堂,關聖帝君,苗栗縣銅鑼鄉朝陽村4鄰朝北47號,24.516708,120.790064
廣德宮,神農大帝,苗栗縣銅鑼鄉竹森村4鄰22號,24.4927591,120.772349
三聖宮,神農大帝,苗栗縣銅鑼鄉興隆村7鄰88號,24.464048,120.811038
樹泉寺,三恩主,苗栗縣銅鑼鄉竹森村11鄰83號,24.4927591,120.772349
天佑宮,神農大帝,苗栗縣銅鑼鄉盛隆村8鄰83號,24.4338222,120.8326663
九湖武聖廟,關聖帝君,苗栗縣銅鑼鄉九湖村2鄰15號,24.4770625,120.7765537
勤善寺,關聖帝君,苗栗縣銅鑼鄉興隆村3鄰34號,24.4603405,120.8096918
天寶寺,觀音大士,苗栗縣銅鑼鄉九湖村8鄰61號,24.4738563,120.7668773
觀音宮,圓通自在天尊,苗栗縣銅鑼鄉福興村中山路106號,24.49394,120.788381
七十份天神宮,三官大帝,苗栗縣銅鑼鄉中平村70份51號,24.496362,120.847229
明新堂,關聖帝君,苗栗縣銅鑼鄉銅鑼村22鄰東田洋35號,24.477547,120.789142
至倫宮,關聖帝君,苗栗縣銅鑼鄉樟樹村6鄰75號,24.4467228,120.7752219
五福廟,五嶽大帝,苗栗縣銅鑼鄉福興村中山路4之2號,24.492013,120.790115
一乘寺,釋迦牟尼佛,苗栗縣銅鑼鄉新隆村12鄰新隆136之1號,24.4150489,120.8211796
雙峰山平和 慈惠堂,無極瑤池 金母大天尊,苗栗縣銅鑼鄉樟樹村雙峰山1號,24.4467228,120.7752219
大坪金母宮,無極瑤池 金母大天尊,苗栗縣銅鑼鄉樟樹村雙2鄰30-2號,24.4467228,120.7752219
五榖宮,神農大帝,苗栗縣三義鄉廣盛村2鄰廣盛23號,24.4086003,120.766603
天后宮,天上聖母,苗栗縣三義鄉雙潭村2鄰39之2號,24.406614,120.793374
關聖宮,關聖帝君,苗栗縣三義鄉雙潭村6鄰86之24號,24.3988475,120.7982029
慈善宮,園通自在天尊,苗栗縣三義鄉龍騰村3鄰新庄7之1號,24.3637163,120.7793573
南天堂,三官大帝,苗栗縣三義鄉雙湖村8鄰86號,24.4253612,120.7752219
明善宮,觀音大士,苗栗縣三義鄉雙湖村18鄰大坑5號,24.424599,120.771535
聖靈宮,玄天上帝,苗栗縣三義鄉西湖村9鄰8櫃1-1號,24.374575,120.762204
三合寺,釋迦牟尼佛,苗栗縣三義鄉鯉魚潭村16鄰14號,24.3450457,120.7522367
玉倫宮,玉皇大帝,苗栗縣三義鄉廣盛村廣聲新城8巷1號,24.403566,120.761238
三寶寺,觀世音菩薩,苗栗縣三義鄉雙潭村6鄰雙連潭92 之1號,24.40868,120.783465
萬善祠,百姓公,苗栗縣三義鄉雙湖村內草湖84號,24.417206,120.776818
玄壽宮,玄天上帝,苗栗縣三義鄉鯉魚潭村13鄰,24.3450457,120.7522367
九華山大興善寺,釋迦牟尼佛,苗栗縣三義鄉西湖村7鄰上湖25之 8 號,24.3700252,120.749352
德龍宮,關聖帝君,苗栗縣西湖鄉五湖村14鄰198號,24.5235061,120.7780948
顯化宮,豁落靈官,苗栗縣西湖鄉五湖村7鄰112號,24.5235061,120.7780948
飛龍宮,玄天上帝,苗栗縣西湖鄉三湖村3鄰店仔街38號,24.5581691,120.757398
聖靈宮,關聖帝君,苗栗縣西湖鄉五湖村茅仔埔17鄰241號,24.5235061,120.7780948
五龍宮,天上聖母,苗栗縣西湖鄉三湖村1鄰店仔街4號,24.5583746,120.7567283
天福宮,關聖帝君,苗栗縣西湖鄉金獅村2鄰9號,24.5568357,120.772349
宣王宮,三恩主,苗栗縣西湖鄉四湖村學堂下0號,24.532103,120.743729
忠元宮,道德天尊,苗栗縣西湖鄉高埔村3鄰20號,24.5047302,120.766603
法龍寺,觀音佛祖,苗栗縣西湖鄉高埔村水甲埔5鄰5號,24.50138,120.773423
法龍宮,張天師,苗栗縣西湖鄉五湖村3鄰9份23之 1號,24.5235061,120.7780948
凈雲寺,釋迦牟尼佛,苗栗縣西湖鄉五湖村17鄰茅仔埔 242號,24.53264,120.757062
峨崙廟,三山國王,苗栗縣卓蘭鎮中街里中正路81巷0號,24.3116831,120.826295
朝南宮,三恩主公,苗栗縣卓蘭鎮景山里5鄰79號,24.3542858,120.9015642
昭忠廟,湘軍劉少斌將軍,苗栗縣卓蘭鎮老庄里1鄰老庄2-6號,24.3122739,120.8290443
妙雲精舍,釋迦牟尼佛,苗栗縣卓蘭鎮西坪里9鄰西坪109之10號,24.3334537,120.7866676
雙鳳宮,地母娘娘,苗栗縣卓蘭鎮坪林里17鄰雙連106號,24.339092,120.849014
北天三玄宮,西王金母,苗栗縣卓蘭鎮西坪里10鄰西坪122之1號,24.330936,120.833752
