朝天宮,天上聖母,高雄市新化區山腳里2鄰頂山腳25號,23.0108714,120.6660044
武安宮,武安尊王,高雄市新化區武安里1鄰中正路273號,23.0108714,120.6660044
上帝廟,玄天上帝,高雄市新化區東榮里13鄰民生路43號,23.0108714,120.6660044
天壇護安宮,護國尊王,高雄市新化區東榮里30鄰護安街42號,23.0108714,120.6660044
佛崇寺,觀世音菩薩,高雄市新化區護國里2鄰仁愛街43號,23.0108714,120.6660044
朝天宮,天上聖母,高雄市新化區太平里3鄰中正路534號,23.0108714,120.6660044
太子宮,太子爺,高雄市新化區太平里13鄰中正路611號,23.0108714,120.6660044
觀音亭,觀音佛祖,高雄市新化區觀音里2鄰中山路292號,23.0108714,120.6660044
清水寺,清水祖師,高雄市新化區竹林里3鄰中山路414號,23.0108714,120.6660044
保生大帝廟,保生大帝,高雄市新化區豐榮里6鄰洋子127號,23.0108714,120.6660044
知義天后宮,天上聖母,高雄市新化區知義里1鄰知母義171號,23.0108714,120.6660044
佛顓寺,釋迦牟尼佛,高雄市新化區知義里6鄰新和庄12號,23.0108714,120.6660044
善隱寺,觀音佛祖,高雄市新化區大坑里11鄰大坑尾19號,23.0108714,120.6660044
帘猼L清水宮,清水祖師,高雄市新化區帘犐9鄰帘猼L328號,23.0108714,120.6660044
接天寺,釋迦牟尼佛,高雄市新化區羊林里6鄰帘猼L500號,23.0108714,120.6660044
唪口順天宮,三子王爺,高雄市新化區唪口里10鄰142之26號,23.0108714,120.6660044
靜林禪寺,釋迦牟尼佛,高雄市新化區礁坑里8鄰36崙67號,23.0108714,120.6660044
天輔佛堂,隬勒佛,高雄市新化區護國里7鄰中山路19巷43號,22.6204786,120.3615619
北勢田府宮,田都元帥,高雄市新化區北勢里2鄰北勢27之15號,23.0108714,120.6660044
藥師精舍,藥師佛,高雄市新化區礁坑里1鄰36崙117號,23.0108714,120.6660044
崇華堂天乾道院,明明上帝,高雄市新化區知義里11鄰中興路53號,23.0108714,120.6660044
心佛堂,觀世音菩薩,高雄市新化區礁坑里13鄰礁坑子29號,23.0108714,120.6660044
靖安宮,陳靖姑,高雄市新化區帘犐10鄰牧場1之13號,23.0108714,120.6660044
漢龍宮,吳府千歲,高雄市新化區大坑里3鄰大坑尾102之1號,23.0087641,120.369835
白龍庵龍慶宮,五瘟大帝,高雄市新化區護國里6鄰中山路102之22號,23.0108714,120.6660044
慈天宮,觀音佛祖,高雄市新化區礁坑里10鄰蔡厝仔8號,23.0108714,120.6660044
新化道院,觀音菩薩,高雄市新化區大坑里10鄰大坑尾238號,23.0108714,120.6660044
聖母宮,天上聖母,高雄市新化區大坑里5鄰大坑尾65號,23.0108714,120.6660044
進天宮,三官大帝,高雄市新化區豐榮里7鄰洋子152號,23.0108714,120.6660044
靈山慈惠堂,梨山老母,高雄市新化區東榮里1鄰中興路108之1號,23.0108714,120.6660044
應天府,南海佛祖,高雄市新化區羊林里4鄰帘猼L515號,23.0108714,120.6660044
無形宮,三官大帝,高雄市新化區護國里6鄰民生路168巷89號,23.0108714,120.6660044
般若禪寺,釋迦牟尼佛,高雄市新化區大坑里10鄰大坑尾220號,23.0108714,120.6660044
禪林寺,觀世音菩薩,高雄市新化區知義里13鄰口碑67-66號,23.0108714,120.6660044
三仙宮,仙姑娘,高雄市新化區太平里建國街55-2號,23.0108714,120.6660044
三元宮,三元帥,高雄市新化區太平里民生路314巷80號,23.0108714,120.6660044
九玄宮,九天玄女,高雄市新化區唪口里34號,23.0108714,120.6660044
普賢院,普賢菩薩,高雄市新化區北勢里6鄰北勢68號,23.0108714,120.6660044
福德祠,福德正神,高雄市新化區崙頂里6鄰崙子頂261-10號,23.0108714,120.6660044
同義宮,彌勒祖師,高雄市新化區知義里12鄰口埤7號,23.0108714,120.6660044
清華宮,地母至尊,高雄市新化區知義里12鄰口埤9-1號,22.9924297,120.3851937
慈善亭,天靈高上帝,高雄市新化區知義里12鄰口碑84-1號,23.0108714,120.6660044
瑤池王母宮,王母娘娘,高雄市新化區知義里13鄰口埤66號,23.0108714,120.6660044
西湖靈隱寺,濟公活佛,高雄市新化區山腳里11鄰5甲勢61號,23.0108714,120.6660044
慈天宮,觀音佛祖,高雄市新化區新化鄉帘犐輞帘猼L233號,23.0108714,120.6660044
五佛寺,關聖帝君,高雄市新化區礁坑里卅6崙116-1號,23.0108714,120.6660044
合興宮,池府千歲,高雄市新化區礁坑里7鄰卅6崙85號,23.0108714,120.6660044
武聖宮,天上聖母,高雄市新化區礁坑里13鄰礁坑子25號,23.0108714,120.6660044
文化院,清水祖師,高雄市新興區民生二路44號,22.62718,120.300239
大港埔祖師廟,清水祖師,高雄市新興區中山橫路68號,22.631431,120.299317
鼓壽宮,天上聖母,高雄市新興區文橫一路90號,22.6258006,120.3027776
高南北極殿,玄天上帝,高雄市新興區林森一路123巷30號,22.628637,120.303555
宸威殿,真武大帝,高雄市新興區南華路127號,22.633262,120.303227
文衡殿,文衡聖帝,高雄市新興區南台路30號,22.630025,120.300821
明聖殿,文衡聖帝,高雄市新興區南台路123號,22.633859,120.299191
龍興宮,哪吒三太子,高雄市新興區忠孝一路200巷31號,22.628359,120.306852
宏法寺,釋迦牟尼佛,高雄市新興區仁愛1街302號,22.6355888,120.3077174
覺元寺,釋迦牟尼佛,高雄市新興區仁愛1街11號,22.6280975,120.307025
玄光寺,釋迦牟尼佛,高雄市新興區忠孝一路171號,22.628519,120.305732
聖願寺,釋迦牟尼佛,高雄市新興區忠孝一路18號,22.622394,120.30733
仁和宮,廣澤尊王,高雄市新興區自立橫路26號,22.629703,120.300078
壽山宮,天上聖母,高雄市新興區林森一路161巷46號,22.630094,120.303495
萬興宮,清水祖師,高雄市前金區成功一路325號,22.623354,120.293973
高雄佛蓮社,阿彌陀佛,高雄市前金區成功一路406號,22.624366,120.293843
明興宮,五福大帝,高雄市前金區武強街84號,22.632253,120.290383
扶風殿,萬府王爺,高雄市前金區瑞源路167號,22.634435,120.296151
修身社養性堂,雷府千歲,高雄市前金區七賢二路168號,22.633473,120.296207
文聖殿,關聖帝君,高雄市前金區成功一路272號,22.61985,120.295697
東隆宮,溫府千歲,高雄市前金區文武1街136號,22.619458,120.298906
福德祠,福德正神,高雄市前金區八德二路116號,22.635424,120.296766
高雄佛堂,釋迦牟尼佛,高雄市苓雅區成功一路253號,22.619402,120.295512
五塊厝關帝殿,關聖帝君,高雄市苓雅區三多一路151巷3號,22.622674,120.332514
高雄關帝廟,關聖帝君,高雄市苓雅區武廟路52號,22.6302722,120.3315583
北極金殿,玄天上帝,高雄市苓雅區林森二路50號,22.617472,120.307794
棲霞精舍,釋迦牟尼佛,高雄市苓雅區輔仁路102巷43號,22.630418,120.334192
修齊殿,葉府千歲,高雄市苓雅區惠安街65號,22.625927,120.312412
安瀾宮,天上聖母,高雄市苓雅區永泰路81號,22.615233,120.294923
鼓山亭,保生大帝,高雄市苓雅區苓雅二路132號,22.616789,120.297459
萬應公廟,聖公聖媽,高雄市苓雅區永平路35號,22.6143524,120.2930224
北極殿,玄天上帝,高雄市苓雅區興中二路18號,22.615274,120.302918
代天府廟,李府千歲,高雄市苓雅區光華一路257號,22.625278,120.314875
高雄意誠堂,關聖帝君,高雄市苓雅區三多四路66號,22.6129044,120.3013931
高東天后宮,天上聖母,高雄市苓雅區河北路155號,22.627528,120.325643
臨水宮,順天聖母,高雄市苓雅區光華二路334號,22.615565,120.318452
太子宮,金吒太子,高雄市苓雅區凱旋二路111號,22.628627,120.321996
建龍宮,五府千歲,高雄市苓雅區永泰路91號,22.615541,120.295058
復興寺,釋迦牟尼佛,高雄市苓雅區福德三路151巷16號,22.622686,120.326571
德興殿,神農大帝,高雄市苓雅區光華一路148之6號,22.622035,120.316518
高雄港口慈濟宮,天上聖母,高雄市苓雅區建軍路166之3號,22.631008,120.34275
南聖宮,天上聖母,高雄市苓雅區建國一路328巷62號,22.634119,120.325292
天寶宮,池府千歲,高雄市苓雅區光華一路100巷27號,22.620855,120.317652
文武聖殿,文衡聖帝,高雄市鹽埕區富野路170號,22.6295123,120.2815299
三山國王廟,三山國王,高雄市鹽埕區鹽埕街54號,22.625993,120.284031
沙多宮,伍府千歲,高雄市鹽埕區富野路49號,22.6277313,120.2846492
壽山宮,池府千歲,高雄市鹽埕區富野路136號,22.628986,120.282617
溫王廟,溫府千歲,高雄市鹽埕區興華街12巷8號,22.6302458,120.2856976
威靈宮,保生大帝,高雄市鹽埕區大仁路220號,22.627593,120.281047
保安宮,康府千歲,高雄市鹽埕區大公路117號,22.6289003,120.2808036
三聖殿,金、范、李三府千歲,高雄市鹽埕區河西路197號,22.633029,120.284751
霞海城隍廟,霞海城隍公祖,高雄市鹽埕區富野路81號,22.628201,120.283679
吉貝武聖殿,文衡聖帝,高雄市鹽埕區建國四路23號,22.622001,120.278248
聖帝殿,關聖帝君,高雄市鹽埕區公園二路32號,22.619296,120.287789
沙地威靈宮,保生大帝,高雄市鹽埕區必忠街64號,22.620693,120.287166
高案北極殿,玄天上帝,高雄市鹽埕區大智路31號,22.620138,120.28458
東嶽靈殿,秦府大帝,高雄市鹽埕區大義街116號,22.622357,120.286962
朝后宮,天上聖母,高雄市鹽埕區北斗街6號,22.631625,120.28483
高崇山福亨寺,釋迦牟尼佛,高雄市鼓山區裕興路11號,22.668423,120.290844
龍泉寺,觀世音菩薩,高雄市鼓山區鼓山三路51巷59號,22.6561063,120.2732246
鼓山彌陀院,阿彌陀佛,高雄市鼓山區翠華路353巷52號,22.660497,120.281158
城隍廟,文武城隍公,高雄市鼓山區鼓山二路223之3號,22.640713,120.278782
赤龍宮,清水祖師,高雄市鼓山區內惟路379巷6號,22.662479,120.280169
珠靈殿,朱府千歲,高雄市鼓山區鼓山二路168巷14弄1號,22.630019,120.280496
文龍宮,范府千歲,高雄市鼓山區濱海一路57巷2弄2號,22.619251,120.271066
開臺福德宮,福德正神,高雄市鼓山區安海街32巷35號,22.619009,120.267725
地嶽殿,東嶽仁聖大帝,高雄市鼓山區河川街103巷20號,22.636177,120.282748
慈濟宮,保生大帝,高雄市鼓山區樹興街63號,22.6408,120.28027
高馬北極殿,真武大帝,高雄市鼓山區鼓山二路25巷26弄9號,22.631046,120.280454
內惟神福祠,池府千歲,高雄市鼓山區九如四路1450號,22.659109,120.279669
聖公媽廟,聖公媽,高雄市鼓山區鼓山二路80之18號,22.633527,120.283017
代天宮,五府千歲,高雄市鼓山區鼓波街27號,22.622449,120.27137
打鼓岩元亨寺,釋迦牟尼佛,高雄市鼓山區元亨街5 7號,22.6396516,120.2791248
玉虛穹北極殿,北極玄天上帝,高雄市鼓山區鼓山三路108之20號,22.661666,120.277761
三保宮,蘇府大王爺 天上聖母,高雄市鼓山區河邊街53巷13號,22.6366671,120.283815
玄靈殿,文衡聖帝,高雄市鼓山區鼓山二路178巷1號,22.637942,120.28149
內惟青雲宮,保生大帝,高雄市鼓山區建榮路157巷24號,22.659229,120.277164
高南東嶽殿,東嶽大帝,高雄市鼓山區鼓山一路161巷7弄8號,22.629829,120.279995
慈仁宮,保生大帝,高雄市鼓山區河西一路3號,22.634819,120.284396
德安宮,天上聖母,高雄市鼓山區中華一路2133巷45之1號,22.6537241,120.29886
黃正公祠,福德正神 黃正公,高雄市鼓山區迪化街90號,22.652551,120.276356
龍子天公廟,玉皇上帝,高雄市鼓山區中華一路2133巷47號,22.666719,120.291288
千光宮,李府千歲,高雄市鼓山區青泉街92號,22.651031,120.273365
大義宮,文衡聖帝,高雄市鼓山區鼓山二路69巷22之1號,22.630962,120.281514
龍泉宮,天上聖母,高雄市鼓山區青泉街106號,22.653377,120.274046
高雄天軍殿,趙府元帥,高雄市鼓山區綠川街26巷22號,22.635822,120.282467
啟安堂,關聖帝君,高雄市鼓山區日昌路96之1號,22.660792,120.278895
千光寺,釋迦牟尼佛,高雄市鼓山區千光路80號,22.624751,120.273395
山海宮,朱府千歲,高雄市鼓山區桃源里柴山93號,22.6433287,120.2599266
法興禪寺,釋迦牟尼佛,高雄市鼓山區興國路12號,22.627641,120.276794
清雲宮,觀音佛祖.,高雄市鼓山區臨海一路34號,22.6225862,120.2745928
天后宮,天上聖母,高雄市旗津區廟前路93號,22.61353,120.2685508
明心社修善堂,關聖帝君,高雄市旗津區永安里吉祥巷68號,22.6123,120.267201
清音宮,西秦王爺,高雄市旗津區中洲巷38號,22.574403,120.298747
天鳳宮,甘露神,高雄市旗津區旗下里旗下巷14號,22.613694,120.265241
勸善社志德堂,關聖帝君 觀世音菩薩,高雄市旗津區中洲巷52號,22.574468,120.298389
保安金山寺,觀音佛祖,高雄市旗津區中洲二路117號,22.575108,120.29701
紫竹寺,觀音佛祖,高雄市旗津區中洲二路142號,22.585282,120.289462
萬應公祖,萬應公祖,高雄市旗津區安住巷62號,22.610931,120.267929
文武聖廟,孔子 關羽,高雄市旗津區廟前路85號,22.6130929,120.2684928
鳳天宮,五府千歲,高雄市旗津區敦和街2巷68弄13號,22.572212,120.298226
中洲廣濟宮,觀音佛祖 天上聖母,高雄市旗津區旗津二路255號,22.5765065,120.2949976
鳳山寺,廣澤尊王,高雄市旗津區旗津二路257號,22.5766975,120.2956448
福壽宮,劉府千歲,高雄市旗津區旗津三路954巷11之1號,22.607666,120.27067
天聖宮,天上聖母,高雄市旗津區旗津三路52號,22.596903,120.2788825
上竹天鳳宮,吳府千歲 五府千歲,高雄市旗津區上竹巷143號,22.5840693,120.2909624
中洲靈聖宮,天上聖母 池王爺,高雄市旗津區中洲一路937之1號,22.572839,120.299768
三聖公,彩鳳公,高雄市旗津區旗津二路257-6號,22.5766975,120.2956448
八德公,黃極公,高雄市旗津區旗津二路257之5號,22.5766975,120.2956448
花?山天音寺,齊天大聖,高雄市旗津區北汕巷40-1號,22.587765,120.28959
神農壇,神農大帝,高雄市旗津區南汕里南汕巷38號,22.586205,120.290004
廣濟宮,保生大帝,高雄市前鎮區中山二路217號,22.611133,120.304992
率性佛堂,觀世音菩薩,高雄市前鎮區草衙中街36號,22.578309,120.320983
草衙朝陽寺,觀世音菩薩,高雄市前鎮區草衙中街34號,22.577739,120.321634
憲德宮,五府千歲,高雄市前鎮區籬仔內路76號,22.6045812,120.3218981
前鎮鎮南宮,文衡聖帝,高雄市前鎮區鎮北里2鄰鎮旺街1號,22.5900108,120.3060647
永弘寺,釋迦牟尼佛,高雄市前鎮區凱旋四路138號,22.592624,120.30879
三龍宮,三坪祖師,高雄市前鎮區福民街45巷17號,22.571273,120.330726
明性佛堂,觀世音菩薩,高雄市前鎮區佛南街128號,22.570169,120.324009
大乘寺,釋迦牟尼佛,高雄市前鎮區明道6街27號,22.582213,120.325366
明心社警善堂,文衡聖帝,高雄市前鎮區前鎮2巷10之1號,22.589613,120.317258
崗山仔保安宮,天上聖母,高雄市前鎮區瑞義街14號,22.6061978,120.3316946
天臺聖宮,明明上帝,高雄市前鎮區景德路2號,22.611979,120.314543
佛公天后宮,天上聖母,高雄市前鎮區天后街34號,22.571971,120.322274
鎮顯宮,周府千歲,高雄市前鎮區鎮川1巷99之7號,22.591071,120.311246
明善天道院,關聖帝君,高雄市前鎮區嘉陵街3號,22.611304,120.314286
聖天宮,天上聖母,高雄市前鎮區忠誠路214之1號,22.598319,120.325267
信徹禪寺,釋迦牟尼佛,高雄市前鎮區保泰路177號,22.600817,120.330525
高茄金鑾宮,天上聖母,高雄市前鎮區隆興街11巷22號,22.603377,120.326107
明正堂,文海小城隍爺,高雄市前鎮區興旺路416號,22.5860801,120.3110568
南海清宮,閰羅天子,高雄市前鎮區興旺路418號,22.5860801,120.3110568
三天宮,中壇元帥,高雄市前鎮區興旺路420號,22.5860801,120.3110568
三十六天罡壇,朱府千歲,高雄市前鎮區同安路50號,22.584576,120.319041
旨恩宮,吳府千歲,高雄市前鎮區武慶一路58號,22.604725,120.332832
妙崇寺,釋迦牟尼佛,高雄市前鎮區衙愛街82號,22.583836,120.31928
天安宮,天上聖母,高雄市前鎮區衙國1街140號,22.5843466,120.3236892
慈明宮,天上聖母,高雄市前鎮區廣西路416號,22.615038,120.310481
永安宮,遊巡七王,高雄市前鎮區翠亨北路83號,22.584915,120.324343
龍安宮,五府千歲,高雄市前鎮區鎮東1街359之1號,22.587924,120.31555
慈正宮,觀音佛祖,高雄市前鎮區興旺路331巷12號,22.5848674,120.3115149
保吉宮,天上聖母,高雄市前鎮區鎮中路240巷26號,22.585416,120.317493
南天府五府殿,五府千歲,高雄市前鎮區廣西路428號,22.614894,120.309877
妙音寺,西方三聖,高雄市前鎮區鎮原街23巷3號之1,22.588668,120.313711
前鎮南聖宮,天上聖母,高雄市前鎮區鎮州路225號,22.5895654,120.3097253
真理宮,崗山佛祖,高雄市前鎮區國光路51巷5號,22.572006,120.325704
龍鳳宮,碧霞元君,高雄市前鎮區德昌路80巷46號,22.582205,120.3194
無極天元聖道院,順天聖母,高雄市前鎮區佛西街63號,22.570713,120.321435
西甲凌霄寶殿,玉皇上帝,高雄市前鎮區修文街53號,22.609206,120.306972
五顯宮,五顯靈官大帝,高雄市前鎮區德昌路159巷10號,22.583259,120.316712
崗山仔慈安宮,天上聖母,高雄市前鎮區瑞福路103之1號,22.606911,120.335626
灣子內朝天宮,天上聖母,高雄市三民區鼎山街650號,22.649902,120.316511
開王殿,觀世音菩薩,高雄市三民區同盟三路370巷18號,22.6425931,120.283433
高雄道德院,太上道祖 三清道祖,高雄市三民區鼎金1巷27號,22.661155,120.323038
覆鼎金保安宮,中壇元帥,高雄市三民區鼎金1巷36號,22.661155,120.32304
三教靈玄聖堂,關聖帝君,高雄市三民區鼎金1巷24號,22.661155,120.32304
菩提禪寺,釋迦牟尼佛,高雄市三民區大興街50號,22.654277,120.330098
龍池宮,天上聖母,高雄市三民區昌裕街51巷1號,22.65591,120.331533
明聖宮,五福大帝,高雄市三民區綏遠2街155號,22.648942,120.297156
隆峰寺,釋迦佛祖,高雄市三民區民族一路333之2號,22.6534412,120.3145439
法音禪寺,釋迦牟尼佛,高雄市三民區灣興街33號,22.6508692,120.3137617
大港保安宮,保生大帝,高雄市三民區○全一路52號,22.6483444,120.3262535
褒忠義民廟,義民爺,高雄市三民區褒忠街114號,22.642217,120.334042
高紅北極殿,上帝公,高雄市三民區松江街411號,22.6511368,120.3043826
三塊厝興德團 (三鳳宮),中壇元帥,高雄市三民區河北二路134號,22.6358433,120.2941637
大港保安宮 (本宮),保生大帝,高雄市三民區中山一路325巷16號,22.637397,120.301494
保安寺,觀世音菩薩,高雄市三民區同盟二路15號,22.651582,120.302773
玉皇宮,玉皇大帝,高雄市三民區河北二路218號,22.634187,120.289455
三寶宮,三寶佛祖,高雄市三民區建興路277號6樓,22.644994,120.323998
義永寺,釋迦佛祖,高雄市三民區建興3巷1號,22.642141,120.328001
東安宮,李府元帥,高雄市三民區市中一路392號,22.635753,120.287505
千光精舍,觀世音菩薩,高雄市三民區汾陽路47號,22.6502177,120.3383818
田都府,田都元帥,高雄市三民區鼎山街72號,22.6618952,120.3219317
南天宮,關聖帝君,高雄市三民區綏遠2街40號,22.648678,120.307375
辰鳳宮,池府千歲,高雄市三民區鼎泰街2巷23號,22.6612154,120.317978
高雄聖何宮,關聖帝君,高雄市三民區金山路146號,22.6618828,120.3213987
聖安代天府,柒府千歲,高雄市三民區建武路102號,22.6420589,120.3291291
南巡殿,十二瘟王千歲,高雄市三民區河北一路320號,22.636731,120.303953
大港福德祠,福德正神,高雄市三民區民族一路180巷12之1號,22.646194,120.315641
保仁宮,保生大帝,高雄市三民區鼎力路156之1號,22.6661592,120.32193
聖武宮,關聖帝君,高雄市三民區天祥二路23巷5號,22.667992,120.316182
萬姓公媽廟,萬姓公 萬姓媽,高雄市三民區三民街184之1號,22.635679,120.291757
東寮宮,五福大帝,高雄市三民區鼎中路821之25號,22.675789,120.322186
高南保安宮,保生大帝,高雄市三民區大連街358號,22.651018,120.305812
中都萬聖公媽廟,萬姓公 萬姓媽,高雄市三民區中都街75巷67號,22.639906,120.285225
三民慈天宮,天上聖母,高雄市三民區建興路123巷37號,22.641558,120.327551
壽山天后宮,天上聖母,高雄市三民區建興橫巷4之1號,22.6444286,120.3216432
先天宮,李府千歲,高雄市三民區民族一路180巷98之1號,22.645462,120.316529
慈雲寺,釋迦牟尼佛,高雄市楠梓區楠梓新路309號,22.729822,120.326738
福德祠,福德正神,高雄市楠梓區後勁西路122號,22.7192256,120.3136473
聖雲宮,保生大帝,高雄市楠梓區聖雲街129號,22.71671,120.313673
鳳屏宮,神農大帝,高雄市楠梓區後勁東路22號,22.7155605,120.3145524
亙古堂,關聖帝君,高雄市楠梓區土庫北路16之1號,22.748626,120.32969
後勁明修堂,關聖帝君,高雄市楠梓區後勁東路132巷15號,22.717071,120.316546
惠民里代天府,吳府千歲,高雄市楠梓區高楠公路1746號,22.727912,120.321873
中埔代天府,池府千歲,高雄市楠梓區建楠橫路2號,22.726343,120.328549
楠梓天后宮,天上聖母,高雄市楠梓區楠梓路1號,22.728229,120.329479
楠梓代天府,朱府王爺,高雄市楠梓區楠梓西巷45之1號,22.730206,120.328014
元帥廟,元帥爺,高雄市楠梓區右昌1巷1號,22.719593,120.27692
三山國王廟,三山國王,高雄市楠梓區盛昌街143巷9號,22.710423,120.283182
右昌一甲福德廟,南天福德正神,高雄市楠梓區藍昌路136巷7號,22.716648,120.290467
仁壽宮,天上聖母,高雄市楠梓區德正路55號,22.7268,120.2975
右昌三甲福德祠,福德正神.,高雄市楠梓區廣昌街143號,22.708165,120.28623
援中港代天府,五府千歲,高雄市楠梓區德中路81巷45號,22.7216894,120.2789401
楠梓東門公廟,東門公祖,高雄市楠梓區興楠路300號,22.729907,120.332431
援中港清水巖,清水祖師,高雄市楠梓區德中路42號,22.723159,120.278016
善能精舍,釋迦牟尼佛,高雄市楠梓區廣昌街29巷22號,22.705829,120.286084
復古寺,釋迦牟尼佛,高雄市楠梓區藍昌路136巷6號,22.716632,120.290539
後勁南海堂,觀音菩薩,高雄市楠梓區高峰街30巷17號,22.718689,120.316191
清福寺,清水祖師,高雄市楠梓區土庫8街277巷8號,22.734794,120.338824
有應公廟,有應公,高雄市楠梓區學專路372號,22.714588,120.315505
天文宮二王府,二王公,高雄市楠梓區右昌街187巷192號,22.712946,120.286954
宇宙無極天地保神宮,無極小王爺,高雄市楠梓區學專路741之1號,22.720782,120.3176821
光照念佛會,釋迦牟尼佛,高雄市楠梓區宏毅二路北6巷56之1號,22.71664,120.305077
援中港旨龍宮,李府千歲,高雄市楠梓區德中路162巷82之1號,22.722801,120.27614
楠梓聖德宮,李府元帥,高雄市楠梓區楠梓舊街15之1號,22.727711,120.330865
援中港聖母宮,天上聖母,高雄市楠梓區德中路46巷8號之1,22.721657,120.280184
福德祠,福德爺,高雄市小港區小港路142巷2弄5號,22.5659352,120.341068
萬德禪寺,釋迦牟尼佛,高雄市小港區漢威街141號,22.57037,120.332812
龍湖廟,大士爺,高雄市小港區平正街55號,22.565957,120.33528
至善堂,玄天上帝,高雄市小港區福利路82號,22.5656584,120.3350348
白光山寺,南海觀世音古佛,高雄市小港區達德街95號,22.568409,120.3357486
九龍山天和壇,釋迦牟尼佛,高雄市小港區港平路80號,22.56492,120.335849
鳳儀宮,溫府千歲,高雄市小港區漢民路188巷32號,22.564105,120.351983
至陽宮,太陽星君,高雄市小港區民益路73巷2號,22.567219,120.347393
太祖宮,太祖,高雄市小港區民益路64巷24弄1之2號,22.567707,120.3486
鳳福宮,方府千歲,高雄市小港區鳳福路2號,22.562634,120.367208
真君宮,保生大帝,高雄市小港區孔宅里孔宅街78號,22.579507,120.373972
神農殿,神農大帝,高雄市小港區永和路41號,22.563864,120.390307
朝鳳寺,觀音佛祖,高雄市小港區朝鳳街28號,22.5129093,120.358119
鳳鳴宮,天上聖母,高雄市小港區丹山三路83號,22.5118445,120.3589174
龍鳳宮,天上聖母,高雄市小港區岐山一路30之7號,22.516457,120.354746
鳳林宮,溫府千歲,高雄市小港區鳳林路160號,22.527507,120.344469
玄穹北極殿,玄天上帝,高雄市小港區鳳興路21號,22.524025,120.346815
鳳林觀音寺,釋迦牟尼佛,高雄市小港區鳳北路329號,22.5278993,120.3407285
飛鳳寺,廣澤尊王,高雄市小港區海汕一路97號,22.533347,120.334814
修善堂,觀音佛祖,高雄市小港區海汕一路230之5號,22.536296,120.332108
飛鳳宮,張府尊王,高雄市小港區海汕一路285號,22.5373432,120.3301147
朝天宮,天上聖母,高雄市小港區海汕五路132號,22.548769,120.3199979
濟天宮,尊王,高雄市小港區海汕四路50號,22.541882,120.323963
朝鳳寺,觀音佛祖,高雄市小港區海汕四路203號,22.5452866,120.3227979
福德祠,福德正神,高雄市小港區海汕四路209號,22.54525,120.323035
龍鳳殿,神農大帝,高雄市小港區朝德街131號,22.5123173,120.3584287
九華山本願寺,釋迦牟尼佛,高雄市小港區松文街6號,22.573463,120.372581
高雄中寮天后宮,天上聖母,高雄市小港區平正街80號,22.566704,120.33472
九龍寺,觀世音菩薩,高雄市小港區高坪忠路9號,22.5553185,120.3608455
鳳騰宮,觀音佛祖,高雄市小港區大平路1號,22.564159,120.388205
寶靈宮,何府千歲,高雄市小港區丹山一路37之1號,22.510699,120.361774
武鳳宮,關聖帝君,高雄市小港區鳳鳴里丹山三路7號,22.512482,120.359482
慈德宮,明明上帝,高雄市小港區孔鳳路293巷80之3號,22.579863,120.362253
大坪頂代天府,吳府千歲,高雄市小港區坪頂里新厝路18之1號,22.565005,120.391019
天后宮,天上聖母,高雄市小港區新昌街11之8號,22.583059,120.362302
天台山紫竹寺世月宮,觀世音菩薩,高雄市小港區高松路2之30號,22.573182,120.370666
忠孝堂,武德尊侯,高雄市小港區大房路25號,22.565184,120.388073
明興宮,中壇元帥,高雄市小港區永順街212號,22.569029,120.350969
南天宮,天上聖母,高雄市小港區桂陽路175巷6弄44之1號,22.580118,120.3553454
慈龍寺,董公真仙,高雄市小港區中安路233之10號,22.583283,120.339842
元慶寺,釋迦牟尼佛,高雄市左營區左營大路587號,22.69171,120.297245
左營豐穀宮,神農大帝 天上聖母,高雄市左營區左營大路495號,22.690713,120.296013
左營元帝廟,北極玄天上帝,高雄市左營區左營下路87號,22.6862587,120.2940249
青雲宮,保生大帝,高雄市左營區新中街130號,22.66821,120.308378
慈濟宮,保生大帝,高雄市左營區蓮潭路9號,22.680886,120.291245
興隆淨寺,釋迦牟尼佛,高雄市左營區新下街7巷4號,22.665604,120.31234
啟明堂,文衡聖帝,高雄市左營區蓮潭路36號,22.6823403,120.2921457
法隆寺,釋迦牟尼佛,高雄市左營區埤子頭街36號,22.6820063,120.2906589
埤子頭鎮福廟,福德正神,高雄市左營區埤西里左營大路6巷81號3樓,22.680367,120.289655
護安宮,觀世音菩薩,高雄市左營區蓮潭路116巷6弄2號,22.685671,120.29524
新吉莊北極殿,北極玄天上帝,高雄市左營區新上街86號,22.668016,120.310768
清水宮,清水祖師,高雄市左營區洲仔巷25號,22.684524,120.299763
靈霄寶殿,玉皇上帝 地母娘娘,高雄市左營區進學里12鄰左營大路549巷1號,22.691232,120.29691
三山宮,仙樹爺公 三山國王,高雄市左營區左營下路240號,22.6901918,120.2980355
保善宮,觀世音佛祖,高雄市左營區左營大路401巷31號,22.6885,120.29314
菜公豐谷宮,神農大帝,高雄市左營區菜公一路91號,22.6773306,120.3157028
福德祠,福德正神,高雄市左營區新庄仔路548號,22.669717,120.30498
天府宮,中壇元帥,高雄市左營區蓮潭路158號,22.686992,120.296343
慈德宮,天上聖母 南天福德正神,高雄市左營區店仔頂街9號,22.684531,120.291005
舊城城隍廟,城隍尊神,高雄市左營區店仔頂路1號,22.6821959,120.2904742
部後北極殿,北極玄天上帝,高雄市左營區海平路2號,22.689072,120.29204
太陽宮,太陽星君,高雄市左營區新庄仔路546巷38號,22.668936,120.305059
星顯宮,太陽星君 芋葉祖師,高雄市左營區新庄仔路280 282號,22.6703109,120.3036202
高雄山上天后宮,天上聖母,高雄市左營區重清路278巷51號,22.671625,120.31176
新庄仔天公廟,關聖帝君,高雄市左營區新下街115號,22.667284,120.30881
順天宮,池府千歲,高雄市左營區蓮潭路97巷16號,22.685175,120.294423
千佛山般若寺,釋迦牟尼佛,高雄市左營區文府路532號,22.6911272,120.3180047
左營慶隆宮,溫府千歲,高雄市左營區左營大路301巷16號,22.687046,120.291479
天真聖門安賢道院,玉皇大天尊,高雄市左營區文敬路28號,22.677728,120.311254
萬姓公媽祠,萬姓公 萬姓媽,高雄市左營區翠華路1686之1號,22.6805653,120.2993153
葫蘆尾福德廟,福德正神,高雄市左營區文奇路170巷12之1號,22.672332,120.309027
左營慈母慈惠堂,瑤池金母,高雄市左營區菜公路102巷29之51號,22.690246,120.301707
福清宮,清水祖師,高雄市仁武區仁武村文化巷76號,22.7029599,120.3520459
通法寺,釋迦牟尼佛,高雄市仁武區仁武村鳳仁路216號,22.6966789,120.3478282
元帥府,謝府元師,高雄市仁武區文武村新元街100號,22.6940184,120.3536845
后太宮,中壇元帥,高雄市仁武區後安村後庄巷98號,22.7116184,120.3426723
保安宮,太子爺,高雄市仁武區竹後村竹門巷50號,22.7071436,120.3370148
上帝宮,玄天上帝,高雄市仁武區八封村信義巷1號,22.701312,120.347655
武聖廟,文衡聖帝,高雄市仁武區大灣村仁雄路134號,22.6765599,120.340386
慈惠堂,王母娘娘,高雄市仁武區赤山村赤南巷66號,22.678683,120.3489629
清水宮,清水祖師,高雄市仁武區赤山村赤南巷5號,22.6781313,120.3487843
代天府,王爺公,高雄市仁武區灣內村仁心路15號,22.687855,120.3661706
天后宮,天上聖母,高雄市仁武區考潭村成功路40號,22.6817157,120.3625638
仁心寺,觀世音菩薩,高雄市仁武區考潭村仁心路250號,22.6884867,120.3667794
北極殿,玄天上帝,高雄市仁武區烏林村林森巷45號,22.6984389,120.3756484
養修堂,觀音菩薩,高雄市仁武區烏林村仁林路262號,22.7001671,120.3838628
靈山清淨寺,觀音菩薩,高雄市仁武區烏林村仁林路286號,22.7001671,120.3838628
天波府 七顯寶寺,楊府太師,高雄市仁武區竹後村竹門巷105號,22.7071436,120.3370148
大慈寺,阿彌陀佛,高雄市仁武區澄新街98號,22.67142,120.3567345
北極宮,北極 玄天上帝,高雄市仁武區文武村8鄰文化巷14號,22.7031911,120.3528186
天后宮,天上聖母,高雄市仁武區後安村安樂2街35之9號,22.709646,120.344854
南海堂,蓮花菩薩,高雄市仁武區中華村華北街16號,22.7089844,120.3278386
善德宮,清水祖師,高雄市仁武區五和村和平巷25號,22.6937892,120.3304309
霞海城隍廟,霞海城隍,高雄市仁武區高楠村高楠5街2號,22.6919592,120.3232796
月女堂,月姑娘娘,高雄市仁武區灣內村灣內4巷1號,22.6802916,120.3482378
西安堂,出軍公元師,高雄市仁武區烏林村仁林路155號,22.6975016,120.3773476
樊山寺,觀世音菩薩,高雄市仁武區仁福村橫山2巷13之5號,22.7149303,120.3835866
古嚴寺,釋迦牟尼佛,高雄市仁武區仁福村公館1巷34號,22.712922,120.389281
法光寺,西方三聖,高雄市仁武區仁福村公館2巷20號,22.7161283,120.3890742
龍華修齊堂,濟公佛祖,高雄市仁武區仁福村橫山巷,22.7648197,120.3749407
仁心城隍廟,福德爺,高雄市仁武區考潭村仁心路240號,22.6880915,120.3663994
福德殿,福德正神,高雄市仁武區仁福村,22.7188813,120.3867834
土地元帥宮,土地元帥,高雄市仁武區烏林村仁林路226號,22.7001671,120.3838628
慈福宮,觀世音菩薩,高雄市仁武區高楠村高楠公路14號,22.7110479,120.3252078
天和禪院,釋迦牟尼佛,高雄市仁武區烏林村林森巷110號,22.6984389,120.3756484
天元殿,玉皇大帝,高雄市仁武區高楠村後港巷145號之2,22.6808355,120.3246057
菩提院,釋迦牟尼佛,高雄市仁武區考潭村仁心路199巷51之1號,22.6914783,120.3623367
五龍代天府,五府千歲,高雄市仁武區烏林村12鄰南昌巷235之7號,22.6940766,120.380334
綠宗禪寺,釋迦牟尼佛,高雄市仁武區福村公館3巷1之1號,22.701312,120.347655
觀水宮,觀音大士,高雄市仁武區仁福村仁安路3巷0號,22.7188813,120.3867834
高白玉聖殿,張毓大帝,高雄市仁武區八卦村大同1街118號,24.1164794,120.6132046
玉清宮,三清道祖,高雄市仁武區仁慈村城澄新11街3號,22.684944,120.369492
?無極天聖宮,李府千歲,高雄市仁武區仁福村公館2巷100號,22.7161283,120.3890742
觀音堂,觀世音,高雄市仁武區拷潭村鳳仁路4之68號,22.701312,120.347655
五龍山靈聖堂,濟公活佛,高雄市仁武區烏林村林山巷11號,22.7018106,120.379608
無極金鳳宮,金母娘娘,高雄市仁武區仁福村公館3巷50號之1,22.7161283,120.3890742
嘉和宮,謝府元師,高雄市大社區嘉誠村嘉新巷6號,22.7454769,120.3848708
玉皇宮,玉皇太子,高雄市大社區保社村萬金巷62號,22.7499008,120.3425662
清福寺,清水祖師,高雄市大社區保社村民權路911巷13號,22.7377083,120.3608455
保元宮,保生大帝,高雄市大社區大社村大社路87號,22.7341421,120.3530711
碧雲宮,三奶夫人,高雄市大社區三奶村三民路315號,22.7288679,120.3475234
明毅堂,關聖帝君,高雄市大社區觀音村三民路162巷12號,22.7243727,120.3494006
青雲宮,神農大帝,高雄市大社區神農村中華路127號,22.727415,120.353025
大覺寺,觀音佛祖,高雄市大社區神農村翠屏路110號,22.730483,120.3509633
朝宸宮,西王金母,高雄市大社區中里村田中巷3之2號,22.7178926,120.3594043
光德堂,觀音菩薩,高雄市大社區中里村田中巷4號,22.7178926,120.3594043
萬覺寺,觀世音菩薩,高雄市大社區中里村鹽埕巷3號,22.7156547,120.3584752
承天宮,溫府千歲,高雄市大社區中里村三民路62巷25號,22.722561,120.352771
觀音極樂寺,西方三聖,高雄市大社區大社路94巷10號,22.732721,120.3447179
開天龍鳳宮,伏羲大帝,高雄市大社區中里鹽埕巷26號,22.7156547,120.3584752
嘉隆宮,福德正神,高雄市大社區中里村鹽埕巷10之2號,22.7156547,120.3584752
義民公廟,義民爺,高雄市大社區翠屏村翠屏村中山路366之1號,22.7312285,120.3526331
鳳儀宮,九天玄女,高雄市大社區神農村翠屏路108巷1號,22.7269076,120.3706539
三仙宮,三仙國王,高雄市大社區嘉誠村捅寮巷9之3號,22.7548977,120.3864757
普安宮,華嚴三聖,高雄市大社區嘉誠村蜈潭巷7之1號,22.7446524,120.3765896
明德道院,明明上帝,高雄市大社區神農村和平路二段121巷15號,22.7227351,120.3599327
德理聖堂,彌勒佛,高雄市大社區神農村中華路148巷81號,22.7275086,120.3526359
三清宮,元始天尊,高雄市大社區保安村文康街15巷67號,22.7352134,120.3469853
理化無極觀妙園,長生大帝,高雄市大社區神農村翠屏路112巷5號,22.7310219,120.3717697
宏藏禪寺,地藏王菩薩,高雄市大社區中里村鹽埕巷30之4號,22.7156547,120.3584752
無極聖凰禪寺,千手觀音,高雄市大社區保社村13鄰旗南路99之23號,22.7412751,120.3356387
九天仙祖廟,九天玄女,高雄市大社區翠屏路253號,22.730345,120.370504
雷音寶寺,西方三聖,高雄市大社區嘉誠村水哮巷10之10號,22.7508747,120.4050629
龍山寺,觀音大士,高雄市大社區翠屏路108巷10號,22.7269076,120.3706539
清水寺,清水祖師,高雄市岡山區為隨里為隨路135號,22.8169765,120.2907155
後協代天府,池府千歲,高雄市岡山區後協里介壽西路106號,22.784417,120.281485
昌安宮,池府千歲,高雄市岡山區台上里台上路37號,22.8051693,120.2982761
竹圍代天府,五府千歲,高雄市岡山區竹圍里竹圍中街70之1號,22.8013513,120.3024006
廣德宮,尪元帥,高雄市岡山區竹圍里新庄路1號之1,22.806515,120.305504
岡山慈惠堂,瑤池 金母娘娘,高雄市岡山區維仁里維新路143巷7號,22.79268,120.291923
代天府,五府千歲,高雄市岡山區大遼里大遼路13號,22.77474,120.314392
佛光寺,三寶佛,高雄市岡山區大遼里大遼路117之12號,22.7770539,120.3140575
尪公寺,尪元帥,高雄市岡山區程香里華園二路11號,22.789663,120.308276
雷王府,雷府千歲,高雄市岡山區後紅里大仁南路76號,22.7901335,120.3023508
碧紅宮,池府千歲,高雄市岡山區碧紅里大仁北路354之2號,22.7954711,120.302504
真?古廟,文衡聖帝,高雄市岡山區華崗里?子路9之1號,22.822127,120.3291365
清水宮,清水祖師,高雄市岡山區?子南街20號,22.8248071,120.3209193
聖明宮,天上聖母,高雄市岡山區華崗里9鄰大埔2街172號,22.8242441,120.322615
北興宮,玄天上帝,高雄市岡山區本洲里9鄰本洲1街194巷11號,22.811516,120.261373
碧雲宮,清水祖師,高雄市岡山區灣裡里2號,22.8102999,120.2830007
代天府,萬府千歲,高雄市岡山區石潭里0鄰石潭路79號,22.771787,120.268204
瑞華堂,觀世音菩薩,高雄市岡山區石潭里8鄰石潭路117巷17號,22.76843,120.2678089
福興宮,三山國王,高雄市岡山區福興里8鄰頂潭路13巷71號,22.7755001,120.267976
岡山佛教堂,西方三聖,高雄市岡山區信義里健鷹南路52號,22.7863192,120.2907173
惠峰宮,天上聖母,高雄市岡山區嘉峰里7鄰宮中街2號,22.829739,120.313237
慈雲北極殿,北極 玄天上帝,高雄市岡山區嘉峰里田厝路15號,22.837271,120.317975
崑山宮,三山國王,高雄市岡山區潭底里潭底路1鄰崑山西巷2號,22.825904,120.309631
警悟禪寺,釋迦牟尼佛,高雄市岡山區維仁里1鄰壽天路88號,22.795115,120.291082
龍峰宮,玄天上帝,高雄市岡山區前峰里大公路6號,22.795773,120.285924
岡山念佛堂,西方三聖,高雄市岡山區仁壽里3鄰中華路116號,22.794346,120.288171
慈雲紫微宮,關聖帝君,高雄市岡山區育英路99號,22.7940001,120.2811133
福全堂,觀世音菩薩,高雄市岡山區碧紅里8鄰永樂街3巷21號,22.7930471,120.301115
佛三萬化府 仁壽宮,中壇元帥,高雄市岡山區仁壽里13鄰正言街76巷1號,22.791888,120.28577
聖帝堂,關聖帝君,高雄市岡山區岡燕路595巷50號,22.7925,120.297762
法山寺,釋迦牟尼佛,高雄市岡山區本洲里2鄰本洲5街102號,22.8095361,120.260065
聖善堂,關聖帝君,高雄市岡山區台上里成功路88巷5號,22.804204,120.296288
岡山壽天宮,天上聖母,高雄市岡山區壽天里公園路40號,22.7981298,120.2911157
協和宮,池府千歲,高雄市岡山區協和里協和街64號,22.7958189,120.2818456
關帝宮,關聖帝君,高雄市岡山區大莊里大莊路295之1號,22.8038193,120.3190989
寶公宮,天上聖母,高雄市岡山區劉厝里7鄰劉厝路58號,22.7811506,120.2878715
聖母宮,天上聖母,高雄市岡山區嘉興里喜興路80之1號,22.821583,120.3060706
超峰佛祖廟,三佛祖,高雄市岡山區?子段三和里山隙路,22.8,120.2833333
崑華寺,天上聖母,高雄市岡山區三和里山隙路96巷36號,22.828586,120.339209
發成金壇,城隍爺公祖,高雄市岡山區峰子段地號159之7號,22.8,120.2833333
鹽埔代天府,池府千歲,高雄市岡山區白米段91之2號,22.8,120.2833333
聖母宮,天上聖母,高雄市岡山區大遼路3之1號,22.7742181,120.314391
清水寺,清水祖師,高雄市岡山區白米里29之1號,22.777063,120.281702
清水祠,祖師公,高雄市岡山區台上里47巷6號,22.8052576,120.2994442
忠聖堂,施聖王,高雄市岡山區石潭里寶米路462巷1之1號,22.772535,120.274985
北極武旗殿,玄天上帝,高雄市岡山區大莊里大莊路67巷75之1號,22.8075845,120.3254599
保興宮,保生大帝,高雄市岡山區頂潭路107巷,22.778067,120.2688255
靜覺寺,釋迦牟尼佛,高雄市岡山區大遼理大遼路8之22號,22.7749351,120.314365
?清宮,中壇元帥,高雄市岡山區前鋒里前鋒路147號,22.8,120.2833333
嘉興福德祠,福德正神,高雄市岡山區嘉興里信中街61巷 1號,22.820623,120.304671
嘉峰代天府,吳府千歲,高雄市岡山區嘉峰里嘉峰路223巷8之1號,22.83164,120.314146
振靈宮,五福大帝,高雄市岡山區新樂街61巷10號,22.8026063,120.2943515
中華道場,皇帝,高雄市岡山區三和里中崙寮路70巷19之1號,22.8342537,120.3369495
寶元講堂,西方三聖,高雄市岡山區大莊李大莊路2巷90號,22.807767,120.318462
路竹佛教堂,釋迦牟尼佛,高雄市路竹區中山路1241巷11號,22.8532019,120.2617838
蔡文聲靈宮,福德正神,高雄市路竹區文北村文化路274號,22.8587707,120.2538671
蔡文福靈宮,福德正神,高雄市路竹區文北村文化路274號,22.8587707,120.2538671
五公通善堂,五公菩薩,高雄市路竹區文北村延平路388巷2號,22.8572796,120.2462966
文南五公堂,五公佛祖,高雄市路竹區文南村中華路234號,22.8561722,120.25524
蔡文妙覺寺,釋迦佛,高雄市路竹區文南村明心路1號,22.8538949,120.2541575
竹滬華山殿,寧靖王,高雄市路竹區竹滬村華山路7號,22.8647451,120.2295195
竹滬太子宮,太子爺,高雄市路竹區竹滬村華山路7號,22.8647451,120.2295195
後鄉福德祠,福德正神,高雄市路竹區後鄉村順安路,22.8349377,120.2412972
竹滬北極殿,北極上帝,高雄市路竹區竹滬村華山路135號,22.8584737,120.229164
頂寮三公宮,觀音佛祖,高雄市路竹區頂寮村3公路73號,22.8589376,120.2238916
新達清雲宮,普庵祖師,高雄市路竹區新達村平海路86巷27號,22.8479753,120.2265123
下甲北極殿,北極上帝,高雄市路竹區新達村下甲路13之1號,22.8472736,120.2286001
後鄉順安宮,朱王爺,高雄市路竹區後鄉村順安路60之1號,22.8428034,120.2439879
養性堂,觀音菩薩,高雄市路竹區後鄉村新興路122巷15號,22.8425478,120.2373891
北嶺福德祠,福德正神,高雄市路竹區北嶺村民治路79號,22.8240783,120.2708349
三爺武安宮,池府千歲,高雄市路竹區三爺村民族路137號,22.8341583,120.2792114
鴨寮保安宮,保生大帝,高雄市路竹區鴨寮村保安路88號,22.8498032,120.2679717
大社東安宮,王爺公,高雄市路竹區社東村東安路36巷1號,22.8518637,120.2894148
大社福德祠,福德正神,高雄市路竹區社西村信義路58號,22.8695688,120.2686758
北嶺古安宮,玄天上帝,高雄市路竹區北嶺村民有路121號,22.821303,120.2732101
一甲觀音亭,觀世音佛祖,高雄市路竹區甲南村大智路39號,22.8736996,120.2703686
道隆寺,釋迦佛,高雄市路竹區甲南村1甲路70號,22.8654224,120.2642283
一甲代天府,千歲爺,高雄市路竹區甲南村大仁路367號,22.870956,120.2704341
一甲福德宮,福德正神,高雄市路竹區甲北村平和路105之1號,22.8727562,120.2726106
一甲萬壽公廟,萬聖王,高雄市路竹區甲北村永華路69號,22.8824419,120.2713825
下坑福善宮,李府千歲,高雄市路竹區下坑村太平路276號,22.8670277,120.2888914
下坑元帥祠,元帥,高雄市路竹區下坑村太平路150號,22.8672625,120.2879917
下坑福德祠,福德正神,高雄市路竹區下坑村太平路262巷50號,22.8669652,120.2880634
下坑五興宮,伍元帥,高雄市路竹區下坑村新生路1巷15號,22.8702006,120.2896917
路竹天后宮,媽祖,高雄市路竹區竹東村中山路1015號,22.8586979,120.2602788
千軍府,千軍萬里師,高雄市路竹區甲北村永華路33之7號,22.88085,120.2706815
大社聖帝殿,文衡聖帝,高雄市路竹區社東村大社路565巷13號,22.8669729,120.2686131
路竹天后宮,天上聖母,高雄市路竹區竹西村聖母街60之號,22.8650494,120.2543183
萬應公祠,萬應公爺,高雄市路竹區文南村延平路,22.8570673,120.2513332
北極殿,北極 玄天上帝,高雄市路竹區甲北村大智路,22.8765013,120.2703651
路竹東嶽宮,仁聖大帝,高雄市路竹區竹西村文化路10巷1號,22.8588797,120.2586706
下坑天龍宮,五府千歲,高雄市路竹區下坑村太平路262巷116號,22.8647929,120.2885909
代天宮,三千歲,高雄市路竹區北嶺村民主路505之1號,22.8239548,120.2610542
大明慈碧宮,天上聖母,高雄市路竹區文北村延平路432之1號,22.8570854,120.2509248
海皇宮,海皇天子,高雄市路竹區竹園村新生路45號,22.8707953,120.2908123
淨安寺,釋迦牟尼佛,高雄市路竹區社東村東安路36巷1155號,22.8518637,120.2894148
天濟宮,道濟仙師,高雄市路竹區三爺村民權路58號,22.834701,120.2809899
伍福宮,伍佛祖,高雄市路竹區頂寮村海安路165之1號,22.8527953,120.2252263
嶽府殿,東嶽大帝,高雄市路竹區三爺村4鄰民族路180之1號,22.8340704,120.2792068
龍發堂,上帝公,高雄市路竹區甲南村環球456號,22.8800384,120.2704189
慧賢宮,濟公,高雄市路竹區甲南村環球路65號,22.8787327,120.2922559
清和宮,元帥爺,高雄市阿蓮區中正路596號,22.8807846,120.3298076
光德寺,釋迦牟尼佛,高雄市阿蓮區港後村港後76號,22.872542,120.31426
薦善堂,文衡聖帝,高雄市阿蓮區阿蓮村民族路206巷26號,22.8828163,120.3312353
興濟宮,玄天上帝,高雄市阿蓮區青旗村青旗194號,22.8926521,120.3190457
萬福宮,玄天上帝,高雄市阿蓮區中路村中路3號,22.896483,120.293749
崙頂武當山,玄天上帝,高雄市阿蓮區港後村崙頂28號,22.880814,120.312143
港後村北極殿,玄天上帝,高雄市阿蓮區港後村港後50號,22.872542,120.31426
中甲北極殿,北極 玄天上帝,高雄市阿蓮區港後村港後151號,22.872542,120.31426
(土庫)北極殿,玄天上帝,高雄市阿蓮區復安村復安64號,22.846757,120.324182
崑崙宮,三山國王,高雄市阿蓮區玉庫村玉庫59號,22.844339,120.305837
龍湖庵,釋迦牟尼佛,高雄市阿蓮區復安村復安215號,22.846757,120.324182
福全堂,觀世音菩薩,高雄市阿蓮區復安村復安216號,22.846757,120.324182
靜修寺,觀世音菩薩,高雄市阿蓮區復安村復安217號,22.846757,120.324182
超峰寺,觀世音菩薩,高雄市阿蓮區崗山村崗山5號,22.8638432,120.3349024
蓮峰寺,釋迦牟尼佛,高雄市阿蓮區崗山村崗山9號,22.8638432,120.3349024
新超峰寺,釋迦牟尼佛,高雄市阿蓮區崗山村崗山915號,22.8638432,120.3349024
福德祠,福德正神,高雄市阿蓮區石安村49號,22.8890985,120.3103958
崗后宮,天上聖母,高雄市阿蓮區崗山村崗山57號,22.8638432,120.3349024
上南天福德祠,福德正神,高雄市阿蓮區阿蓮村民族路303之1號,22.8858504,120.3318311
南安宮,南極大帝,高雄市阿蓮區復安村復安127號,22.846757,120.324182
代天府,朱王爺,高雄市阿蓮區崗山村崗山89號,22.8638432,120.3349024
胤科祠堂,觀音菩薩,高雄市阿蓮區和蓮村中正路701巷17號,22.8806856,120.3259076
高府元帥廟,高府元帥,高雄市阿蓮區南蓮村中正路141巷41弄12號,22.8798577,120.3400275
慈聖宮,瑤池金母,高雄市阿蓮區阿蓮村中正路424號,22.8807295,120.3330552
宗聖堂,廣澤尊王,高雄市阿蓮區和蓮村中正路701巷63號,22.8801056,120.3259531
龍嚴精舍,觀世音菩薩,高雄市阿蓮區崗山村5之6號,22.8638432,120.3349024
華山聖堂,明明上帝,高雄市阿蓮區復安村復安215之2號,22.846757,120.324182
痟罊諈,三寶佛,高雄市阿蓮區復安村復安211之19號,22.846757,120.324182
觀音精舍,觀世音菩薩,高雄市阿蓮區復安村復安211之33號,22.846757,120.324182
善峰寺,觀音佛祖,高雄市阿蓮區峰山村峰北路69號,22.878086,120.352895
三奶宮,三奶夫人,高雄市阿蓮區石安村140之12號,22.8890985,120.3103958
保生宮,保生大帝,高雄市阿蓮區石安村石安225號,22.8927004,120.3076769
彌陀精舍,釋迦牟尼佛,高雄市阿蓮區復安路211之20號,22.8508944,120.3249476
慈庵,釋迦牟尼佛,高雄市阿蓮區腹安村11之18號,22.8477474,120.3349024
諦觀蘭若,釋迦牟尼佛,高雄市阿蓮區復安村復安路215之1號,22.8508944,120.3249476
淨行精舍,阿彌陀佛,高雄市阿蓮區清旗村1之8號,22.8926521,120.3190457
里仁聖道院,孚佑帝君,高雄市阿蓮區石安村石安13之8號,22.8927124,120.3064655
僧寶寺,三寶佛,高雄市阿蓮區復安村再興120號,22.840187,120.327293
天尊府佬師廟,玉皇大帝,高雄市阿蓮區崗山村8號之2,22.8638432,120.3349024
王宮府,三寶殿,高雄市阿蓮區清旗村清旗50之60號,22.8830607,120.3272952
清雲寺,釋迦牟尼佛,高雄市阿蓮區復安村205之2號,22.8477474,120.3349024
隆后宮,天上聖母,高雄市田寮區古亭村廟後巷1號,22.9020981,120.3954282
日月禪寺,釋迦牟尼佛,高雄市田寮區崇德村月球路36號,22.8862977,120.3918535
?月宮,李三娘,高雄市田寮區崇德村小滾水3號,22.8851444,120.3867834
酆都爺壇,酆都大帝,高雄市田寮區三和村中坑20號,22.8678444,120.3925467
大南天福德祠,福德正神,高雄市田寮區南安村崗安路107號,22.8739572,120.357509
五王宮,五王公,高雄市田寮區南安村崗安路60號,22.8661227,120.360574
靈鷲禪寺,釋迦牟尼佛,高雄市田寮區南安村崗安路52之1號,22.8654181,120.3603872
朝元寺,觀音佛祖,高雄市田寮區南安村崗安路14號,22.8524478,120.35766
聯聖宮,天上聖母,高雄市田寮區南安村南安路43號,22.8574802,120.3796087
普唵宮,普唵佛祖,高雄市田寮區田寮村牛寮8號,22.848239,120.420619
崑山宮,王爺公,高雄市田寮區田寮村崑山路22號,22.8385169,120.4362933
秀?寺,連奶夫人,高雄市田寮區田寮村秀?路12號,22.8412079,120.4300017
清龍山寺,觀音佛祖,高雄市田寮區七星村大坵園8號,22.825558,120.411996
龍鳳寺,觀音佛祖,高雄市田寮區新興村新興路16號,22.8350869,120.37111
崑山宮龍山寺,天上聖母,高雄市田寮區新興村新興路107號,22.8370088,120.3648228
清水壇,清水祖師,高雄市田寮區西德村新路39之1號,22.883723,120.36008
聖母宮 (大同村),天上聖母,高雄市田寮區大同村平安路47之1號,22.8421126,120.3788059
清安宮,清水祖師,高雄市田寮區鹿埔村鹿南巷30之1號,22.8807584,120.4241207
發天宮,天上聖母,高雄市田寮區崇德村月球路12號,22.8867377,120.3943733
進天宮,天上聖母,高雄市田寮區崇德村社區巷7號,22.8760301,120.3818949
聖君廟,法主公,高雄市田寮區新興村山隙路15號,22.8290617,120.3414662
宏宮寺,觀音佛祖,高雄市田寮區七星村田草埔5之1號,22.8698826,120.359436
慈清宮,,高雄市田寮區西德村新?巷14號,22.878828,120.366731
八寶山九龍寺,釋迦牟尼佛,高雄市田寮區三和村旗亭巷30之1號,22.886026,120.4356635
玄垣宮,玄天上帝,高雄市田寮區七星村七星路10之1號,22.8281236,120.3929464
法華聖堂,彌勒古佛,高雄市田寮區南安村崗安路13號,22.8543197,120.3578483
皇安宮,天上聖母,高雄市田寮區三和村3鄰茄冬湖11之1號,22.8678444,120.3925467
玉清府,九府千歲,高雄市田寮區三和村中坑17之1號,22.9186672,120.3944992
慈安宮,媽祖,高雄市田寮區三和村旗亭巷12號,22.886026,120.4356635
善音寺,觀尼佛祖,高雄市田寮區古亭村筏路頭8號,22.894536,120.39548
峰聖宮,媽祖,高雄市田寮區南安村6鄰內安7之0號,22.856911,120.394721
福水宮,水仙尊王,高雄市田寮區崇德村14鄰崇德路山頂巷4號,22.8782038,120.3800912
旨天宮,天上聖母,高雄市田寮區鹿埔村9鄰鹿南巷21之1號,22.8807584,120.4241207
觀音寺,文殊菩薩,高雄市田寮區古亭村0鄰茅草山8之1號,22.915997,120.394862
聖母宮,天上聖母,高雄市田寮區南安村15鄰南安路89之9號,22.8632295,120.3709462
斗姥廟,斗姥元君,高雄市田寮區七星村6鄰七星路68之50號,22.8281236,120.3929464
義民爺亭,義民爺公,高雄市田寮區西德村1鄰山腳巷1之0號,22.8839193,120.3773447
無極順天宮,順天聖母,高雄市田寮區大同村平安路47之2號,22.8421126,120.3788059
薛王廟,薛府元帥,高雄市田寮區田寮村崑山路303號,22.8385169,120.4362933
昆山寺,娘媽,高雄市燕巢區尖山村尖山巷602之1號,22.8177768,120.3647021
威靈寺,玄天上帝,高雄市燕巢區西燕村中民路546號,22.7933935,120.3634876
大明宮,關帝聖君,高雄市燕巢區西燕村11鄰北一路36號,22.7946318,120.3640954
燕雲寺,釋迦牟尼佛,高雄市燕巢區南燕村中興路10巷26號,22.7924594,120.36124
三聖宮,廣澤尊王,高雄市燕巢區瓊林村瓊招路71號,22.7970858,120.3290908
神元宮,神農大帝,高雄市燕巢區安招村安南路1號,22.7859145,120.341703
威靈宮,玄天上帝,高雄市燕巢區瓊林村瓊林路10號,22.7993912,120.3292567
天后宮 (安招村),天上聖母,高雄市燕巢區安招村新厝巷19號,22.7954803,120.3528155
觀水宮,謝府元帥,高雄市燕巢區角宿村滾水路150號,22.776729,120.3286003
天后宮 (角宿村),天上聖母,高雄市燕巢區角宿村角宿路6之1號,22.7652151,120.3593481
清水寺,清水祖師,高雄市燕巢區鳳雄村鳳旗路162號,22.7547469,120.3561408
興龍宮,開漳聖王,高雄市燕巢區橫山村東川路21號,22.7626425,120.382025
北極宮,玄天上帝,高雄市燕巢區橫山村深興路13號,22.7724967,120.392258
碧雲寺,觀音菩薩,高雄市燕巢區深水村深水路34號,22.7813426,120.4195654
北極真武殿,玄天上帝,高雄市燕巢區深水村臥牛巷25號,22.7755176,120.3851955
淨光寺,釋迦牟尼佛,高雄市燕巢區深水村湖內巷2之1號,22.7730854,120.3741206
清照寺,釋迦牟尼佛,高雄市燕巢區深木村深興路2之5號,22.7823697,120.378138
一?化三清 凌霄寶殿,無極至尊 元始天王,高雄市燕巢區深水村湖內巷186之10號,22.7740332,120.3698419
慈願寺,觀音佛祖,高雄市燕巢區深水村烏山巷3之6號,22.7824229,120.4127392
興聖宮,關聖帝君,高雄市燕巢區中民路611巷3之20號,22.7964733,120.3760131
悟光精舍,釋迦牟尼佛,高雄市燕巢區尖山村和尚巷250號,22.8106018,120.356736
北極殿,北極上帝,高雄市燕巢區東燕村中民路35之1號,22.7953162,120.3752354
瓊林村聖南宮,天上聖母,高雄市燕巢區瓊林村瓊子林段414之3號,22.7881912,120.307664
中路林中安宮,媽祖,高雄市燕巢區鳳雄村中路巷5號,22.751305,120.3378964
禪海佛寺,三寶佛,高雄市燕巢區深水村牧場路33之1號,22.7807557,120.4242244
烏山天后宮,天上聖母,高雄市燕巢區深水村烏山巷1號,22.7824229,120.4127392
深水觀音禪寺,三寶佛,高雄市燕巢區深水村牧場巷33之1號,22.7807557,120.4242244
玄光修道院,孚佑帝君,高雄市燕巢區深水村深中路13之2號,22.775688,120.4052201
坑口龍山堂,石府元帥,高雄市燕巢區深水村深興路8之12號,22.7724967,120.392258
湖子內福德祠(深水村),福德正神,高雄市燕巢區深水村湖子內巷18之1號,22.7861911,120.3983097
湖子內三洽 共成堂,圓通 自在天尊,高雄市燕巢區深水村湖子內巷17之2號,22.7861911,120.3983097
大占南山寺,釋迦牟尼佛,高雄市燕巢區橫山村大占巷7之1號,22.7695766,120.4079768
大占無極天 靈霄寶殿,玉皇上帝,高雄市燕巢區橫山村大占巷19之10號,22.7695766,120.4079768
和平福德祠 (深水村),福德正神,高雄市燕巢區深水村深水路9號,22.7815022,120.4199248
臺灣省金山道院,關帝聖君,高雄市燕巢區金山村金山路6之1號,22.8055411,120.3900771
天聖宮,關帝聖君,高雄市燕巢區金山村千秋寮117之2號,22.809674,120.409726
興聖宮,關聖帝君,高雄市燕巢區東燕村中民路61巷3之20號,22.7964733,120.3760131
五仙宮,青雲仙帝,高雄市燕巢區東燕村車林巷12號,22.7987201,120.3821591
代天府 (角宿村),池府千歲,高雄市燕巢區角宿村4林路9號,22.7693601,120.402416
天后宮 (金山村),天上聖母,高雄市燕巢區金山村麒麟巷10號,22.8097347,120.4005263
慈仁同修院,釋迦牟尼佛,高雄市燕巢區角宿村安新路3之10號,22.7812427,120.3389137
神農宮 (西燕村),神農大帝,高雄市燕巢區西燕村中竹路5號,22.8057246,120.3464861
天后宮,天上聖母,高雄市燕巢區南燕村中東巷12弄16號,22.7937517,120.3671887
龍豐府,田府元帥,高雄市燕巢區尖山村大埔巷144弄46號,22.8084632,120.3754316
朝天宮,天上聖母,高雄市燕巢區尖山村和尚巷95號,22.8111736,120.3584508
慧音堂,彌勒祖師,高雄市燕巢區瓊林村17鄰安朝路1030號,22.7911382,120.3233704
無極天皇宮,八卦祖師,高雄市燕巢區尖山村尖山巷128之10號,22.8157868,120.3661298
天官財神廟,天官文財神,高雄市燕巢區深水村牧場路44號,22.7807557,120.4242244
五台萬佛寺,釋迦牟尼佛,高雄市燕巢區橫山村大占巷9之4號,22.7695766,120.4079768
聖帝君,關聖帝君,高雄市燕巢區山村大占巷31號,22.7823697,120.378138
濟鳳佛寺,三寶佛,高雄市燕巢區尖山村過鞍巷11920號,22.8160844,120.3614923
元帥府,陳府二元帥爺宮,高雄市燕巢區鳳雄村鳳龍巷26之6號,22.7550434,120.3496444
白馬寺,觀音大士,高雄市燕巢區深水村烏山巷5號,22.7824229,120.4127392
尖山神農宮,神農大帝,高雄市燕巢區尖山村過鞍路29號,22.8103953,120.3723741
橋頭鳳橋宮,天上聖母,高雄市橋頭區橋頭村橋頭路95號,22.7582236,120.3106469
念佛會,釋迦佛,高雄市橋頭區橋頭村新興路2巷7號,22.759759,120.3094295
勸善堂,文衡聖帝,高雄市橋頭區橋南村大溝巷18號,22.7504553,120.3190457
帝仙宮,神農大帝,高雄市橋頭區仕和村神農巷14號,22.7528231,120.30489
註生宮,註生娘娘,高雄市橋頭區仕和村神農巷51號,22.7512741,120.306215
義山宮,三山國王,高雄市橋頭區新莊村明神路定祥巷1號,22.7454168,120.3004947
九甲圍義山宮,三山國王,高雄市橋頭區甲南村甲新路80號,22.7434087,120.2922386
天月宮,天上聖母,高雄市橋頭區頂鹽村南北路2-1號,22.7458785,120.2765151
代天府,池府千歲,高雄市橋頭區白樹村建樹路56號,22.759966,120.303726
仕元代天府,池府千歲,高雄市橋頭區新莊村仕元路右邊巷11號,22.755528,120.297673
德山禪寺,釋迦佛,高雄市橋頭區三德村三德路5號,22.7550775,120.2907301
壽生廟,張公法主,高雄市橋頭區芋寮村壽生巷22號,22.7604389,120.2870919
五里林 明德淨寺,釋迦佛,高雄市橋頭區東林村里林東路1號,22.7628021,120.293625
五里林天后宮,天上聖母,高雄市橋頭區東林村東林路31號,22.7642695,120.2939567
德玄宮,玄天上帝,高雄市橋頭區德松村德松路35號,22.7649805,120.3053883
天后宮,天上聖母,高雄市橋頭區筆秀村筆秀路4號,22.768337,120.3149208
關聖宮,山西夫子,高雄市橋頭區中崎村中崎路關聖巷11號,22.7632417,120.323321
法主宮,張公法主,高雄市橋頭區中崎村海峰路1號,22.7634945,120.3313891
福智寺,釋迦牟尼佛,高雄市橋頭區新莊村佛神路47之1號,22.7463863,120.3012203
三山國王廟,三山國王,高雄市橋頭區三德村3仙路20號,22.7537827,120.2902105
林仔頭護安宮,天上聖母,高雄市橋頭區筆秀村林西路12號,22.7693801,120.3026248
玄中寺,阿彌陀佛,高雄市橋頭區白樹村建樹路中興巷1號,22.759948,120.3037662
承德寺,釋迦牟尼佛,高雄市橋頭區新莊村新莊路保金巷50號,22.7418006,120.300614
明修善堂,三寶佛,高雄市橋頭區新莊村仕元路左邊巷126號,22.755502,120.297743
清水寺,清水祖師,高雄市梓官區梓信村梓官路475巷116號,22.7644934,120.2646056
義氣堂,文衡聖帝,高雄市梓官區梓信村梓官路338號,22.7634758,120.2667714
梓宮 中崙城隍廟,城隍尊神,高雄市梓官區梓義村城隍巷3號,22.758184,120.2681387
善化堂,文衡聖帝,高雄市梓官區梓義村中崙路225之1號,22.7611884,120.2698373
碧瑞禪寺,釋迦牟尼佛,高雄市梓官區梓和新村梓官路城隍巷65號,22.7563427,120.2678373
濟陽宮,保生大帝,高雄市梓官區梓平村梓官路城巷123號,22.7599809,120.2670783
修悟堂,五府二千歲,高雄市梓官區梓平村梓官路45巷8號,22.7599809,120.2670783
紫雲堂,大鵬鳥元帥,高雄市梓官區梓平村梓官路大宅巷110號,22.7550949,120.2675815
同安宮,關聖帝君,高雄市梓官區同安村同安路183號,22.7517613,120.2673271
大壽宮,天上聖母,高雄市梓官區大舍村大舍東路公厝巷4號,22.7477857,120.2647229
明聖寺,廣澤尊王,高雄市梓官區大舍村大舍南路39號,22.7455104,120.2621113
淨華寺,釋迦牟尼佛,高雄市梓官區赤崁東路55號,22.7420387,120.2534083
赤慈宮,天上聖母,高雄市梓官區赤東村赤崁南路72巷12號,22.737692,120.247514
嘉隆宮,中壇元帥,高雄市梓官區茄苳村嘉好路88號,22.7345978,120.2546648
代天府 (茄典村),五歲千歲,高雄市梓官區茄典村展寶路4號,22.760717,120.267295
聖安宮 (原保護堂),盧聖伯公,高雄市梓官區典寶村大舍南路293號,22.7382764,120.26496
通安宮,廣澤尊王,高雄市梓官區信蚵村通安路305巷30號,22.7286168,120.2500142
北極宮,玄天上帝,高雄市梓官區茄苳村嘉展路420號,22.7353783,120.2546267
梓官清進宮,清水祖師,高雄市梓官區赤崁村赤崁北路53號,22.7423186,120.2457539
龍安堂,圓通自在天尊,高雄市梓官區通安路305巷3號,22.7286168,120.2500142
清德堂,五福大帝,高雄市梓官區赤崁村赤崁西路14巷36號,22.7388109,120.2464025
吉祥法寺,阿彌陀佛,高雄市梓官區大社村大舍東路聖公巷1弄17-6號,22.745793,120.264552
清玨宮,步道祖師,高雄市梓官區智蚵村中正路239之20號,22.7299693,120.2554779
青龍宮,神農大帝,高雄市梓官區智蚵村中正路245之1號,22.7302155,120.2540549
振淵宮,玄天大帝,高雄市梓官區同安村淵官路62號,22.747524,120.2669355
民安宮,五府千歲,高雄市梓官區智蚵村通安路260巷10號,22.7328459,120.254336
赤崁保生宮,保生大帝,高雄市梓官區赤崁南路保生2巷7號,22.735822,120.250311
慈源禪寺,釋迦牟尼佛,高雄市梓官區嘉好路惠民巷81之1號,22.7328446,120.254336
中崙代天府,池府千歲,高雄市梓官區中崙村145巷70號,22.7602008,120.2719521
竹聖堂,竹仔腳祖,高雄市梓官區信蚵村廣澤路1號,22.7299706,120.2554781
觀海府,五府千歲,高雄市梓官區禮蚵村光明路147巷10號,22.7303733,120.2515945
慈皇宮,田島千歲,高雄市梓官區赤崁東路235巷82之3號,22.741851,120.2519066
興濟堂,保生大帝,高雄市梓官區智蚵村通安路212巷70號,22.7321734,120.2536787
天母宮,天上聖母,高雄市梓官區智蚵村光明路17號,22.730301,120.2516319
蚵子寮朝天宮 天上聖母,天上聖母,高雄市梓官區信蚵村廣澤路55之1號,22.7287057,120.2536873
龍興堂,觀音佛祖,高雄市梓官區禮蚵村光明路92巷16號,22.7305162,120.2515162
聖母宮,天上聖母,高雄市梓官區禮蚵村光明路85巷26號,22.7307543,120.2513857
元聖宮,中壇元帥,高雄市梓官區赤崁東路130巷33-1號,22.7414615,120.2559817
保安宮,天上聖母,高雄市梓官區制科村18鄰中正路218號,22.760717,120.267295
北極殿,三郎神君,高雄市梓官區赤東村赤崁東路13巷59之1號,22.7420387,120.2534083
三千宮,三奶娘娘,高雄市彌陀區舊港村舊港路南2巷16號,22.7970677,120.2307872
海明寺,釋迦牟尼佛,高雄市彌陀區文安路寺巷15號,22.7950614,120.2375285
天慈宮,觀音佛祖,高雄市彌陀區文安村文安路廟巷57之1號,22.7961768,120.2359201
文吉士,柳府千歲,高雄市彌陀區隬陀鄉文安村文安路3巷2號,22.7918312,120.2367009
安樂宮,天上聖母,高雄市彌陀區過港村產業路15號,22.7916388,120.2418065
清和宮,天上聖母,高雄市彌陀區光和村光和路79號,22.7815432,120.235625
彌陀寺,釋迦佛祖,高雄市彌陀區彌靖村中正路340號,22.7830654,120.2484853
玄天宮,上帝公,高雄市彌陀區彌靖村中正西路114號,22.7823667,120.2469516
濟山宮,李府千歲,高雄市彌陀區漯底村樂安路廟巷14號,22.7659395,120.2435948
濟陽宮,本官公,高雄市彌陀區彌壽村中正路6巷23號,22.779732,120.2484162
三和宮,池府千歲,高雄市彌陀區彌仁村中正路7巷24號,22.7819026,120.2476732
北極殿,北極上帝,高雄市彌陀區彌仁村中正路9巷2號,22.7791843,120.250016
彌壽宮,天上聖母,高雄市彌陀區彌壽村中正西路11號,22.7825738,120.2468655
朝天宮,天上聖母,高雄市彌陀區海尾村海尾路55號,22.7776534,120.2449118
齊天宮,觀世音菩薩,高雄市彌陀區海尾村海尾路218號,22.7752441,120.2355935
南天宮,天上聖母,高雄市彌陀區南寮村南寮路72之1號,22.7605584,120.2384192
天南宮,天上聖母,高雄市彌陀區南寮村光華4巷18號,22.7611692,120.2373437
慈惠堂,西王金母,高雄市彌陀區彌陀村中華路33之1號,22.7812802,120.250742
萬應公廟,萬應公,高雄市彌陀區隬陀鄉舊港村海邊,22.7832231,120.2455033
城隍府,城隍爺,高雄市彌陀區文安村北1巷4號,22.7960292,120.2347927
鹽城過港 代天府,池府千歲,高雄市彌陀區過港村成功巷25之1號,22.7853235,120.2440037
瀨南場代天府,池府千歲,高雄市彌陀區鹽埕村東2巷5號,22.7832231,120.2455033
安樂寺,觀音佛祖,高雄市彌陀區過港村成功巷3號,22.7853235,120.2440037
清龍宮,溫府千歲,高雄市彌陀區彌陀村中山路1巷5號,22.7796566,120.2497178
古聖亭,應公應媽,高雄市彌陀區彌陀村自由巷,22.7798485,120.2514039
光玩祠,觀世音菩薩,高雄市彌陀區漯底村樂安路40號,22.7651235,120.2434503
福德宮,福德正神,高雄市彌陀區南寮村南寮路光華巷2號,22.7605908,120.2368638
南聖宮,天上聖母,高雄市彌陀區南寮村光華北巷6號,22.7596635,120.2426185
開漳聖王府,陳聖王,高雄市彌陀區南寮村中山巷6號,22.760247,120.2388787
德峰寺,觀世音菩薩,高雄市彌陀區南寮村南寮路21之2號,22.761572,120.2402489
萬應公廟,萬應公,高雄市彌陀區漯底村公園路26號,22.7639559,120.2433004
載發祠,杳老公,高雄市彌陀區漯底村四維路53之2號,22.7640722,120.252174
福德祠,福德正神,高雄市彌陀區舊港村舊港路,22.7970677,120.2307872
樂善堂,蘇府千歲,高雄市彌陀區過港村過港路69號,22.7849125,120.2430369
樂安宮,觀音佛祖,高雄市彌陀區漯底村樂安路82號,22.7657921,120.2435513
南天宮,五府千歲,高雄市彌陀區隬陀鄉海尾村進學路136號,22.7603911,120.2629271
玉佛宮,觀音佛祖,高雄市永安區永華路56號,22.8155602,120.2239174
文興宮,清水祖師,高雄市永安區維新村維新路光明9巷66號,22.8067273,120.2473263
新港宮,五府千歲,高雄市永安區新港村新興路128號,22.8210892,120.2093492
天后宮,天上聖母,高雄市永安區永安村忠孝街36號,22.8166192,120.2229549
保寧宮,池府千歲,高雄市永安區保寧村保安路240號,22.8199339,120.2398279
南天宮,齊天大聖,高雄市永安區維新村保安路49號,22.8094833,120.2432383
天文宮,徐府千歲,高雄市永安區維新村保安路5巷4號,22.8073267,120.2432651
永安宮,天上聖母,高雄市永安區永華村永安路49號,22.8186294,120.2256507
玄德宮,福德正神,高雄市永安區新港村興達路興達巷67之5號,22.8378207,120.2055584
金隍宮,金鳳姑,高雄市永安區維新村保安路4號,22.8073267,120.2432651
濟陽宮,福德正神,高雄市永安區永安村永達路44號,22.8171781,120.2211937
忠義堂大將宮,大將宮,高雄市永安區維新村光明9巷1之20號,22.808196,120.2531644
照顯府,南普陀佛祖,高雄市永安區永華村永達二路,22.8144572,120.2221295
興佑宮,好漢公,高雄市永安區維新村光明9巷85號,22.8073344,120.2533401
擇善佛堂,觀世音菩薩,高雄市湖內區大湖村民權路221號,22.89101,120.2431404
海山宮,七府千歲,高雄市湖內區海山村仁愛街16巷17號,22.8961862,120.2231737
無極萬應公廟,萬年神,高雄市湖內區海埔村忠孝街242號,22.8935877,120.2321345
慈濟宮,保生大帝,高雄市湖內區中賢村信義路255號,22.9074674,120.2142624
天福宮,福德正神,高雄市湖內區湖東村民生街245號,22.87841,120.2482946
玉湖宮(府中壇),保生大帝 五府千歲,高雄市湖內區田尾村中山路一段496巷2號,22.8948358,120.2427082
三興宮,朱府千歲,高雄市湖內區中華街2號,22.9017758,120.2223258
忠興宮,三侯郡 馬千歲,高雄市湖內區忠興村中正路二段620號,22.9131612,120.195495
清水寺,清水祖師,高雄市湖內區葉厝村清水街25號,22.9090885,120.2187894
觀音亭,觀世音菩薩,高雄市湖內區民權路157號,22.8905618,120.2433176
碧湖宮,池府千歲,高雄市湖內區中山路一段308巷14號,22.8828488,120.2472351
福德祠,福德正神,高雄市湖內區湖內村民族街380號,22.883256,120.2342265
普濟宮,保生大帝,高雄市湖內區湖內村民族街157號,22.8806066,120.2335711
長壽宮,保生大帝,高雄市湖內區中山路一段453號,22.8871333,120.2439794
福安宮,朱、李、池府千歲,高雄市湖內區太爺村中正路一段102號,22.9100678,120.224598
玉湖寺,三寶佛,高雄市湖內區中正路二段290巷62之1號,22.909736,120.2083916
一貫道興毅純陽聖道院,明明上帝,高雄市湖內區葉厝村保生路392號,22.9068684,120.2170789
普陀岩,觀世音菩薩,高雄市湖內區逸賢村自強街70之1號,22.906054,120.2094493
慈善殿,華陀仙師,高雄市湖內區華厝村中正路一段306號,22.908397,120.211737
天真福廟,盤古帝王,高雄市湖內區田尾村中山路一段496巷106之2號,22.8948728,120.2421364
隆法宮,天上聖母,高雄市湖內區海埔村中華街16號,22.9017758,120.2223258
寶府祠,謝安公,高雄市湖內區田尾村民權路244巷10之1號,22.8929106,120.2428927
李聖宮,五府千歲,高雄市湖內區信義路67巷82號,22.896063,120.2210112
鳳山佛教蓮社,阿彌陀佛,高雄市鳳山區三民里8鄰三民路58號,22.622113,120.362285
雷府大將公廟,雷府大將公,高雄市鳳山區老爺里20鄰5甲一路732號,22.607756,120.347268
鳳邑靜心社舉善堂,關聖帝君,高雄市鳳山區和興里20鄰5甲一路213巷37號,22.615346,120.355528
鳳山鎮南宮仙公廟,孚佑帝君,高雄市鳳山區和興里5甲一路213巷35號,22.615787,120.355585
鳳山天公廟,玉皇上帝,高雄市鳳山區光明里17鄰光明路151號,22.6252035,120.3597419
城隍廟,城隍尊神,高雄市鳳山區鳳崗里17鄰鳳明街66號,22.6271858,120.3591565
文衡殿,關聖帝君,高雄市鳳山區文衡里文殿街2號,22.63894,120.354401
寶善堂,阿彌陀佛,高雄市鳳山區和德里中山路5巷8號,22.619716,120.361954
清和宮,五福大帝,高雄市鳳山區興仁里38鄰安寧街53號,22.619835,120.3537
鳳邑修心社 靈善堂,靈宮王天君,高雄市鳳山區興仁里安寧街250巷1號,22.6192795,120.3537138
法元寺,釋迦牟尼佛,高雄市鳳山區博愛路57一路,22.6302792,120.3640495
明善寺,觀世音菩薩,高雄市鳳山區黃埔路57號,22.623433,120.365708
新復寺,觀音媽祖,高雄市鳳山區鎮西里3鄰新生街60之5號,22.630441,120.352884
龍成宮,天上聖母,高雄市鳳山區五甲二路730巷6號,22.5947412,120.3289253
北極殿,玄天上帝,高雄市鳳山區瑞竹里1鄰鎮東路2巷35號,22.625334,120.368117
精妙宮,巧聖先師,高雄市鳳山區瑞竹里中山東路219巷21號,22.625359,120.370576
鳳邑省化社 喚善堂,王天君,高雄市鳳山區瑞興路180號,22.6276649,120.3664979
代天宮,五府千歲,高雄市鳳山區瑞興里瑞芳街411號,22.6271684,120.3675628
田南宮,田都元帥,高雄市鳳山區和興里22鄰樂園街8號,22.619976,120.359211
南誠堂,觀音佛祖,高雄市鳳山區鎮西里15鄰中山西路80巷9號,22.627055,120.353265
樂善堂,張天師,高雄市鳳山區鎮西里文聖街70號,22.628254,120.352558
鳳山代天府,五府千歲,高雄市鳳山區瑞竹里中山東路229巷22之1號,22.627152,120.372208
保興宮,保生大帝,高雄市鳳山區自由路138號,22.6259641,120.3505529
新甲北極殿,北極 玄天上帝,高雄市鳳山區武漢里7鄰武營路209號,22.6103174,120.3375358
慈青堂,何仙姑,高雄市鳳山區忠孝里11鄰青年路二段103巷22號,22.6322641,120.3483778
一甲美泰宮,天上聖母,高雄市鳳山區正義里22鄰南昌街23號,22.602571,120.341427
鳳邑學心社 慈善堂,關聖帝君,高雄市鳳山區鳳明街68號,22.62721,120.358978
鳳邑養心社 啟善堂,關聖帝君,高雄市鳳山區瑞竹里18鄰鎮東2巷12之1號,22.625444,120.368697
開漳聖王廟,開漳聖王,高雄市鳳山區鎮西里忠義街132號,22.6281269,120.3520193
西園宮,劉府千歲,高雄市鳳山區興仁里0鄰中山路229巷10號,22.624534,120.356618
鳳南宮,池府千歲,高雄市鳳山區過埤里過昌街21巷18號,22.5861419,120.3610159
五甲協善心德堂,觀世音菩薩,高雄市鳳山區五甲二路722號,22.5942987,120.3296845
鎮南宮,劉府千歲,高雄市鳳山區埤頂里鳳埤街58號,22.628794,120.379693
白龍庵,五福大帝,高雄市鳳山區和德里14鄰立志街34號,22.620637,120.359425
北辰宮,巫府千歲,高雄市鳳山區鎮北里北辰街1號,22.6393418,120.3659725
雙慈亭,天上聖母,高雄市鳳山區縣口里15鄰三民路285之1號,22.6252291,120.3578393
鎮安宮,關聖帝君,高雄市鳳山區南興里17鄰中山路30號,22.6213065,120.3609419
龍山寺,觀音佛祖,高雄市鳳山區和德里1鄰中山路7號,22.6207879,120.3620198
福德宮,福德正神,高雄市鳳山區鎮東街37號,22.621596,120.365
鳳德三子亭,三太子爺,高雄市鳳山區中和里3鄰信義街303之1號,22.626902,120.34813
瑞安宮,天上聖母,高雄市鳳山區瑞竹里8鄰中山東路213巷5號,22.624179,120.369588
紫竹林精舍,釋迦牟尼佛,高雄市鳳山區武漢里漢慶街60號,22.613538,120.335999
神農宮,神農大帝,高雄市鳳山區文衡里文殿街110號,22.6383978,120.3514078
興安宮,五府千歲,高雄市鳳山區建國路三段319巷16號,22.636724,120.356234
澎湖東吉啟明宮,徐府王爺,高雄市鳳山區保安1街149號,22.5987753,120.3421523
鳳邑福能宮,福德正神,高雄市鳳山區北門里鳳松路20巷5號,22.631213,120.361569
佈善堂,劉府千歲,高雄市鳳山區鳳埤街60巷6號,22.6291246,120.3794115
萬姓公媽廟,萬姓公媽祖,高雄市鳳山區北門里民興路61之1號,22.632563,120.362941
慈福宮,李府千歲,高雄市鳳山區自由路53巷17號,22.625453,120.354127
福德宮,福德正神,高雄市鳳山區過埤里過埤巷51巷19之1號,22.5886303,120.3675296
萬應宮,萬聖公媽,高雄市鳳山區鎮西里中華街32之1號,22.626434,120.355631
振天寺,釋迦牟尼佛,高雄市鳳山區新強里新康街337巷32號,22.61268,120.344171
彌陀寺,三寶佛,高雄市鳳山區福祥里自強二路5巷2號,22.595731,120.32714
天彰聖堂,明明上帝,高雄市鳳山區北門里博愛路585號,22.630514,120.361479
百姓公福德祠,百姓公 福德正神,高雄市鳳山區王生明路150之6號,22.618844,120.362523
順南宮,順天聖母,高雄市鳳山區南成里林森路146之2號,22.5938755,120.333589
赤山福德祠,福德正神,高雄市鳳山區文山里9鄰文南街122號,22.640581,120.357604
鳳山寺,廣澤尊王,高雄市鳳山區鎮南里龍成路34巷17號,22.6333333,120.35
仁聖宮,池府千歲,高雄市鳳山區新富路106之1號,22.612418,120.335539
代德宮,池府千歲,高雄市鳳山區南成里2鄰5甲路4巷20號,22.591637,120.327635
湄聖宮,天上聖母,高雄市鳳山區正義里0鄰華興街119號,22.604956,120.339262
同安廟,清水祖師,高雄市鳳山區三民路156號,22.623392,120.360538
三姑宮,三姑娘娘,高雄市鳳山區南江街109巷17號,22.599938,120.336071
皇奉堂,東廚帝君,高雄市鳳山區鎮南里鎮南街105巷0號,22.6333333,120.35
天奉宮,天上聖母,高雄市鳳山區國泰路二段298附2號,22.6195877,120.3482708
沐暉堂,馬府千歲,高雄市鳳山區正義里光榮街50號,22.60335,120.339308
三清宮,元始天尊,高雄市鳳山區過埤里過勇路2之1號,22.5898929,120.3628789
朝中宮,玄天上帝,高雄市大寮區中庄村八德路132號,22.6334448,120.3941421
龍鳳寺,觀音佛祖,高雄市大寮區中庄村打鐵街130號,22.6265032,120.3925467
北極殿,玄天上帝,高雄市大寮區溪寮村(路)95號,22.666662,120.456815
興濟宮,保生大帝,高雄市大寮區鳳屏一路331號,22.6368192,120.3934218
南雄代天府,李府千歲,高雄市大寮區鳳林三路301巷35號,22.5950198,120.4017429
三龍宮,巫府千歲,高雄市大寮區三隆村3鄰,22.5956478,120.4055131
慈隆宮,池府千歲,高雄市大寮區三慈隆街13號,22.5984977,120.4049136
西羅殿,廣澤尊王,高雄市大寮區三隆村信隆街37巷10號,22.606021,120.4087021
保福宮,保生大帝,高雄市大寮區拷潭村(路)35號,22.5902065,120.4172357
周廣宮,周府王爺,高雄市大寮區大寮村(路)131號,22.623655,120.4697519
北極宮,玄天上帝,高雄市大寮區會結村(路)14之2號,22.5297715,120.4018739
潮龍寺,釋迦牟尼佛,高雄市大寮區潮寮村(路)189號,22.614931,120.3970766
圓通寺,釋迦佛,高雄市大寮區鳳林一路161巷3號,22.5364297,120.4017976
復醒堂,孚佑帝君,高雄市大寮區鳳林一路392巷1號,22.5487686,120.4117397
聖帝殿,關聖帝君,高雄市大寮區昭明村鳳林一路34巷78號,22.5377218,120.4059442
保安宮,保生大帝,高雄市大寮區鳳林一路179號,22.5424163,120.4045954
代天府,池府千歲,高雄市大寮區義和村166號,22.6407454,120.427121
溫仁宮,溫府千歲,高雄市大寮區江山村(路)9號,22.6369976,120.3949272
天堂寺,觀世音菩薩,高雄市大寮區新厝村鳳林二路283號,22.5749489,120.4096904
山頂朝天宮,天上聖母,高雄市大寮區山頂村景隆街20號,22.6056936,120.3881951
靜修禪寺,釋迦牟尼佛,高雄市大寮區中興村(路)44之13號,22.6249167,120.3671838
中保亭廟,中壇元帥,高雄市大寮區永芳村內厝路153號,22.6075542,120.3907952
覺華禪寺,釋迦牟尼佛,高雄市大寮區大寮村(路)581巷61號,22.638955,120.390672
朝鳳宮,周府千歲,高雄市大寮區翁園村162號,22.6233412,120.4141567
武侯宮,武府千歲,高雄市大寮區琉球村(路)64號,22.6315612,120.4143962
月天寺,觀音佛祖,高雄市大寮區翁園村61號,22.6233412,120.4141567
大寮赤崁福德爺廟,福德正神,高雄市大寮區義仁村鳳林一路329巷29之1號,22.5399107,120.4023463
媽祖宮,天上聖母,高雄市大寮區過溪村(路)3號,22.575354,120.4204743
龍雄宮,池府三千歲,高雄市大寮區會社村鳳林三路382巷1號,22.60487,120.3966794
菩提山極樂寺,釋迦牟尼佛,高雄市大寮區三隆村(路)176號,22.5956478,120.4055131
大發開封宮 包公廟,馬國公,高雄市大寮區大寮村開封街120號,22.5891698,120.4111485
大邑慈安宮,吳府千歲,高雄市大寮區上寮村上寮路212號,22.6028219,120.4247057
靈子殿,神農大帝,高雄市大寮區昭明村66號,22.5433482,120.4184782
三龍堂馬建宮,溫府千歲,高雄市大寮區大寮村大寮路779巷17號,22.59139,120.4126761
王母宮,王母娘娘,高雄市大寮區義仁村鳳林一路135巷3之1號,22.5364297,120.4017976
慈聖宮,開漳聖王,高雄市大寮區中庄村（路）48號,22.6311246,120.3994848
慈保宮,朱府千歲,高雄市大寮區永芳村（路）73號,22.6066012,120.4086794
大隆宮,神農大帝,高雄市大寮區上寮村（路）4號,22.6131845,120.3899141
明山代天府,五府千歲,高雄市大寮區內坑村4鄰31號,22.5847961,120.3867834
太子大鑾宮,中壇元帥,高雄市大寮區永芳村（路）58號,22.6125102,120.3925753
慈后宮,天上聖母,高雄市大寮區三隆村（路）118之1號,22.6047239,120.3934727
福德祠,福德正神,高雄市大寮區新厝村（路）20號,22.55833,120.3926679
觀音精舍,觀世音,高雄市大寮區山頂村301之3號,22.5999,120.3964893
覺心社化善堂,王天君,高雄市大寮區翁園村（路）129號,22.6171005,120.3889913
觀音寺,觀音菩薩,高雄市大寮區義仁村鳳林一路29巷2之100號,22.5399107,120.4023463
朱峰宮,朱府千歲,高雄市大寮區琉球村（路）108之8號,22.6151372,120.4213592
福海禪寺,觀世音菩薩,高雄市大寮區內坑村（路）15之5號,22.6114497,120.3888897
保生宮,保生大帝,高雄市大寮區保生街107號,22.5923575,120.418112
鳳世宮,觀音佛祖,高雄市大寮區潮寮村(路)110號,22.5731224,120.4300017
保聖宮,保生大帝,高雄市大寮區永芳村永芳路68號,22.6094368,120.4021899
靈霄寶殿 慈心堂,玉皇大帝,高雄市大寮區後庄村成功路193號,22.639141,120.3907231
天金堂,關聖帝君,高雄市大寮區拷潭村(路)3之20號,22.58622,120.4257303
元帥廟,謝府千歲,高雄市大寮區前庄村(路)34號,22.6074313,120.3936988
慈誠宮,池府千歲,高雄市大寮區上寮村(路)41號,22.6325902,120.3894231
拷潭村清山寺,觀音佛祖,高雄市大寮區拷潭村126之1號,22.5739125,120.3939874
翁園村北極殿,北極 玄天上帝,高雄市大寮區翁園村167號,22.6233412,120.4141567
飛封宮,開國仙帝,高雄市大寮區琉球村巷尾路46號,22.6178357,120.4097025
啟聖宮,瑤池金母,高雄市大寮區新厝村(路)39號,22.6004809,120.400278
蓮光寺,釋迦牟尼佛,高雄市大寮區會社村鳳林三路161巷101之1號,22.5973134,120.398689
福德爺廟,福德正神,高雄市大寮區中庄村仁愛路279巷196之1號,22.632885,120.3959543
北極上帝殿,玄天上帝,高雄市大寮區琉球村黃厝路35之0號,22.6154947,120.4097597
寂光精舍,釋迦牟尼佛,高雄市大寮區大寮路373巷46號,22.5962495,120.4093225
悟心舍從善堂,五府千歲,高雄市大寮區過溪村過溪路67之60號,22.5749625,120.4165203
南隆堂,池府千歲,高雄市大寮區鳳林三路247巷68號,22.5989022,120.3985447
中天壇,玉皇上帝,高雄市大寮區溪寮村溪寮路78之50號,22.6283385,120.4196876
萬善堂,萬善宮,高雄市大寮區會社村24鄰鳳林三路247巷25號,22.5995673,120.3986386
大天宮,天上聖母,高雄市大寮區中興村鳳林四路482之2號,22.6179772,120.3844378
人心德善堂,觀世音菩薩,高雄市大寮區會結村(路)86之25號,22.5110675,120.4019103
南聖宮,觀音大士,高雄市大寮區內坑村內坑路136號,22.5891691,120.3830009
世福宮,福德正神,高雄市大寮區會結村會結路86之2號,22.5540426,120.4191823
金山寺,觀音大士,高雄市大寮區內坑村內坑路112之16號,22.5891691,120.3830009
大發慈惠堂,瑤池金母,高雄市大寮區新厝村新厝路62之6號,22.561343,120.4092694
關山五龍宮,池府千歲,高雄市大寮區會社路87之6號,22.605389,120.3955021
道明社德善堂,周倉大將軍,高雄市大寮區上寮村76號,22.5990509,120.4213592
明山萬善爺廟,萬善爺,高雄市大寮區內坑村內坑路31之1號,22.5893549,120.3827026
聖湄宮,天上聖母,高雄市大寮區會結村會結路87之9號,22.5540426,120.4191823
聖玄宮,天上聖母,高雄市大寮區琉球村琉球路43之53號,22.6126727,120.4104189
廣應廟,謝府王公,高雄市林園區廣應村王公路340號,22.5066031,120.3868574
修性佛堂,觀世音菩薩,高雄市林園區王公村清水岩路167號,22.5233481,120.3894546
百蓮寺,觀世音菩薩,高雄市林園區文賢村康樂街55號,22.5033428,120.3944097
林園佛教堂,釋迦牟尼佛,高雄市林園區文賢村(路)100號,22.4800963,120.4114268
林溪禪寺,觀世音菩薩,高雄市林園區林園村忠孝東路130號,22.5083826,120.3995094
興濟宮,保生大帝,高雄市林園區林園村忠孝西路18號,22.5068288,120.3939813
溪洲村清水寺,觀音佛祖,高雄市林園區溪洲村溪洲二路54號,22.4986756,120.4011911
東隆宮,池府千歲,高雄市林園區五福路249巷6弄12號,22.5028453,120.4007144
清水寺,釋迦牟尼佛,高雄市林園區潭頭村清水岩路214號,22.5234518,120.3905475
林鳳宮,陳乃夫人,高雄市林園區中門村下厝路89巷5之8號,22.5019769,120.3717865
進發宮,天上聖母,高雄市林園區中門村海墘路103巷4號,22.5035423,120.3679679
龍潭寺,觀世音菩薩,高雄市林園區林家村(路)71之1號,22.4794658,120.4091613
三清殿,祖師公,高雄市林園區龔厝村前厝路4巷9號,22.5093318,120.3756829
無極紫修殿 警善堂,瑤池金母,高雄市林園區頂厝村檨林巷10號,22.5042906,120.381616
先鋒廟,周黃府先鋒,高雄市林園區頂厝村頂厝路133巷26號,22.4992345,120.3824813
龍鳳宮,三佛祖,高雄市林園區頂厝村椰樹28號,22.503226,120.3844356
池鳳宮,池府千歲,高雄市林園區港嘴村港嘴一路3號,22.4934319,120.3819095
崑龍宮,崑府千歲,高雄市林園區港嘴村港嘴二路154號,22.4937708,120.3830387
協天宮,協天大帝,高雄市林園區西溪村後厝路18號,22.4947669,120.3892124
郭龍宮,郭府千歲,高雄市林園區西溪村半?路30號,22.4930973,120.386063
保生宮,保生大帝,高雄市林園區西溪村半?路31號,22.4930973,120.386063
福安宮,灝府千歲,高雄市林園區西溪村中港路20號,22.4899698,120.3926052
賜安宮,吉府千歲,高雄市林園區西溪村西溪路71號,22.4882321,120.3932781
北極殿,玄天上帝,高雄市林園區西溪村西溪路32號,22.4862686,120.3922959
靈帝殿,何府千歲,高雄市林園區中芸村中芸路1號,22.486433,120.3970907
鳳芸宮,天上聖母,高雄市林園區鳳芸村鳳芸路78號,22.4831458,120.3981242
鳳隆宮,溫府千歲,高雄市林園區東汕村92號,22.4791556,120.4112756
三元殿,三官大帝,高雄市林園區中厝村3官路12號,22.5292127,120.4026318
三清宮代天府,池府千歲,高雄市林園區北汕村北汕路33巷16之23號,22.4786969,120.409175
西如寺,釋迦牟尼佛,高雄市林園區廣應村清水岩路347號,22.5211646,120.3851719
平水廟,平水天王,高雄市林園區北汕村力行路5號,22.4849919,120.4017617
廣濟宮,觀音佛祖,高雄市林園區潭頭村16鄰清水岩路98巷18號,22.5173069,120.3949546
聖隆宮,洪府千歲,高雄市林園區林園村仁愛路107巷5號,22.5059625,120.3917089
鳳龍寺,觀音佛祖,高雄市林園區溪洲村溪洲一路223巷4號,22.4986756,120.4011911
西河宮,順天聖母,高雄市林園區五福村沿海路一段107號,22.4998252,120.4037324
福德廟,福德正神,高雄市林園區鳳林路三段276號,22.5220596,120.3972255
大德寺,觀世音菩薩,高雄市林園區潭頭村清水岩路98巷12號,22.5172025,120.3950987
林內村福德廟,福德正神,高雄市林園區林內路77號,22.5331494,120.4007481
神農宮,神農大帝,高雄市林園區廣應村頂?溝21號,22.5097085,120.3867834
鳳林寺,觀音佛祖,高雄市林園區王公村王公路236號,22.5079619,120.3885767
清龍宮,黃府千歲,高雄市林園區港埔一路35號,22.4969051,120.3813091
震靈宮,池府千歲,高雄市林園區港埔村港埔二路31巷8號,22.4964219,120.3773432
康奉宮,康府元師,高雄市林園區港埔村港埔二路128號,22.4962349,120.3773047
天師廟,張天師,高雄市林園區溪洲村溪洲一路142巷4號,22.4986756,120.4011911
無極星漢殿 百善堂,南無 觀世音菩薩,高雄市林園區鳳林三段181號,22.5216372,120.3968539
福安宮,福德正神,高雄市林園區林園村仁愛路31號,22.5046838,120.3927164
爐濟殿,關聖帝君,高雄市林園區東汕村26號,22.4791556,120.4112756
文昌宮,文昌帝君,高雄市林園區王公村2鄰王公路66之1號,22.5123471,120.3922377
港龍宮,池府千歲,高雄市林園區港埔村港埔路42號,22.4965443,120.383879
東鳳宮,溫府 五府千歲,高雄市林園區東汕村東汕路3號,22.4778237,120.4139448
東興宮,太陽星君,高雄市林園區溪洲村溪洲一路56巷3號,24.801468,120.993236
天園聖堂,名明上帝,高雄市林園區林園村鳳林三路二段12巷5號,22.5071739,120.3965201
城隍廟,城隍尊神,高雄市林園區中厝村大義路111巷6號,22.5298674,120.4011384
北隆宮,溫府千歲,高雄市林園區潭頭村潭頭路129號,22.524007,120.3969132
董龍宮,董府千歲,高雄市林園區頂厝村6鄰頂厝路62號,22.5003747,120.3813439
三聖宮,天上聖母,高雄市林園區王公村5鄰王公路194號,22.5093049,120.3903327
瑞鳳宮,林奶夫人,高雄市林園區頂厝村22鄰田厝路100巷5號,22.503374,120.3884297
北斗玄武殿,玄天上帝,高雄市林園區中汕村北汕路88巷之5號,22.4779994,120.4105003
觀音寺,觀音佛祖,高雄市林園區頂厝村15鄰過溝1巷2號,22.5016176,120.3831756
福德宮,福德正神,高雄市林園區廣應村?溝122號,22.5097085,120.3867834
金興宮,金府千歲,高雄市林園區中門村下厝路70巷3之3號,22.5021856,120.3697558
三隆宮,神武天王,高雄市林園區頂厝村田厝路102巷1號,22.5034788,120.3884829
觀善堂,觀音大士,高雄市林園區西汕村西汕路36號,22.4785548,120.4051798
慈天宮,天上聖母,高雄市林園區中汕村13鄰北汕路33巷11號,22.4786969,120.409175
青雲宮,神農大帝,高雄市鳥松區大華村山腳路2巷11之2號,22.660715,120.3366359
雷音禪寺,三寶佛,高雄市鳥松區仁美村美山路190巷2號,22.6396127,120.376932
南天台紫雲寺,釋迦牟尼佛,高雄市鳥松區鳥松村大埤路19號,22.6545724,120.3568471
觀音禪寺,觀世音菩薩,高雄市鳥松區大竹村大竹路61號,22.6675433,120.3910297
元明禪寺,釋迦牟尼佛,高雄市鳥松區仁美村民權路3號,22.6567622,120.3932377
八隆宮,池府千歲,高雄市鳥松區鳥松村文前路138號,22.663851,120.3540645
澄清寺,釋迦牟尼佛,高雄市鳥松區鳥松村文前路134號,22.663851,120.3540645
小南海觀音寺,觀世音菩薩,高雄市鳥松區仁美村仁愛路53號,22.6489271,120.3951113
福德宮,福德正神,高雄市鳥松區大華村山腳路58號,22.6510646,120.3460266
圓照寺,釋迦牟尼佛,高雄市鳥松區?埔村?埔路4巷10號,22.6631567,120.3833196
竹林寺,觀音菩薩,高雄市鳥松區鳥松村東山路橫1巷21號,22.6703272,120.3675339
金剛寺,釋迦牟尼佛,高雄市鳥松區大華村山腳路74之2號,22.6517618,120.3455984
大安宮,保生大帝,高雄市鳥松區大華村山腳路222號,22.6579912,120.3383149
高雄慈惠堂,西王金母,高雄市鳥松區大華村本館路44之7號,22.649115,120.345023
池王宮,池王爺,高雄市鳥松區大竹村大竹路30之4號,22.6662066,120.3917709
灣?寺,釋迦牟尼佛,高雄市鳥松區夢裡村赤山湖3之1號,22.7693601,120.402416
福龍宮,福德正神,高雄市鳥松區鳥松村文前路34號,22.6625885,120.3624541
琅環宮,神農大帝,高雄市鳥松區夢裡村夢裡路4鄰29之1號,22.665902,120.3611553
南海紫竹寺,觀世音佛祖,高雄市鳥松區仁美村學堂路121之4號,22.65842,120.3909465
慈濟寺,觀世音菩薩,高雄市鳥松區鳥松村大仁東路9號,22.661126,120.363363
代天壇,五府千歲,高雄市鳥松區仁美村仁美路25巷8號,22.6548336,120.3939133
玄光聖堂,明明上帝,高雄市鳥松區鳥松村松埔北巷29之10號,22.667962,120.370101
北極殿,玄天上帝,高雄市鳥松區?埔村?埔路2之22號,22.6627481,120.3834306
天民聖堂,明明上帝,高雄市鳥松區?埔村松埔路77號,22.6638885,120.3817155
醉仙亭,李鐵拐 大仙翁,高雄市鳥松區?埔村大同路25之31號,22.6560532,120.3755018
旨靈宮,天上聖母,高雄市鳥松區仁美村1鄰高碼3巷1號,22.6577819,120.3893818
聖恩堂,北極玄天上帝,高雄市鳥松區?埔村松埔路41號,22.6638885,120.3817155
正德佛堂,觀世音菩薩,高雄市鳥松區大華村本館路44之8號,22.649115,120.345023
元宏寺,釋迦牟尼佛,高雄市鳥松區?埔村松埔路1之76號,22.6625021,120.3667223
高雄廣玄宮,北極真武老祖,高雄市鳥松區仁美村水管路3之215號,22.6469632,120.3873005
北極殿,玄天上帝,高雄市大樹區竹寮村7鄰57號,22.6675546,120.427121
九曲堂北極殿,玄天上帝,高雄市大樹區九曲村135號,22.6531102,120.4256805
東隆宮,溫府千歲,高雄市大樹區久堂村王爺巷64號,22.6539615,120.4191331
霞海城隍廟,霞海城隍 尊神,高雄市大樹區久堂村城隍巷5號,22.6622944,120.4208565
無水寮北極殿,玄天上帝,高雄市大樹區水安村安和街57之2號,22.6650913,120.4081351
無水寮鳳澤殿,廣澤尊王,高雄市大樹區水寮村中山路134巷32號,22.6656784,120.4104124
龍安宮,龍樹尊王,高雄市大樹區龍目村7鄰76號,22.6926141,120.409835
北極殿,玄天上帝,高雄市大樹區龍目村0鄰107號,22.6926141,120.409835
大樹保安宮,廣澤尊王,高雄市大樹區大樹村13鄰大樹路71號,22.6870293,120.430295
鳳山寺,廣澤尊王,高雄市大樹區檨腳村實踐街14號,22.6907298,120.4319638
武山廟,三仙國王,高雄市大樹區檨腳村大庄139號,22.69742,120.439962
北極殿,北極 玄天上帝,高雄市大樹區興山村2鄰19號,22.6997257,120.427121
和山寺,天上聖母,高雄市大樹區和山村4鄰,22.7138987,120.4170377
保能宮,保生大帝,高雄市大樹區姑山村5鄰76號,22.7158112,120.427121
崑明寺,釋迦佛,高雄市大樹區姑山村7鄰111號,22.7158112,120.427121
中安寺,中壇元帥,高雄市大樹區三和村2鄰17號,22.7384647,120.4213592
天后寺,天上聖母,高雄市大樹區三和村4鄰,22.7384647,120.4213592
順安宮,城隍尊王,高雄市大樹區三和村9鄰112號,22.7384647,120.4213592
與雲寺,保生大帝,高雄市大樹區三村6鄰,22.7757497,120.4506873
保興宮,保生大帝,高雄市大樹區大坑村1之5號,22.7159136,120.4458448
青雲宮,神農大帝,高雄市大樹區大坑村大坑路162之2號,22.7126817,120.4408572
鎮安宮,廣澤尊王,高雄市大樹區大坑村3鄰廿8號,22.7159136,120.4458448
溪埔保安寺,廣澤尊王,高雄市大樹區溪埔村溪埔路4巷222之1號,22.7315391,120.4471422
真武殿,北極 玄天上帝,高雄市大樹區溪埔村溪埔路1巷,22.7227046,120.4424926
崑崙宮,池府千歲,高雄市大樹區興田村122之2號,22.7422841,120.4415242
崑龍宮,觀音佛祖,高雄市大樹區興田村6鄰48號,22.7422841,120.4415242
佛光山寺,釋迦牟尼佛,高雄市大樹區興田村興田路153號,22.7413975,120.4470381
積和宮,池府千歲,高雄市大樹區姑山村919號,22.7158112,120.427121
法雷寺,阿彌陀佛,高雄市大樹區三和村5鄰三和路47-9號,22.724339,120.4299607
萬應公廟,萬應公,高雄市大樹區竹寮村13鄰114號(邊),22.6675546,120.427121
九曲堂神農宮,神農大帝,高雄市大樹區九曲村9大路333之1號,22.6531102,120.4256805
九曲堂代天府,五府千歲,高雄市大樹區久堂村2鄰久堂路城隍巷7之1號,22.6595711,120.4213296
三鳳宮,中壇元帥,高雄市大樹區井腳村井腳,22.6673634,120.4056671
聖保宮,五府千歲,高雄市大樹區小坪村1鄰1號,22.6830923,120.4040725
高雄東照山 關帝廟,關聖帝君,高雄市大樹區小坪村忠義路1號,22.693988,120.393616
代天宮,五府千歲,高雄市大樹區龍目村龍目路112之1號,22.6860755,120.4143034
三清亭,清水祖師,高雄市大樹區大樹村9鄰中正一路大坪巷38之2號,22.7066225,120.4069537
玉清宮,池府千歲,高雄市大樹區三和村三和路138之15號,22.7260531,120.4256942
廣信府,張天師,高雄市大樹區統嶺村41之1號,22.7661447,120.4300017
明修佛堂,觀世音菩薩,高雄市大樹區統嶺村統嶺路131之1號,22.7596345,120.435258
慈仙宮,天上聖母,高雄市大樹區統嶺村7鄰,22.7661447,120.4300017
玉枝仙女宮,關聖帝君,高雄市大樹區九曲村9大路505巷20號,22.6531102,120.4256805
崇聖殿,張府元帥,高雄市大樹區井腳村18號,22.6701241,120.4083944
泰安宮,廣澤尊王,高雄市大樹區溪埔村溪埔路1巷2弄,22.7227046,120.4424926
娘媽祠,娘媽,高雄市大樹區井腳村小坪頂段398號(地號),22.6701241,120.4083944
保隆宮,溫府千歲,高雄市大樹區興田村興田路69之6號,22.742713,120.4472032
光雲寺,西方三聖佛,高雄市大樹區井腳村井腳路11鄰111之15號,22.708371,120.4242401
南方鳳凰令台,觀音大士,高雄市大樹區井腳村井腳路111之19號,22.6733757,120.4079461
緣覺寺,釋迦牟尼佛,高雄市大樹區三和村三和路120之6號,22.7260531,120.4256942
祖師府,達摩祖師,高雄市大樹區龍目村龍目路130之16號,22.6852615,120.4151905
一清寺,觀音大士,高雄市大樹區小坪村小坪路87之0號,22.6763742,120.4112744
仙峰宮,福德正神,高雄市大樹區三和村三和路130號,22.7260531,120.4256942
玄都慈惠寺,瑤池金母,高雄市大樹區統嶺村統嶺路72之5號,22.7596345,120.435258
明元北極殿,北極玄天上帝,高雄市大樹區和山村和山路135號,22.7051526,120.4170258
承德堂,關雲長,高雄市大樹區水寮村中華路7之16號,22.6675886,120.4088883
三聖壇,三郎神君,高雄市大樹區永安村中山路85巷5之1號,24.40676,120.642356
金隆宮,金王爺,高雄市大樹區和山村和山路478號,22.7051526,120.4170258
紫和宮,觀音大士,高雄市大樹區大坑村大坑路125號,22.7135281,120.4412401
德基宮,蘇府王爺,高雄市大樹區興田村1之3號,22.7422841,120.4415242
?龍宮,伍聖大尊,高雄市大樹區大樹和山村和山路805之1號鄉,22.692248,120.430455
佑聖宮,保生大帝,高雄市大樹區興田村2鄰興田路12之8號,22.7359348,120.4475596
孫真府,孫臏仙師,高雄市大樹區龍目村龍目路22號,22.6877803,120.4125537
廣玄壇,真武大帝,高雄市大樹區水寮村安和街412巷109號,22.6653005,120.4066953
福德爺廟,福德正神,高雄市大樹區興田村興田路150之6號,22.7468865,120.4480828
森安宮,都城隍,高雄市旗山區太平里德義街11號,22.884958,120.478114
靈山寺,三寶佛 濟公菩薩,高雄市旗山區太平里德義街14巷17之1號,22.884759,120.478416
福德祠,福德正神,高雄市旗山區鯤洲里福壽街12號,22.850175,120.476479
旗山代天府,五府千歲,高雄市旗山區和平里義德街25之2號,22.8702492,120.4703258
旗山 三山國王廟,三山國王,高雄市旗山區和平里義德街31巷23號,22.8702492,120.4703258
竹?寺,觀音佛祖,高雄市旗山區竹?里文中路54巷40號,22.8702492,120.4703258
旗山鳳山寺,觀世音菩薩,高雄市旗山區瑞吉里民權3街1號,22.8948333,120.4840665
旗山朝天宮,天上聖母,高雄市旗山區永和里旗文路204號,22.8989754,120.4800267
紫雲堂,鄭成功,高雄市旗山區永和里旗文路284號,22.8989754,120.4800267
北清宮,北極 玄天上帝,高雄市旗山區三協里三和巷40之1號,22.871252,120.475806
三農宮,神農大地,高雄市旗山區三協里旗南一路24號,22.8861971,120.480133
龍雲寺,觀世音菩薩,高雄市旗山區三協里3桃巷9號,23.8038754,120.7150257
保安宮,保生大帝,高雄市旗山區中正里旗甲路三段177巷1號,22.941025,120.508065
鯤洲宮,李府千歲,高雄市旗山區上洲里中洲路84號,22.8523362,120.4738918
溪洲朝天宮,天上聖母,高雄市旗山區鯤洲里12鄰福壽街25號,22.851441,120.477679
雙龍寺,董公真仙 迦昆羅王,高雄市旗山區中洲里中南街26號,22.8402098,120.4678958
溪洲清德堂,五福大帝,高雄市旗山區中洲里三民巷16號,22.842513,120.471633
石岩寺,觀音佛祖,高雄市旗山區南洲里15鄰石岩巷1號,22.839413,120.464818
三龍寺,三宮大帝 三坪祖師,高雄市旗山區新光里旗南三路35號,22.8334781,120.463046
昊天宮,玄天上帝,高雄市旗山區中寮里中寮二路47號,22.819386,120.426803
代天后宮,天上聖母,高雄市旗山區東平里興中路137巷5號,22.8803226,120.4949433
妙蓮庵,釋迦牟尼佛,高雄市旗山區東平里竹寮巷34號,22.9034398,120.4979687
旗美 褒忠義民廟,褒忠義民,高雄市旗山區東平里義民巷23號,22.8917728,120.4973868
五龍山鳳山寺,觀世音菩薩,高雄市旗山區東昌里南寮巷37號,22.8680379,120.4895142
清雲寺,如來佛祖,高雄市旗山區太平里樂和街42之1號,22.882853,120.476791
碧雲寺,觀世音佛祖,高雄市旗山區南勝里旗南三路240號,22.790396,120.455944
北辰宮,北極 玄天上帝,高雄市旗山區南勝里旗南三路163之1號,22.805789,120.460471
三合北極殿,北極 玄天上帝,高雄市旗山區南勝里尚和巷8號,22.816539,120.461308
旗山文武廟,文衡聖帝,高雄市旗山區瑞吉里延平一路468巷24號,22.8913141,120.48287
白鶴寺,觀音佛祖,高雄市旗山區太平里義德街14巷511號,22.8912897,120.4791858
興安宮,孚佑帝君,高雄市旗山區湄洲里永福街515巷211號,22.8871188,120.4820506
五帝廟,五福大帝,高雄市旗山區三協里3桃巷7號,23.8038754,120.7150257
地皇宮,地藏王菩薩,高雄市旗山區上洲里銀店街4號,22.854823,120.475491
忠義堂,忠義聖君,高雄市旗山區上洲里中洲路,22.8548031,120.47418
五龍殿,五福大帝,高雄市旗山區和平里義德街315巷3號,22.8702492,120.4703258
圓潭慈雲寺,觀音佛祖,高雄市旗山區圓富里旗甲陸二段256巷4號,22.920353,120.4968431
太平寺,南無阿彌陀佛,高雄市旗山區鼓山里中正路913巷1號,22.9169876,120.4607224
天后宮,天上聖母,高雄市旗山區湄洲里永福街23巷16號,22.8865687,120.4826575
福德祠,福德正神,高雄市旗山區大德里中山路58巷10號,22.8849187,120.4820047
旗山李安宮,李府千歲,高雄市旗山區大德里新東街29號,22.8816498,120.4861639
七星宮,玄天上帝,高雄市旗山區瑞吉里中正路525巷88號,22.8957485,120.4791474
大林天后宮,天上聖母,高雄市旗山區大林里大林街,22.9578241,120.517813
大林泰山宮,康府元帥,高雄市旗山區大林里溝坪路58巷1號,22.969105,120.516079
大洲龍鳳山 清水寺,清水祖師,高雄市旗山區大山里旗南二路38號,22.8484292,120.4660222
大山祖師廟,清水祖師,高雄市旗山區大山里中寮一路24之1號,22.849027,120.464183
溪洲天木宮,杜府千歲,高雄市旗山區南洲里義竹巷2號,22.837488,120.466536
廣福廣清宮,天上聖母,高雄市旗山區廣福里旗屏二路65號,22.855836,120.505057
南勝真天宮,玉皇上帝,高雄市旗山區南勝里得勝巷49之5號,22.7979107,120.4376571
鼓山坑福德祠,福德正神,高雄市旗山區旗山段615之1號,22.9048305,120.4858434
白龍庵,五福大帝,高雄市旗山區太平里德義街14巷43之1號,22.885415,120.476963
合天大道院,彌勒佛,高雄市旗山區南勝里尚和巷10號,22.816539,120.461308
佛蓮山玉善宮,王母娘娘,高雄市旗山區南勝里尚和巷,22.816539,120.461308
旗山天山寺,三寶佛祖,高雄市旗山區永和里旗文路143號,22.902431,120.478977
旗尾山朝天宮,天上聖母,高雄市旗山區東平里竹寮巷7號,22.914055,120.51227
元師壇,三仙元師,高雄市旗山區東平里竹寮巷14之1號,22.9034398,120.4979687
旗山神農宮,神農大帝,高雄市旗山區永和里旗文路123之2號,22.9026205,120.4760311
旗美龍德堂,觀世音菩薩,高雄市旗山區東平里北山巷217之1號,22.884469,120.493644
溪洲隴江宮,玄天上帝,高雄市旗山區南洲里民裕巷17號,22.843505,120.4614994
崇華道院,明明上帝,高雄市旗山區華川路611號,22.8131805,120.4590182
聖中宮,天上聖母,高雄市旗山區三協里仁山巷1號,22.8702492,120.4703258
天華寶宮,彌勒佛,高雄市旗山區南勝里13鄰尚和巷6號,22.816539,120.461308
旗峰寺,觀世音菩薩,高雄市旗山區中洲里中南街65號,22.8444351,120.471723
順興宮,三府千歲,高雄市旗山區永和里延平一路187號,22.896245,120.483721
修一堂,周倉爺,高雄市旗山區南勝里旗南三路245號,22.790396,120.455944
代天府,五府千歲,高雄市旗山區三協里旗亭巷3之1號,22.887824,120.454372
玉京承天府,三官大帝,高雄市旗山區南勝里得勝巷18號,22.796425,120.456202
吉祥寺,釋迦牟尼佛,高雄市旗山區南勝里龍文巷49號,22.7822367,120.4446332
法華禪寺,釋迦牟尼佛,高雄市旗山區華山1巷25號,22.9316751,120.5003251
玉明寺,觀世音菩薩,高雄市旗山區六張犁巷13之1號,22.916558,120.488293
無極聖母宮,聖母娘娘,高雄市旗山區東平里東圳巷17弄13號,22.8832941,120.497596
南勝聖母宮,天上聖母,高雄市旗山區南勝里得勝巷1之2號,22.796425,120.456202
無極九天龍鳳宮,九天玄女,高雄市旗山區新光里0鄰旗南三路123之1號,22.831086,120.461859
溪洲鳳山寺,觀音大世,高雄市旗山區中洲里中南街47之5號,22.842651,120.469446
龍文清水壇,清水祖師,高雄市旗山區南勝里旗南三路194之16號,22.790396,120.455944
天元精舍道院,道濟仙師,高雄市旗山區南勝里旗南三路243之6號,22.7732954,120.4408271
了塵精舍,釋迦牟尼佛,高雄市旗山區東平里竹寮巷7之1號,22.914055,120.51227
九天寺,觀世音菩薩,高雄市旗山區延平一路798號之1,22.8834812,120.483146
天照寺,釋迦牟尼佛,高雄市旗山區成功4街9號,22.8792471,120.465491
天元精舍道院,道濟仙師,高雄市旗山區南勝里旗南三路243之6號,22.7732954,120.4408271
了塵精舍,釋迦牟尼佛,高雄市旗山區東平里竹寮巷7之1號,22.914055,120.51227
九天寺,觀音菩薩,高雄市旗山區延平一路798之1,22.8834812,120.483146
天照寺,釋迦牟尼佛,高雄市旗山區成功4街9號,22.8792471,120.465491
法雲寺,釋迦牟尼佛,高雄市旗山區南勝里龍文巷6鄰48號,22.779611,120.446538
圓富福德祠,福德正神,高雄市旗山區圓富里華山1巷旁,22.9210563,120.4962417
口隘白龍庵,五福大帝,高雄市旗山區圓富里泰山7巷,22.921646,120.497393
旗山聖后宮,天上聖母,高雄市旗山區永和里六張犁巷39號邊,22.9132561,120.488089
新光大雄山燃燈寺,觀音菩薩,高雄市旗山區新光里新南巷19號,22.8342789,120.455032
西竹堂,觀音菩薩,高雄市美濃區中圳里圓山街48號,22.9164386,120.5440435
崇光寺,三寶佛,高雄市美濃區中圳里圓山街49號,22.9164386,120.5440435
觀音廟,觀音菩薩,高雄市美濃區中圳里圓山街47號,22.9164386,120.5440435
劉公聖君宮,劉公聖君,高雄市美濃區東門里永安路19巷37號,22.8981061,120.545472
淨慈院,觀世音菩薩,高雄市美濃區泰安里泰安路176號,22.9022634,120.541219
廣善堂,玉皇上帝,高雄市美濃區瀰濃里福美路281號,22.9075182,120.529653
紫林寺,觀音佛祖,高雄市美濃區瀰濃里福美路208號,22.9110557,120.544631
天后宮,天上聖母,高雄市美濃區瀰濃里永安路269巷1號,22.902317,120.5339979
福德祠,福德正神,高雄市美濃區合和里中正路一段167巷1號,22.8964317,120.5438017
紫林宮,觀音佛祖,高雄市美濃區合和里中正路一段167巷12號,22.896718,120.5439873
聖君廟,觀音佛祖,高雄市美濃區合和里成功路380巷211號,22.888132,120.556623
福安天后祠,天上聖母,高雄市美濃區福安里福安街21號,22.8962702,120.5238911
雷音寺,釋迦牟尼佛,高雄市美濃區福安里福美路496巷26號,22.9052135,120.5228353
清泉堂,觀音菩薩,高雄市美濃區福安里福美路620巷10號,22.9110557,120.544631
善誘堂,關聖帝君,高雄市美濃區祿興里石橋6號,22.8783036,120.5538065
德興宮,觀世音菩薩,高雄市美濃區德興里光明路78號,22.8741918,120.5207778
靈雲寺,三寶佛像,高雄市美濃區德興里永華街60號,22.8789579,120.5243332
輔天五穀宮,三穀 神農大帝,高雄市美濃區中壇里19鄰5穀街32號,22.8684603,120.5423015
北極宮,玄天上帝,高雄市美濃區吉東里上9寮4之2號,22.8535291,120.535046
廣化廟,釋迦牟尼佛,高雄市美濃區龍肚里龍蘭街9號,22.879073,120.58084
天雲宮,觀音佛祖,高雄市美濃區龍肚里茶頂街2號,22.887092,120.589075
清泉寺,觀音佛祖,高雄市美濃區龍肚里茶頂街4號,22.885325,120.584567
聖母宮,媽祖,高雄市美濃區龍肚里柳樹塘8之1號,22.893057,120.576155
朝天五穀宮,五穀 神農大帝,高雄市美濃區獅山里14鄰龜山18號,22.8546069,120.5670869
代天水德宮,水德聖君,高雄市美濃區獅山里竹子門,22.871027,120.580664
清水宮,清水祖師,高雄市美濃區龍山里文化街6巷20號,22.8828088,120.5725622
南山宮,玄天上帝,高雄市美濃區龍山里龍山街37號,22.8781787,120.5632614
善化堂,關雲長,高雄市美濃區興隆里興隆街35號,22.923936,120.576492
三山國王宮,三山國王,高雄市美濃區興隆里廣興街148號,22.9170142,120.5671435
千佛山福慧寺,觀音菩薩,高雄市美濃區興隆里興隆3街150巷26號,22.9205011,120.55678
慈聖宮,天上聖母,高雄市美濃區廣德里廣興街1號,22.916692,120.566267
聖化宮,觀音菩薩,高雄市美濃區廣林里廣福街153號,22.9174573,120.5794865
朝元寺,釋迦牟尼佛,高雄市美濃區廣林里朝元90號,22.9337436,120.5876617
崇雲宮,觀音佛祖,高雄市美濃區中壇里中興路一段793號,22.886573,120.5307351
天明寺,釋迦佛,高雄市美濃區吉東里中正路三段595號,22.8570471,120.534954
開源寺,三寶佛,高雄市美濃區德興里12鄰上興街14巷17號,22.875025,120.535828
紫雲宮,觀音佛祖,高雄市美濃區清水里忠孝路二段3號,22.870672,120.524154
南清宮,朱府千歲,高雄市美濃區吉洋里外6寮50號,22.7693601,120.402416
救世宮,濟公菩薩,高雄市美濃區吉東里6寮11號,22.863656,120.537167
聖妙宮,觀世音菩薩,高雄市美濃區中正路三段4巷15號,22.864725,120.5354344
水德福神壇,水德星君,高雄市美濃區吉洋里吉安48號,22.844142,120.540718
文昌宮,文昌帝君,高雄市美濃區龍肚段4248號,22.8818287,120.5538532
慈靈宮,天上聖母,高雄市美濃區吉東里吉山12號,22.851486,120.549297
慈惠指南宮,瑤池 金母娘娘,高雄市美濃區廣林里雙溪116號,22.9481687,120.6084832
湧峰堂,觀世音菩薩,高雄市美濃區興隆里興隆街17之1號,22.923936,120.576492
獅山天后宮,天上聖母,高雄市美濃區獅山里龜山街41號,22.863828,120.566887
無為堂,觀音菩薩,高雄市美濃區獅山里竹門17號,22.857021,120.5710804
聖天宮,張公聖君,高雄市美濃區德興里中正路二段431巷1之3號,22.8713841,120.536959
一心寺,王寶佛,高雄市美濃區龍肚里茶頂街16之6號,22.88549,120.583967
聖君廟,張公聖君,高雄市美濃區合禾里成功路380巷21號,22.8865887,120.5557703
大同聖堂,明明上帝,高雄市美濃區廣德里13鄰民族路54之8號,22.9075698,120.5591509
蜜砵蘭若,釋迦牟尼佛,高雄市美濃區圓山街56號,22.9164386,120.5440435
慈仙佛堂,彌勒佛,高雄市美濃區祿興里新興街26巷105號,22.8958281,120.533369
蓮花山彌陀寺,釋迦牟尼佛,高雄市美濃區合和里泰和路7之5號,22.8833526,120.5671127
三道太子宮,中壇元帥,高雄市美濃區獅山里龜山街太子巷0號,22.854599,120.566961
玉龍宮,西王金母,高雄市美濃區龍肚里柳樹塘2之1號,22.886183,120.57328
王爺廟,三山國王,高雄市美濃區中壇里中興路一段587號,22.8858921,120.53441
龍肚慈靈宮,觀音大世,高雄市美濃區獅山里獅山街54之1號,22.8722504,120.5680977
息塵寺,釋迦牟尼佛,高雄市美濃區茶頂街17之6號,22.8843768,120.5817229
朝明宮,王母娘娘,高雄市美濃區福安里13鄰福義路20之3號,22.8825761,120.5065245
至上道院,觀世音菩薩,高雄市美濃區福安里15鄰福美路582巷6號,22.8974864,120.5081227
般若寺,觀世音菩薩,高雄市美濃區福安里23鄰福美路558號,22.9110557,120.544631
南天太子宮,關聖帝君,高雄市美濃區廣林里廣9街195巷38號,22.9190267,120.5783757
慈惠鳳凰宮,瑤池金母,高雄市美濃區中圳里圓山街14號,22.9164386,120.5440435
三聖宮,觀音大世,高雄市美濃區獅山里獅山街73之0號,22.8722498,120.5680997
美濃佛教蓮社,觀世音菩薩,高雄市美濃區福美路100號,22.9110557,120.544631
寶蓮禪寺,觀世音菩薩,高雄市美濃區圓山街30之6號,22.9164386,120.5440435
無極天元佛母宮,觀世音菩薩,高雄市美濃區福安里福安街41巷0號之1,22.8904752,120.5218202
慈母堂,西王金母,高雄市美濃區中壇里忠孝路123巷36之1號,22.885168,120.530438
神農宮,五殿先帝,高雄市六龜區 六 龜村第19鄰華北街60號,,
聖天宮,媽祖,高雄市六龜區 六 龜村廿1鄰紅水坑23號,,
開元寺,觀音佛祖,高雄市六龜區義寶村2鄰光明巷1號,22.991567,120.6339697
福德宮,福德正神,高雄市六龜區義寶村廿1鄰維新街1巷2號,22.9944163,120.6373269
清德堂,五福大帝,高雄市六龜區文武村15鄰光明巷12號,22.991567,120.6339697
天龍宮,濟公,高雄市六龜區文武村6鄰河邊巷20號,22.9946249,120.6383005
天后宮,天上聖母,高雄市六龜區中興村13鄰中庄133號,23.000822,120.644783
北辰宮,玄天上帝,高雄市六龜區興龍村5鄰土龍73號,23.0117068,120.6746303
勸善堂,關聖帝君,高雄市六龜區新威村0鄰新威153號,22.902204,120.628322
楓林寺,觀音佛祖,高雄市六龜區新威村0鄰新威141號,22.902204,120.628322
聖君廟,張公聖君,高雄市六龜區新威村0鄰新威153號,22.902204,120.628322
法師宮,張公聖君,高雄市六龜區新寮村9鄰三民路116號,22.8793682,120.6113974
慈雲宮,觀音佛祖,高雄市六龜區新發村7鄰和平巷35號,23.0347401,120.6649579
鳳新宮,天上聖母,高雄市六龜區新發村3鄰獅山48號,23.0570153,120.7005044
聖君廟,張公聖君,高雄市六龜區荖濃村11鄰裕濃路50號,23.0656909,120.6721118
福龍堂,三法師,高雄市六龜區寶來村5鄰寶來2巷35號,23.1076017,120.6984965
保安宮,玄天上帝,高雄市六龜區寶來村9鄰新寶路20號,23.0978047,120.6931053
金龍山慈惠堂,無極 瑤池金母,高雄市六龜區寶來村17鄰竹林路58之1號,23.1171059,120.6947551
天台山天台宮,濟公菩薩,高雄市六龜區文武村舊庄巷83之2號,22.9797967,120.6400826
地藏精舍,釋迦牟尼佛,高雄市六龜區中興村尾庄103之3號,22.869444,120.629922
神威天臺山天臺聖宮,明明上帝,高雄市六龜區新寮村7鄰三民路81號,22.8798436,120.6126852
新開 吳將軍廟,吳將軍,高雄市六龜區新發村新開123號,23.05765,120.677474
清奉宮,觀音佛祖,高雄市六龜區荖濃村頂濃路49巷6號,23.0878673,120.6792432
妙通寺,阿彌陀佛,高雄市六龜區寶來村寶建路62號,23.1007776,120.6856409
求真道觀,太上道 德天尊,高雄市六龜區寶來村竹林3號,23.1171059,120.6947551
大行寺,普賢菩薩,高雄市六龜區中興村中庄215之2號,22.996412,120.648492
妙禪寺,釋迦牟尼佛,高雄市六龜區荖濃村水冬瓜56號,23.0668511,120.6545022
朱天宮,朱府千歲,高雄市六龜區文武村復興巷2之3號,22.9636113,120.6426713
慈善宮,天上聖母,高雄市六龜區新興村2坡129號,22.921502,120.639559
法界聖寺,觀世音菩薩,高雄市六龜區興龍村東溪山莊20號,23.0117068,120.6746303
慧嚴寺,釋迦佛,高雄市六龜區文武村舊庄巷16號,22.981473,120.6396291
觀靜寺,釋迦牟尼佛,高雄市六龜區興龍村舊潭46號,23.015029,120.666248
廣濟寺,釋迦牟尼佛,高雄市六龜區中興村尾庄52號,22.998469,120.632767
諦願寺,釋迦牟尼佛,高雄市六龜區 六 龜村紅水坑路11之1號,23.012804,120.643815
六龜福德宮,福德正神,高雄市六龜區義寶村光復路96巷2之6號,22.995729,120.63485
舊庄北極宮,玄天上帝,高雄市六龜區文武村舊庄巷75之4號,22.9797967,120.6400826
錦安堂,萬善公,高雄市六龜區文武村第22鄰舊庄巷6龜段未登錄地,22.9688234,120.6372471
北極三海宮,玄天上帝,高雄市六龜區文武村復興巷21號,22.9636095,120.6426711
聖母宮,天上聖母,高雄市六龜區中興村尾庄82號,22.998469,120.632767
靜德禪院,觀世音菩薩,高雄市六龜區興龍村土?139之4號,23.0117068,120.6746303
津鳳宮,天上聖母,高雄市六龜區大津村大津158號,22.8795815,120.6486435
清涼山 護國妙崇寺,釋迦牟尼佛,高雄市六龜區興龍村舊潭3之3號,23.0109823,120.6689117
慈佑宮,九天玄女,高雄市六龜區新發村新開85之1號,23.05765,120.677474
三慧寺,三寶佛,高雄市六龜區 六 龜村紅水坑17號,23.012804,120.643815
法印精舍,觀世音菩薩,高雄市六龜區荖濃村頂濃路100巷1之1號,23.0881065,120.6865709
義興宮,天上聖母,高雄市六龜區中興村15鄰中庄21之6號,23.000822,120.644783
會超禪林,釋迦牟尼佛,高雄市六龜區新寮村三民路125之1號,22.8798436,120.6126852
慧濟寺,西方三聖,高雄市六龜區中興村尾庄68之3號,22.998469,120.632767
普蓮蘭若,觀世音菩薩,高雄市六龜區中興村尾庄96之2號,22.998469,120.632767
文殊靜院,阿彌陀佛,高雄市六龜區荖濃村頂濃路100巷5號,23.0881065,120.6865709
六龜慈惠堂,瑤池金母,高雄市六龜區文武村復興巷26鄰33之6號,22.9636716,120.6421758
大安禪寺,釋迦牟尼佛,高雄市六龜區大津村14之1號,22.9021386,120.6487508
佛心禪寺,釋迦牟尼佛,高雄市六龜區中興村尾庄107之20號,22.869444,120.629922
大佛寺,釋迦牟尼佛,高雄市六龜區荖濃村水冬瓜32號,23.0668511,120.6545022
緣印禪林,釋迦牟尼佛,高雄市六龜區新發村獅山31之31號,23.0570153,120.7005044
印慈精舍,釋迦牟尼佛,高雄市六龜區中興村中庄148之2號,22.996412,120.648492
竺荷蘭若,西方三聖,高雄市六龜區新興村2坡33之20號,22.921502,120.639559
南垣萬靈會照宮,東華帝君,高雄市六龜區寶來村寶建路22號,23.1005391,120.6863673
法光寺,觀世音菩薩,高雄市六龜區荖濃村水冬瓜52之14號,23.0668511,120.6545022
五龍宮,五府千歲,高雄市六龜區寶來村寶建路38號,23.1005391,120.6863673
龍華聖殿,瑤池金母,高雄市六龜區興龍村東溪山莊16之8號,23.0117068,120.6746303
慈惠精舍,釋迦牟尼佛,高雄市六龜區荖濃村頂濃路100巷2之9號,23.0881065,120.6865709
空生精舍,釋迦牟尼佛,高雄市六龜區新發村22鄰新開37號,23.05765,120.677474
寶禎聖堂,明明上帝,高雄市六龜區新發村獅山78之5號,23.0214219,120.6586239
太子宮,太子爺,高雄市六龜區興龍村東溪山莊16之2號,23.0117068,120.6746303
五大仙公廟,天符神,高雄市六龜區興龍村東溪山莊16號,23.0117068,120.6746303
慈心聖堂,明明上帝,高雄市六龜區新發村獅山78之3號,23.0214219,120.6586239
乾元聖德寶宮,玄天上帝,高雄市六龜區新威村52之15號,22.9061784,120.617113
覺華寺,釋迦牟尼佛,高雄市六龜區文武村光明巷29號,22.991567,120.6339697
榖裕宮,神農大帝,高雄市六龜區興龍村東溪山莊2之1號,23.0117068,120.6746303
興天宮,天上聖母,高雄市內門區溝坪村廣福40號,22.995465,120.5014062
協夫觀音寺,觀音佛祖,高雄市內門區金竹村11鄰山上12號,23.0126326,120.5192737
龍鳳宮,協天大帝,高雄市內門區永興村坑口,22.98874,120.502159
神農宮,神農大帝,高雄市內門區內東村夏梅林4鄰,22.9195577,120.427121
山南宮,池府千歲,高雄市內門區內東村13鄰州界9號,22.926768,120.42012
龍角寺,天上聖母,高雄市內門區中埔村中埔45號,22.9288887,120.4400839
內門紫雲宮,吳公真仙,高雄市內門區觀亭村16鄰中埔頭2之1號,22.9237771,120.453932
萃文書院,文昌帝君,高雄市內門區觀亭村中正路,22.9176463,120.4558286
內門紫竹寺,觀音佛祖,高雄市內門區觀亭村中正路115巷18號,22.9170302,120.4550672
龍潭天后宮,天上聖母,高雄市內門區東埔村龍潭22號,22.923251,120.466744
內門 南海紫竹寺,觀音佛祖,高雄市內門區內豐村12鄰內埔82號,22.940734,120.457269
內門龍山寺,觀音佛祖,高雄市內門區內門村11鄰學子李9號,22.946081,120.462679
順賢宮,天上聖母,高雄市內門區內南村菜園頂8之8號,22.9126901,120.4701153
清水祖師壇,清水祖師,高雄市內門區光興村石車,22.934129,120.445732
龍角寺,天上聖母,高雄市內門區內南村腳帛寮,22.893894,120.460594
埔尾天后宮,天上聖母,高雄市內門區瑞山村埔尾12之1號,22.911478,120.445151
慈雲宮,天上聖母,高雄市內門區內東村虎頭山1號,22.919524,120.437261
金龍寺,觀音佛祖,高雄市內門區金竹村吉民47之2號,23.0126326,120.5192737
光明王寺,摩訶昆 盧遮那佛,高雄市內門區永興村頂庄32之3號,22.9743351,120.5091296
內門南海 紫竹林寺,觀音佛祖,高雄市內門區內門村內門55之3號,22.9441039,120.462928
月慧山 觀音禪院,觀世音菩薩,高雄市內門區金竹村,23.0126326,120.5192737
蓮華精舍,西方三聖,高雄市內門區永吉村玉門40號,22.9849378,120.4919227
九龍宮,法主公,高雄市內門區內東村柿仔園14號,22.9195577,120.427121
北天宮,天上聖母,高雄市內門區中埔村小烏山37號,22.926036,120.443695
海德蓮寺,西方三聖,高雄市內門區木柵村木柵66之6號,22.976715,120.468625
啟源道院,三清道祖,高雄市內門區永興里5鄰頂庄0又之2號,22.9560087,120.4703258
聚善堂,濟公活佛,高雄市內門區永富村龍山11號,22.971928,120.487294
天山文衙殿,文衡帝君,高雄市內門區金竹村吉民52之0號,23.0126326,120.5192737
朝天宮,媽祖,高雄市內門區三平村三埔4號之1,22.9617309,120.4559258
張公聖君廟,張公聖君,高雄市內門區溝坪村廣興23之6號,23.0002197,120.5020001
興安宮,媽祖,高雄市內門區光興村鴨母寮9號,22.940102,120.452133
觀音亭佛堂,西方三聖,高雄市內門區內南宮7鄰大坑3之5號,22.9560087,120.4703258
子和宮,彌勒佛,高雄市內門區永興村頂庄85號,22.9866383,120.5091977
朝元宮,真武大帝,高雄市內門區永吉村新生18號,22.9849378,120.4919227
道揚聖堂,彌勒祖師,高雄市內門區內東村夏梅林16之3號,22.9195577,120.427121
臺灣省 月眉樂善堂,關呂張三聖,高雄市杉林區月美村11鄰桐竹路241號,22.9456059,120.5324964
神農廟,神農大帝,高雄市杉林區月眉村4鄰內寮巷23號,22.9586835,120.5336665
公明宮,天上聖母,高雄市杉林區月眉村13鄰清水路公明巷24號,22.9575507,120.5269027
朝雲宮,天上聖母,高雄市杉林區月眉村廿鄰清水路朝雲巷10號,22.9586835,120.5336665
辰峰寺,觀音佛祖,高雄市杉林區上平村14鄰上仙路152巷1號,22.97523,120.5566917
竹林寺,觀音佛祖,高雄市杉林區上平村2鄰山仙路152巷13號,22.9707453,120.5498923
弘恩寺,釋迦佛,高雄市杉林區上平村24鄰山仙路152巷14號,22.9680073,120.5575739
武當廟,玄天上帝,高雄市杉林區新庄村22鄰司馬路384巷54號,22.9993937,120.5756377
德崇寺,觀音佛祖,高雄市杉林區新庄村1鄰司馬路2巷142號,22.9993937,120.5756377
龍泉寺,觀音佛祖,高雄市杉林區新庄村8鄰司馬路24巷11號,22.9805634,120.5678926
明修堂,釋迦佛,高雄市杉林區新庄村17鄰司馬路106巷8號,22.9895762,120.5665474
伍龍廟,玄天上帝,高雄市杉林區彬林鄉集來村1鄰通仙巷1號,23.0007902,120.5624474
集來龍山廟,玄天上帝,高雄市杉林區集來村16鄰通仙巷343號,23.0338834,120.5598421
北辰宮,玄天上帝,高雄市杉林區木梓村3鄰茄苳巷26號,23.0308797,120.5390834
紫竹寺,觀音佛祖,高雄市杉林區杉林村6鄰合森巷110號,22.998856,120.551394
普濟心法聖道院,關聖帝君,高雄市杉林區月眉村內寮39-3號,22.964466,120.55578
新峰寺,觀音佛祖,高雄市杉林區新庄村司馬路24巷1號,22.9993349,120.5808565
紫林寺,觀音佛祖,高雄市杉林區集來村通仙巷407之1號,23.0282806,120.5629447
無極天上殿,瑤池聖母,高雄市杉林區木梓村茄苳巷112號,23.0321,120.5380986
清修堂,地母娘,高雄市杉林區新庄村司馬路2巷3號,22.9993349,120.5808565
朝峰宮,天上聖母,高雄市杉林區木梓村茄苳巷50號,23.020969,120.5437651
威聖廟,城隍爺,高雄市杉林區集來村通仙巷177號,23.0041099,120.5764053
慈善巖,觀音佛祖,高雄市杉林區上平村山仙路152巷15號,22.9707453,120.5498923
奉天宮,張天師,高雄市杉林區木梓村茄苳巷123號,23.0315471,120.5382375
龍鳳寺,天上聖母,高雄市杉林區木梓宮茄苳巷117號,23.021733,120.544168
照雲寺,觀音佛祖,高雄市杉林區集來村通仙巷141號,23.0044844,120.5773187
妙宗寺,釋迦牟尼佛,高雄市杉林區月眉村清水路內寮巷40號,22.9628915,120.5309996
佛濟寺,釋迦牟尼佛,高雄市杉林區新庄村司馬路24巷11之2號,22.9805634,120.5678926
觀音宮,觀音菩薩,高雄市杉林區集來村通仙巷220號,23.0338834,120.5598421
南興聖佛堂,觀音佛祖,高雄市杉林區上平村大坑8號,22.971046,120.560996
有緣寺,道清仙師,高雄市杉林區集來通仙巷364之1號,23.0221773,120.5634381
宏濟精舍,藥師琉璃 光如來,高雄市杉林區集來村通仙巷345之20號,23.0338834,120.5598421
鎮安宮,盧府千歲,高雄市杉林區新’庄村小份尾司馬路384巷16號,22.997957,120.574214
金龍山濟公殿,濟公禪師,高雄市杉林區集來村通仙巷363號,23.0338834,120.5598421
通仙佛堂,九蓮佛祖,高雄市杉林區集來村5鄰通仙巷104之0號,23.0059448,120.5804135
鳳三宮,天上聖母,高雄市杉林區本梓村6鄰茄苳巷39之7號,23.0007902,120.5624474
玄龍宮,玄天上帝,高雄市杉林區本梓村11鄰茄苳巷70之2號,23.0007902,120.5624474
真天巖,九天玄女,高雄市杉林區月美桐村竹路141之1號,23.0007902,120.5624474
天台山心法寺,三寶佛,高雄市杉林區新庄村司馬路2巷56之9號,22.9993937,120.5756377
金剛法寺,阿彌陀佛,高雄市杉林區本梓村茄苳巷125之15號,23.0007902,120.5624474
通仙洞無極靈濟宮,大濟公,高雄市杉林區集來村通仙巷66號,23.0059448,120.5804135
如來聖寺,三寶佛,高雄市杉林區杉林村合森巷145號,23.0061668,120.5696393
天台山法明寺,準提佛母,高雄市杉林區集來村通仙巷236號,23.0338834,120.5598421
竹林禪寺,阿彌陀佛,高雄市杉林區杉林村合森巷5之9號,23.0126061,120.5605879
譜光精舍,釋迦牟尼佛,高雄市杉林區新庄村司馬路131之0號,22.990674,120.5667764
玄武殿,真武大帝,高雄市杉林區集來村通仙巷128之2號,23.0053071,120.5792735
普賢靈修院,觀音佛祖,高雄市杉林區杉林村合森巷31之6號,23.0126061,120.5605879
南海紫竹皇龍寺,觀音佛祖,高雄市杉林區杉林村合森巷159號,23.0081381,120.5694245
龍鳳山龍鳳寺,天上聖母,高雄市甲仙區東安村油礦巷3號,23.089569,120.611059
褒忠義民亭,義民爺令牌,高雄市甲仙區東安村油礦巷29之1號,23.089569,120.611059
凌霄寶殿,玉皇上帝,高雄市甲仙區西安村和南巷2號,23.0644779,120.5841836
開天玉府天宮,無極至尊,高雄市甲仙區西安村和南巷6號,23.062547,120.5916565
寶隆代天府 五聖宮,五府千歲,高雄市甲仙區寶隆村嶺頂巷416之2號,23.0535848,120.5728324
震威宮,玄天上帝,高雄市甲仙區關山村中興路23號,23.1102491,120.604164
奉后宮,天上聖母,高雄市甲仙區和安村2鄰,23.0964219,120.5912217
北極殿,玄天上帝,高雄市甲仙區小林村忠義路90號,23.1644334,120.6410131
三龍公廟,三山國王,高雄市甲仙區東安村白雲巷37號,23.077799,120.628681
王母宮,王母娘娘,高雄市甲仙區西安村和南巷2號,23.0644779,120.5841836
清隱寺,濟公禪師,高雄市甲仙區西安村和南巷40號,23.0625295,120.5925097
真武堂,玄天上帝,高雄市甲仙區西安村樂群巷11號,23.0716839,120.5989576
興隆精舍,釋迦牟尼佛,高雄市甲仙區文化南路4號之1,23.0784035,120.5900225
代天三安宮,濟公菩薩,高雄市甲仙區和安村竹山巷5號,23.086059,120.590629
紫霞山 大羅真宰府,九天真王,高雄市甲仙區大田村百葉巷12之1號,23.062006,120.5540461
白陽寺,觀世音菩薩,高雄市甲仙區大田村新樂巷,23.0691953,120.5682028
供德宮,九天玄女,高雄市甲仙區大田村百葉巷20號,23.0641706,120.5564637
玉天宮,天上聖母,高雄市甲仙區寶隆村光華路50巷7號,23.0481319,120.5543829
靈隱寺,濟公活佛,高雄市甲仙區寶隆村光華路28號,23.0481319,120.5543829
三聖宮,天上聖母,高雄市甲仙區關山村中和巷,23.107888,120.6022376
龍虎山白鶴寺,觀音佛祖,高雄市甲仙區東安村油礦巷9號,23.089569,120.611059
開天宮,伏羲先帝,高雄市甲仙區和安村4德巷1號,23.0895648,120.5881097
佛心禪寺,釋迦牟尼佛,高雄市甲仙區關山村關東巷2號,23.1138433,120.614775
妙音寺,觀世音菩薩,高雄市甲仙區西安村和南巷18之6號,23.062547,120.5916565
慈仁淨院,釋迦牟尼佛,高雄市甲仙區關山村嘉雲巷22號,23.1127991,120.6303551
玉旨宮,圓通 自在天尊,高雄市甲仙區大田村中園路37巷15號,23.05903,120.5645541
褒忠福玄壇,吳府三千歲,高雄市甲仙區關山村關東巷19之1號,23.1138433,120.614775
天岳山 梵音禪寺,釋迦牟尼佛,高雄市甲仙區大村百葉巷16號,23.0833333,120.5833333
慈雲殿,觀音佛祖,高雄市甲仙區大田村3鄰,23.0691953,120.5682028
白雲寺,劉府千歲,高雄市甲仙區東安村白雲巷3號,23.077799,120.628681
法泉寺,釋迦牟尼佛,高雄市甲仙區西安村樂群巷2之1號,23.0749806,120.5954617
五帝廟,五福大帝,高雄市甲仙區大田村新興路,23.0760003,120.581837
仙溪蘭若,釋迦牟尼佛,高雄市甲仙區關山村中和巷291號,23.107888,120.6022376
清龍巖,觀音佛祖,高雄市甲仙區關山村嘉雲巷3之16號,23.1105994,120.6186383
六化寺,釋迦牟尼佛,高雄市甲仙區和安村4德巷13之1號,23.0895648,120.5881097
南德府,五王千歲,高雄市甲仙區西安村樂群巷1之1號,23.0749806,120.5954617
天岳山祇園寺,三寶佛,高雄市甲仙區大田村百葉巷13之1號,23.062006,120.5540461
天源宮,無極皇媽,高雄市甲仙區西安村和南巷18之8號,23.062547,120.5916565
五龍山聖天宮,天上聖母,高雄市甲仙區大甲村百葉巷12之1號,23.0833333,120.5833333
聖道堂,關聖帝君,高雄市甲仙區東安村文化南路7號,23.0784035,120.5900225
慈雲精舍,觀世音菩薩,高雄市甲仙區西安村和南巷6之2號,23.062547,120.5916565
寂圓精舍,釋迦牟尼佛,高雄市甲仙區寶隆村嶺頂巷7安之2號,23.0490501,120.56002
聖保宮,林府四元帥,高雄市甲仙區大田村百葉巷8之2號,23.062006,120.5540461
修緣寺,濟公活佛,高雄市甲仙區大田村新興路13之2號,23.0740091,120.5808659
龍虎山紫雲殿,玄天上帝,高雄市甲仙區寶隆村嶺頂巷11號,23.0535848,120.5728324
妙明寺,釋迦牟尼佛,高雄市桃源區興中巷5之1號,23.130384,120.7188924
?池宮,西王金母,高雄市三民區三民鄉民族村雙連掘21號,22.6483444,120.3262535
萬福宮,五府千歲,高雄市茄萣區萬福村白砂路237號,22.9133646,120.1852534
白雲寺,釋迦牟尼佛,高雄市茄萣區白雲村16鄰文化路47號,22.9107642,120.1828904
大仙禪寺,釋迦牟尼佛,高雄市茄萣區白雲村16鄰文化路47之1號,22.9107642,120.1828904
威武廟,威烈侯,高雄市茄萣區白雲村白砂路5號,22.9074921,120.184001
賜福宮,天上聖母,高雄市茄萣區嘉泰村茄萣路二段57號,22.9012779,120.1830689
九星壇,九天玄女,高雄市茄萣區和協村11鄰港埔2街1號,22.898139,120.1867239
金鑾宮,天上聖母,高雄市茄萣區保定村港東街111號,22.8952035,120.1841239
碧蓮寺,釋迦牟尼佛,高雄市茄萣區光定村茄萣路一段178巷17號,22.8908117,120.1856972
清水宮,清水祖師,高雄市茄萣區吉定村濱海路二段3之1號,22.8861228,120.1861818
太皇殿,太陽公,高雄市茄萣區吉定村10鄰忠孝街22號,22.8904676,120.1863634
正順廟,大使爺,高雄市茄萣區崎漏村崎漏路68號,22.8793714,120.1904766
萬興廟,萬軍主帥,高雄市茄萣區嘉賜村1鄰茄萣路958之1號,22.9012779,120.1830689
明悟堂,關聖帝君,高雄市茄萣區保定村信義路二段46號,22.8963712,120.1876272
太陽殿,太陽公,高雄市茄萣區大定村茄萣路一段228巷28號,22.8923802,120.1845605
日月殿,太陽公,高雄市茄萣區光定村5鄰茄萣路一段253之1號,22.8934414,120.1842628
聖母宮,天上聖母,高雄市茄萣區福德村福德路32號,22.9156223,120.1832873
靈霄殿,西秦老王爺,高雄市茄萣區保定村港東街50之1號,22.8959627,120.1865657
崎漏妙仙寺,三輪菩薩,高雄市茄萣區崎漏村崎漏1街96巷20號,22.8783832,120.1912228
無極總天 靈台府,王母娘娘,高雄市茄萣區白雲村公園路1號,22.9071922,120.1839366
福德祠,福德正神,高雄市茄萣區福德村福德路38號,22.9156223,120.1832873
新興宮,薛府千歲,高雄市茄萣區保定村新庄巷41弄7之1號,22.8944221,120.1863794
金鑾府,李府三千歲,高雄市茄萣區保定村信義路二段223號,22.8957261,120.1872295
順北宮,薛府王爺,高雄市茄萣區嘉賜村忠孝街202之3號,22.9015645,120.1837935
鎮福殿,開漳聖王,高雄市茄萣區光定村濱海路二段61之1號,22.8911299,120.183416
城隍廟,鄭元帥,高雄市茄萣區萬福村16鄰福德路280號,22.9131762,120.1808653
