大覺院,釋迦牟尼佛,臺中市中區平等街110號,,,24.1423149,120.681684
順天宮輔順將軍廟,輔順將軍,臺中市中區中山路328號,,,24.1441019,120.676145
萬春宮,天上聖母,臺中市中區成功路212號,,,24.1421652,120.6815387
武德宮,關聖帝君,臺中市中區三民路二段87號,,,24.142108,120.679021
國姓廟,開台聖王,臺中市中區民族路121巷10號,,,24.140499,120.678275
光明寺,阿彌陀佛,臺中市中區光復路152號,,,24.1456622,120.6791098
幸天宮,天上聖母,臺中市中區建國路159巷27號,,,24.133956,120.6771
玄靈宮,玄天上帝,臺中市中區吉祥街13號,,,24.144777,120.679454
般若精舍,阿彌陀佛,臺中市東區建德街79號,,,24.129714,120.68753
臺中樂成宮,天上聖母,臺中市東區旱溪街48號,,,24.1407017,120.6980189
新福宮,朱李池王爺,臺中市東區和平街228巷1號,,,24.1351729,120.689403
慈航禪寺,觀世音菩薩,臺中市東區精武路114號,,,24.148265,120.693812
臺中南天宮,關聖帝君,臺中市東區自由路三段309號,,,24.1429234,120.6953697
天乙宮,玉皇上帝,臺中市東區天乙街50號,,,24.12761,120.69609
福成宮,高府千歲,臺中市東區振興路92巷16號,,,24.135439,120.690101
臺中國農宮,神農大帝,臺中市東區○甲路26巷4號,,,24.1333853,120.6947551
信義街福德祠,福德正神,臺中市東區信義街148之1號,,,24.133521,120.688055
生法寺,釋迦牟尼佛,臺中市東區振興路437巷57號,,,24.132432,120.705802
順天宮,玉皇大帝,臺中市東區旱溪街373號,,,24.140368,120.705582
天皇宮,五府千歲,臺中市東區振興路280巷30號,,,24.130494,120.701323
土牛萬善堂,大眾爺,臺中市東區樂業路432之1號,,,24.1376626,120.7053441
忠孝福德宮,福德正神,臺中市東區忠孝路374號,,,24.1324809,120.689187
南門福神祠,福德正神,臺中市東區立德東街45之1號,,,24.126912,120.689069
青龍宮,三官大帝,臺中市東區練武路145巷8號,,,24.14341,120.686335
東南里福德祠,福德正神,臺中市東區旱溪西路一段560號,,,24.1468651,120.6993192
代天宮,五府千歲,臺中市東區旱溪3街85號之1,,,24.139912,120.697398
天佛寺,釋迦牟尼佛,臺中市東區龍安街60號,,,24.139962,120.708451
佛蓮社,阿彌陀佛,臺中市南區民生路23巷14號,,,24.1338954,120.6794853
靈山寺,觀世音菩薩,臺中市南區建成路1166號,,,24.1278866,120.6810889
臺中林氏宗廟,天上聖母,臺中市南區國光路55號,,,24.1314449,120.6774763
城隍廟,城隍尊神,臺中市南區合作街94巷50號,,,24.1285202,120.6812346
臺灣省 醒修宮,關聖帝君,臺中市南區國光路94號,,,24.130085,120.67709
臺灣省 贊化堂,觀聖帝君,臺中市南區建成路1011巷11號,,,24.1288029,120.6844811
臺中佛會館,釋迦牟尼佛,臺中市南區正義街102號,,,24.1306103,120.679733
慈明寺,釋迦牟尼佛,臺中市南區合作街109號,,,24.127575,120.68265
福興宮,三府王爺,臺中市南區福南街100巷2號,,,24.1238569,120.666956
永興宮,三府王爺,臺中市南區大慶街一段永興4巷3號,,,24.1125237,120.6594308
馬王宮,馬府千歲,臺中市南區南平路156號,,,24.122893,120.665254
玉聖宮,天上聖母,臺中市南區復興路三段384巷20號,,,24.13387,120.682905
福隆宮,溫府千歲,臺中市南區學府路69巷1號,,,24.1250789,120.674861
江川里福德宮,福德正神,臺中市南區永和街155號,,,24.12501,120.6709427
保安佛堂,釋迦牟尼佛,臺中市南區江厝東巷17號,,,24.1196339,120.6602534
復興宮,天上聖母,臺中市南區有恆街9巷1之1號,,,24.1322533,120.6756794
尊天宮,玄天上帝,臺中市南區五權南路370號,,,24.120886,120.670197
妙天宮,天上聖母,臺中市南區民意街83號,,,24.130147,120.6838135
北極玄元宮,真武大帝,臺中市南區三民路一段5之1號,,,24.12834,120.666961
奉興宮,三府王爺,臺中市南區愛國街109號,,,24.1313641,120.6789719
觀善寺,觀世音菩薩,臺中市西區三民路一段113號,,,24.1336009,120.670197
法華寺,釋迦牟尼佛,臺中市西區居仁街2號,,,24.135613,120.681073
三元寺,釋迦牟尼佛,臺中市西區向上路一段128之1號,,,24.147001,120.662645
天道三佛院,彌勒佛,臺中市西區台中港路一段360巷35號,,,24.1577919,120.662134
台中市均安宮,三府王爺,臺中市西區後龍里梅川東路一段81號,,,24.147891,120.671329
慈聖宮,張府天師,臺中市西區建國北路三段1號,,,24.130145,120.668491
應天宮蘇府王爺廟,蘇府千歲,臺中市西區中興街363號,,,24.156616,120.66492
公正福德祠,福德正神,臺中市西區公正路210巷1號,,,24.149192,120.662144
臺中佛居士林,釋迦牟尼佛,臺中市西區五權路92號,,,24.147165,120.6731344
菩提場,釋迦牟尼佛,臺中市西區四維街3巷1號,,,24.1365,120.676245
正覺佛堂,釋迦牟尼佛,臺中市西區福人街90巷3號,,,24.143196,120.659069
長春堂,真武大帝,臺中市西區中美街477號,,,24.155444,120.66113
上公館福德宮,福德正神,臺中市西區柳川東路二段125巷16號,,,24.136981,120.6690749
臺中上天宮,蘇府王爺,臺中市西區中興街60號,,,24.1459527,120.6631192
臺中臨水宮,順天聖母,臺中市西區五廊街102號,,,24.138548,120.66694
民德堂,觀世音菩薩,臺中市西區篤行路146巷13號,,,24.150224,120.675037
能仁寺,地藏王菩薩,臺中市西區南屯路大忠南街115號,,,24.1351311,120.6551439
東興福德廟,福德正神,臺中市西區大進街153號,,,24.1445466,120.6512999
奉順宮,九天玄女,臺中市西區三民西路56號,,,24.131592,120.666797
德順宮,三府王爺,臺中市西區南屯路一段230號,,,24.133441,120.6592873
麻園頭福德祠,福德正神,臺中市西區長春街27號,,,24.1540415,120.6609428
臺中興農宮,神農大帝,臺中市西區台中港路一段283巷33號,,,24.153357,120.662191
藍興福德祠,福德正神,臺中市西區大全街61巷6之1號,,,24.1372329,120.67224
寶善寺,釋迦牟尼佛,臺中市北區太平路167號,,,24.1492619,120.680267
臺中聖賢堂,關聖帝君,臺中市北區邱厝南巷61之1號,,,24.1604662,120.686168
明德宮天聖堂,關聖帝君,臺中市北區忠明7街10號,,,24.1640829,120.67044
行聖宮,關聖帝君,臺中市北區衛道路208號,,,24.16271,120.683153
北臺中城隍廟,城隍尊神,臺中市北區大誠街131巷17弄12號,,,24.148462,120.680968
靈聖宮,關聖帝君,臺中市北區原子街12號,,,24.145341,120.673405
寶覺寺,釋迦牟尼佛,臺中市北區健行路140號,,,24.1594208,120.6878198
圓覺院,釋迦牟尼佛,臺中市北區大雅路52號,,,24.153191,120.677553
臺中慈音寺,釋迦牟尼佛,臺中市北區健行路319巷12號,,,24.158447,120.684392
法崇寺,釋迦牟尼佛,臺中市北區崇德路一段106號,,,24.1572859,120.685318
元保宮,保生大帝,臺中市北區梅川西路三段109號,,,24.1628328,120.676291
清德宮,順正大王公,臺中市北區精武路568號,,,24.1458825,120.6824602
保安宮,五府千歲,臺中市北區成功路430巷21號,,,24.1468181,120.6768028
臺中順興宮,薛府千歲,臺中市北區大誠街148巷31號,,,24.144523,120.678293
集玄宮,真武大帝,臺中市北區博館東街15號,,,24.154489,120.666129
太子宮,中壇元帥,臺中市北區民族路322號,,,24.145555,120.673021
臺中重生堂,關聖帝君,臺中市北區陝西路81號,,,24.1706809,120.668006
景聖宮,蘇府王爺,臺中市北區英士路31號,,,24.1515636,120.6754165
仙鴻宮,荷葉仙師,臺中市北區柳川東路四段101號,,,24.154675,120.680855
蓮友精舍,觀世音菩薩,臺中市北區衛道路69號,,,24.162603,120.687861
善修宮,關聖帝君,臺中市北區大誠街131巷2號,,,24.14856,120.681298
聖天佛帝宮,關聖帝君,臺中市北區民權路313號,,,24.1546252,120.6703542
南淨普庭岩,釋迦牟尼佛,臺中市北區中達街30號,,,24.153196,120.672692
慎齋堂,釋迦牟尼佛,臺中市北屯區山西路二段272號,,,24.1769076,120.6767805
大山寺,釋迦牟尼佛,臺中市北屯區軍和巷3號,,,24.178484,120.7243696
四張犁文昌廟,文昌帝君,臺中市北屯區昌平路二段41號,,,24.1909422,120.6847361
四張犁三官堂,三官大帝,臺中市北屯區昌平路二段68號,,,24.192033,120.682748
臺中九龍宮,九聖帝,臺中市北屯區九龍街502號,,,24.1674702,120.6968582
聖壽宮,關聖帝君,臺中市北屯區東山路二段56號,,,24.1828549,120.745036
崇聖寶殿,關聖帝君,臺中市北屯區東山路二段53號,,,24.180907,120.742324
慈善寺,釋迦牟尼佛,臺中市北屯區天津路四段198號,,,24.168189,120.690253
正覺寺,觀世音菩薩,臺中市北屯區軍和巷2號,,,24.177481,120.725593
中天寺,釋迦牟尼佛,臺中市北屯區苧園巷6號,,,24.1705349,120.754355
松竹寺,觀世音菩薩,臺中市北屯區松竹路304號,,,24.184912,120.678002
湧蓮苑,釋迦牟尼佛,臺中市北屯區大鵬路52巷2弄1號,,,24.17862,120.6667987
南普陀,釋迦牟尼佛,臺中市北屯區軍和巷4號,,,24.174873,120.715399
福慧寺,釋迦牟尼佛,臺中市北屯區東山路二段132之10號,,,24.2004166,120.7562325
淨願寺,釋迦牟尼佛,臺中市北屯區雷中街81巷8號,,,24.184572,120.669742
紫微宮,三官大帝,臺中市北屯區同平巷2號,,,24.1832199,120.666455
南興宮,天上聖母,臺中市北屯區舊社巷43號,,,24.180545,120.705986
北屯上天宮,天上聖母,臺中市北屯區太原路三段405號,,,24.165359,120.698301
軍福宮,三府王爺,臺中市北屯區東山路一段297號,,,24.176066,120.720565
聖德禪寺,釋迦牟尼佛,臺中市北屯區青島路四段39之1號,,,24.168445,120.686674
瑞昌宮,太子元帥,臺中市北屯區同樂巷7號,,,24.199661,120.67871
武德廣天宮,財神爺,臺中市北屯區遼陽5街131號,,,24.17173,120.695574
北屯水仙宮,水仙尊王,臺中市北屯區太原路三段269巷36號,,,24.1658961,120.693526
松竹福德祠,福德正神,臺中市北屯區松竹路308號,,,24.184828,120.678152
慈光寺,釋迦牟尼佛,臺中市北屯區同樂巷7之1號,,,24.199301,120.679102
佛法山寺,釋迦牟尼佛,臺中市北屯區大湖巷23號,,,24.213222,120.752068
光照寺,阿彌陀佛,臺中市北屯區昌平路二段18之25號,,,24.1843471,120.6874614
金剛山般若學苑,釋迦牟尼佛,臺中市北屯區光西巷68之1號,,,24.1845029,120.7420517
臺中聖天堂,觀世音菩薩,臺中市北屯區建成巷19號,,,24.1872035,120.7227026
紫蓮精舍,阿彌陀佛,臺中市北屯區大連北街94號,,,24.1780739,120.672769
昌明聖堂,一旡宗主,臺中市北屯區雷中街2巷4號,,,24.181444,120.669455
福順宮,三府王爺,臺中市北屯區軍和巷82號,,,24.17928,120.723935
水湳里福德宮,福德正神,臺中市北屯區大連路一段160之1號,,,24.176975,120.675382
興安宮,天上聖母,臺中市北屯區中l巷100號,,,24.1806984,120.7464897
億壽院,觀世音菩薩,臺中市北屯區大湖巷5之1號,,,24.2119666,120.754449
北屯福德祠,福德正神,臺中市北屯區太原路三段376巷6號,,,24.1645089,120.706526
東光福德祠,福德正神,臺中市北屯區東山路一段101號,,,24.169985,120.702647
北屯萬善堂,大眾爺,臺中市北屯區昌平路一段30之13號,,,24.166405,120.694248
臺灣省無極天聖宮,混元老祖,臺中市北屯區東山路二段51之9巷30號,,,24.180828,120.741838
大坑口福德祠,福德正神,臺中市北屯區北屯路240巷20號,,,24.171723,120.698974
水景福隆宮,三府王爺,臺中市北屯區景賢街30號,,,24.1668646,120.7226123
松聖宮,天上聖母,臺中市北屯區松竹路308號,,,24.184828,120.678152
四張犁萬善堂,大眾爺,臺中市北屯區昌平路二段156巷100之1號,,,24.1926429,120.682385
玉佛寺,觀世音菩薩,臺中市北屯區苧園巷20之1號,,,24.176173,120.756519
下水湳福德祠,土地公 土地婆,臺中市北屯區中清路41巷3弄16號,,,24.176059,120.669588
慈后宮,天上聖母老六媽祖,臺中市北屯區東光路一段33巷11號,,,24.1692976,120.7020645
三川福德祠,福德正神,臺中市北屯區太原路三段535之1號,,,24.1649574,120.7023519
崇華佛堂,明明上帝,臺中市北屯區光西巷229之1號,,,24.203994,120.754118
南天直轄臺中 玄德道院,南天文衡聖帝,臺中市北屯區環中路一段878號,,,24.2012572,120.6683875
臺中北屯慈惠堂,瑤池金母,臺中市北屯區北坑巷16之2號,,,24.16168,120.744965
中州收圓天道總壇,無極老母,臺中市北屯區苧園巷49之3號,,,24.175791,120.753434
普門學苑,觀世音菩薩,臺中市北屯區水景巷34之12號14,,,24.1721867,120.7113073
水湳佛蓮社,西方三聖,臺中市西屯區大鵬路57號,,,24.178042,120.666275
福壽宮,三府王爺,臺中市西屯區青海路一段60號,,,24.164026,120.6561
清隆福宮,三官大帝,臺中市西屯區西安街2號,,,24.182079,120.648062
普濟寺,釋迦牟尼佛,臺中市西屯區臺中港路三段158號,,,24.184195,120.6080441
隆興宮,三府王爺,臺中市西屯區光明路118號,,,24.180431,120.639124
啟興宮,開漳聖王,臺中市西屯區黎明路二段669巷20號,,,24.158838,120.632944
永安宮,三府王爺,臺中市西屯區永安1巷17號,,,24.186749,120.627238
永興宮,三府王爺,臺中市西屯區安林路29號,,,24.197634,120.623297
廣興宮,太子元帥,臺中市西屯區廣福路244號,,,24.1984573,120.6427702
慈賢宮,張府天師,臺中市西屯區安和路84號,,,24.170387,120.623871
龍聖宮,太子元帥,臺中市西屯區龍洋巷24之1號,,,24.1606429,120.626983
大河里福德祠,福德正神,臺中市西屯區大河1巷17號,,,24.171386,120.653234
惠來里福德祠,福德正神,臺中市西屯區雙張巷34號,,,24.1848198,120.6314948
慈雲寺,釋迦牟尼佛,臺中市西屯區福上巷303號,,,24.174413,120.6463
正覺堂,釋迦牟尼佛,臺中市西屯區西安南巷5號,,,24.177897,120.639236
大福宮,福德正神,臺中市西屯區工業一路94巷6號,,,24.176713,120.61392
何厝庄福德祠,福德正神,臺中市西屯區甘州5街52號,,,24.1643432,120.6564862
何安福德宮,福德正神,臺中市西屯區西屯路二段吉本巷7號,,,24.166274,120.6534122
協和民義堂,百姓公,臺中市西屯區工業四路4號,,,24.164238,120.6112837
慈德慈惠堂,西王金母,臺中市西屯區大墩19街82號,,,24.157674,120.653349
武兌宮,天宮五路武財神無完財神尊,臺中市西屯區湳仔巷9之1號,,,24.174988,120.644766
正承佛院,明明上帝,臺中市西屯區西屯路三段179號旁,,,24.18881,120.616045
萬和宮,天上聖母,臺中市南屯區萬和路一段51號,,,24.1378632,120.6392543
文昌公廟,文昌帝君,臺中市南屯區文昌街100號,,,24.1379773,120.6386084
水安宮,諸府千歲,臺中市南屯區水安街6號,,,24.1528576,120.6467362
保安宮,三府王爺,臺中市南屯區忠勇路73之1號,,,24.1459789,120.614223
成興宮,三府王爺,臺中市南屯區中和巷11號,,,24.117479,120.621115
春社里復興宮,楓府千歲,臺中市南屯區永春路45號,,,24.1390619,120.612362
天順宮,天上聖母,臺中市南屯區鎮和巷11號,,,24.126803,120.624176
善修佛堂,觀世音菩薩,臺中市南屯區萬和路二段36號,,,24.1402989,120.640206
廖壹善堂,觀世音菩薩,臺中市南屯區忠勇路59號,,,24.1445149,120.614512
南府堂,觀音佛祖,臺中市南屯區文心南六路256號,,,24.130934,120.649308
壽明宮,正一張府天師,臺中市南屯區忠勇路17之60號,,,24.130873,120.6093741
天慈大道院,彌勒佛祖,臺中市南屯區文心南三路1000號,,,24.1341752,120.6368916
千佛山大雲寺,釋迦牟尼佛,臺中市南屯區文心南二路130號,,,24.1359646,120.6456587
臺中汨音寺,地藏王菩薩,臺中市南屯區同安南巷12號,,,24.1295,120.611063
楓興宮,觀音佛祖,臺中市南屯區楓樹巷25號,,,24.117008,120.631856
犁頭店 福德廟,福德正神,臺中市南屯區萬和路一段56之11號,,,24.1376309,120.639391
田心福德廟,福德正神,臺中市南屯區田心北3巷1號,,,24.138755,120.641748
聖帥宮,中壇元帥,臺中市南屯區水碓巷24號,,,24.1268659,120.629692
鎮平里福德祠,福德正神,臺中市南屯區鎮和巷12之1號,,,24.127603,120.624319
新庄子永和宮,三府王爺,臺中市南屯區南屯路三段新生北巷11號,,,24.1398681,120.6381722
新庄子福德祠,福德正神,臺中市南屯區新生北巷11號,,,24.151329,120.625864
豐樂里福德廟,福德正神,臺中市南屯區文心南五路369號,,,24.1320635,120.6439378
黎明福德祠,福德正神,臺中市南屯區干城街202巷1弄1號,,,24.152619,120.628134
中和里福德宮,福德正神,臺中市南屯區中和巷39之6號,,,24.115967,120.623942
菩堤光精舍,阿彌陀佛,臺中市南屯區同安南巷2號,,,24.129571,120.610995
觀聖佛寺,觀世音菩薩,臺中市南屯區干城街216巷4號,,,24.151833,120.630179
寺廟有應公,地藏王菩薩,臺中市南屯區南屯路三段56號,,,24.1398681,120.6381722
永定里 福德祠,福德正神,臺中市南屯區永鎮巷13之9號,,,24.138467,120.633294
太元宮,中壇元帥,臺中市南屯區大英街589號,,,24.153953,120.648597
寶山禪寺,三寶佛,臺中市南屯區文心南五路350巷5號,,,24.132419,120.641889
太和宮,媽祖,臺中市太平區太平里太平19街11號,,,24.132376,120.717536
福德祠,福德正神,臺中市太平區太平里中南路13之1號,,,24.124189,120.715094
福德祠,福德正神,臺中市太平區新福里振福路215巷52號,,,24.1501195,120.705835
福德祠,土地公,臺中市太平區新光里新光路7之1號,,,24.1557405,120.7099086
慈光寺,釋迦牟尼佛,臺中市太平區坪林里坪林路50號,,,24.146697,120.739211
福嚴寺,釋迦牟尼佛,臺中市太平區頭汴里長龍路一段168號,,,24.1309413,120.741764
淨業精舍,釋迦牟尼佛,臺中市太平區光隆里18鄰7星5之2號,,,24.2332076,120.9417368
聖和宮,天上聖母,臺中市太平區頭汴里長龍路內城2巷15號,,,24.1208613,120.7542696
觀音座蓮寺,釋迦牟尼佛,臺中市太平區頭汴里長龍路北田巷261號,,,24.1229217,120.7507183
廣興宮,三府王爺,臺中市太平區興隆里興龍路56號,,,24.2332076,120.9417368
台中代金天仙宮府,金童仙子,臺中市太平區興隆里光興路240巷60號,,,24.119178,120.734774
天侯宮,張府天師,臺中市太平區中平里中平9街185巷15號,,,24.1225055,120.7217566
北天宮,玄天上帝,臺中市太平區中平里中平路156號,,,24.1257301,120.7181757
寶龍山慈恩巖,明明上帝,臺中市太平區東汴里山田路大湖巷19號,,,24.1174021,120.796821
護國清涼寺,西方三聖,臺中市太平區長龍路三段259號,,,24.1064218,120.7768792
佛恩寺,觀世音菩薩,臺中市太平區東汴里5鄰長龍路三段166號,,,24.10308,120.771693
淨德寺,釋迦牟尼佛,臺中市太平區黃竹里竹村路2巷28號,,,24.082753,120.7366979
願西精舍,西方三聖,臺中市太平區坪林路49之5號,,,24.145415,120.740079
佛光忍壽堂,三寶佛,臺中市太平區宜欣3街52號,,,24.143104,120.716196
玉林宮,三府王爺,臺中市太平區坪林路5號,,,24.1456938,120.7343159
聖安宮,雷府千歲,臺中市太平區宜欣里富平路30之2號,,,24.14127,120.71747
天威慈惠堂,瑤池金母,臺中市太平區頭汴里北田路中坑巷68號,,,24.2332076,120.9417368
華蓮究修院,黃帝觀世音,臺中市太平區東汴里長龍路二段328號,,,24.1173015,120.759004
華雨精舍,釋迦牟尼佛,臺中市太平區新光里振英路49號,,,24.1532374,120.7076908
南屏山空空堂,道濟禪師,臺中市太平區東汴里長龍路南國巷47號,,,24.1099269,120.7649012
開天宮,道德天尊,臺中市太平區坪林里坪林路50之20號,,,24.146697,120.739211
崇正寶宮,觀世音,臺中市太平區東平路766號,,,24.1335322,120.7172692
菩提淨園,釋迦牟尼佛,臺中市太平區東汴里長龍路四段148號,,,24.0958036,120.8080549
樂安宮,天上聖母,臺中市太平區新坪里育才路2-1號,,,24.1556,120.724285
天來寺,西方三聖,臺中市太平區東汴里6鄰長龍路四段1號,,,24.0958036,120.8080549
慈蓮堂,觀世音菩薩,臺中市太平區頭汴里長龍路一段內城1巷66號,,,24.1277109,120.749095
玉皇宮,玉皇大帝,臺中市太平區中興里東平路639號,,,24.1331299,120.715523
龍華山慈惠堂,瑤池金母,臺中市太平區長龍路二段南國巷48號,,,24.0954885,120.7750341
靈元監修院,九天玄女,臺中市太平區頭汴坑長龍路四段135巷39號,,,24.2332076,120.9417368
聖明堂,關聖帝君,臺中市太平區頭汴里長龍路二段256號,,,24.1173015,120.759004
龍奉宮,觀音大士,臺中市太平區頭汴里北田路中坑巷116號,,,24.2332076,120.9417368
靈仙宗道院,瑤池金母,臺中市太平區中山路四段262巷111號,,,24.148132,120.704409
開基太白仙宮,太白金仙,臺中市太平區頭汴里長龍路二段596巷7號,,,24.1173015,120.759004
慈興宮,天上聖母,臺中市太平區光華里大興13街93巷68號,,,24.1541624,120.7302924
北極殿,北極玄天上帝,臺中市太平區東汴里長龍路三段23巷11號,,,24.1086918,120.7668939
妙洸精舍,三寶佛,臺中市太平區長龍路一段169巷136號,,,24.1309582,120.7411181
四方太子宮,三太字,臺中市太平區北田路323巷45號,,,24.123616,120.752452
六佛茅蓬,南無本師釋迦牟尼佛,臺中市太平區東汴里5鄰長龍路三段50巷25號,,,24.104178,120.7686203
天明宮,張府天師,臺中市太平區宜昌路465巷18號,,,24.1385959,120.713886
奉天三聖宮,天上聖母,臺中市太平區宜信街52巷43弄64號,,,24.1361959,120.713734
福興宮,天上聖母,臺中市大里區新里里福興街1號,,,24.0980616,120.6774846
七將軍廟,七將軍爺,臺中市大里區新里里新興路26號,,,24.098856,120.677213
萬安宮,玄天上帝,臺中市大里區樹王里萬安路78號,,,24.107231,120.6677687
新興宮,天上聖母,臺中市大里區大里是東昇里新仁路二段162號,,,24.112077,120.6930641
振坤宮,天上聖母,臺中市大里區仁化里仁化路518號,,,24.096343,120.701867
碧岸寺,大準提菩薩,臺中市大里區健民里健行路181號,,,24.0891852,120.7307705
草湖太子宮,太子元帥,臺中市大里區東湖里東南路207巷36號,,,24.076807,120.693182
八天宮,南極仙翁,臺中市大里區夏田里頂厝路11號,,,24.0857296,120.6716667
天一宮,明明上帝,臺中市大里區東興里益民路二段347號,,,24.1162269,120.6839881
天師宮,張天師,臺中市大里區日新里福大路76巷2號,,,24.1211583,120.692229
草湖觀音廟,觀世音菩薩,臺中市大里區東湖里中興路一段泉水巷385號,,,24.0842863,120.6970787
鑑凡寺,釋迦牟尼佛,臺中市大里區新里里永隆1街80號,,,24.1052689,120.67871
妙光學舍,阿彌陀佛,臺中市大里區大明里東興路62巷23號,,,24.1164364,120.6804736
六桂花福德祠,福德正神,臺中市大里區東興里東明路291巷47號,,,24.1118433,120.6821222
仁化福德宮,福德正神,臺中市大里區仁德里慈德路177號,,,24.0945418,120.6982392
天祐宮,玉皇大帝,臺中市大里區樹王里樹王路405之3號,,,24.109661,120.664221
聖明宮,朱府千歲,臺中市大里區塗城里光正路2號,,,24.0860289,120.7122816
金城慈惠堂,西王金母,臺中市大里區塗城里健東路123號,,,24.085016,120.72547
盤古開基殿,盤古開天王,臺中市大里區大里里12鄰瓦?路38號,,,24.0946833,120.6703174
神農殿,神農大帝,臺中市大里區塗城里練武路58號,,,24.0892387,120.727703
蜜?講堂,千手千眼觀世音菩薩,臺中市大里區永大街335號,,,24.1108987,120.6784592
華嚴精舍,釋迦牟尼佛,臺中市大里區東興里21鄰大明路223巷40號,,,24.111551,120.67505
樹王里福德祠,福德正神,臺中市大里區樹王里福德路40號旁,,,24.106669,120.665962
金城宮,天上聖母,臺中市大里區塗城路923巷19號,,,24.0902124,120.6954211
竹仔坑竹興宮,玄天上帝,臺中市大里區健民里健行路224號,,,24.0891838,120.7307693
十九甲福德宮,福德正神,臺中市大里區立仁三路50之1號,,,24.1041318,120.7018171
瑞和宮,天上聖母,臺中市大里區瑞和街36號,,,24.0861279,120.7037561
慈修寺,觀音菩薩,臺中市大里區福大路43巷20弄13號,,,24.1218444,120.6948105
立仁福德祠,福德正神,臺中市大里區立仁里8鄰好來5街125巷20號,,,24.1023274,120.6961924
草湖福德祠,福德正神,臺中市大里區西湖里景庄街160號旁,,,24.0826336,120.6852769
三太子宮,太字元帥,臺中市大里區西湖里景庄街160號,,,24.0826336,120.6852769
長春福德祠,土地公,臺中市大里區東湖里26鄰長春路208號,,,24.0842516,120.6933177
佑福宮,天上聖母,臺中市大里區健民里健東1街60之10號,,,24.1261642,120.7239975
慈修寺,觀音菩薩,臺中市大里區福大路43巷20弄,,,24.1220776,120.6950536
百玄宮,玄天上帝,臺中市霧峰區甲寅村德維街5巷5號,,,24.0701028,120.7003714
霧峰靈山寺,釋迦牟尼佛,臺中市霧峰區甲寅村德維街98巷8號,,,24.0708104,120.7009069
本淨寺,阿彌陀佛,臺中市霧峰區桐林村民生路暗坑巷7號,,,24.046078,120.769803
護國寺,釋迦牟尼佛,臺中市霧峰區南柳村柳豐路298巷59號,,,24.0552971,120.6794506
慈覺院,觀音菩薩,臺中市霧峰區南柳村柳豐路323號,,,24.0509439,120.6844355
霧峰進南宮,孚佑帝君,臺中市霧峰區本鄉村1鄰成功路45號,,,24.0659528,120.7024465
聖賢宮,神農大帝,臺中市霧峰區中正村林森路767號,,,24.0656404,120.6959684
南天宮,天上聖母,臺中市霧峰區萊園路57巷2號,,,24.063514,120.7022769
南厝宮,天上聖母,臺中市霧峰區四德村四德北路45巷2號,,,24.0623102,120.6643718
福新宮,北極玄天上帝,臺中市霧峰區北勢村丁台路617號,,,24.0378542,120.6666282
萬佛寺,南無消災延壽藥師佛,臺中市霧峰區萊園路仁德巷7號,,,24.0592957,120.7033866
乾靈寺,釋迦牟尼佛,臺中市霧峰區錦榮村樟公巷6號,,,24.0630248,120.7080166
佛教霧峰佈教所,釋迦牟尼佛,臺中市霧峰區本鄉村曾厝街36號,,,24.06651,120.697551
萬慶宮,玉皇大帝,臺中市霧峰區舊正村光明路116巷39號,,,24.025394,120.690112
新登宮,天上聖母,臺中市霧峰區丁台村丁台路456巷17號,,,24.0490059,120.674176
佛光精舍,釋迦牟尼佛,臺中市霧峰區萊園路122巷12號,,,24.0637596,120.7017042
至誠宮,彌勒佛,臺中市霧峰區坑口村育德路51巷33號,,,24.0500632,120.6954822
新柳宮,天上聖母,臺中市霧峰區南柳村新厝巷46之1號,,,24.061957,120.6801428
復興宮,北極玄天上帝,臺中市霧峰區桐林村4鄰暗坑巷28號,,,24.0705164,120.7375809
福天宮,天上聖母,臺中市霧峰區桐林村民生路761號,,,24.0623659,120.7382827
龍德宮,天上聖母,臺中市霧峰區吉峰村吉峰東路96號,,,24.0761368,120.71344
福成宮,神農大帝,臺中市霧峰區五福村五福路230號,,,24.0712211,120.6662644
紫竹堂,道濟仙師,臺中市霧峰區桐林村民生路1028號,,,24.061926,120.7386116
武聖宮,關聖帝君,臺中市霧峰區桐林村中坑巷1之1號,,,24.05984,120.742303
福德正神廟,土地公,臺中市霧峰區甲寅村中正路1221巷50號,,,24.0728895,120.6948365
聖龍宮,萬善爺大將軍,臺中市霧峰區甲寅村自強路7號,,,24.0727993,120.7072288
靈隱寺,濟公禪師,臺中市霧峰區桐林村民生路1020號,,,24.061926,120.7386116
妙慧蘭若寺,釋迦如來,臺中市霧峰區桐林村5鄰民生路663號,,,24.0673746,120.7349439
福安宮,五府千歲,臺中市霧峰區 六 股村 六 股路190之4號,,,24.0034387,120.8291796
新埔福德祠,福德正神,臺中市霧峰區四德村新埔路224號,,,24.0759915,120.6735197
靈聖宮,媽祖,臺中市霧峰區錦州路459巷3號,,,24.0694775,120.7000453
祖師宮,清水祖師,臺中市霧峰區坑口村復興6街100號,,,24.0362441,120.7283951
仙峰宮,李府三元帥,臺中市霧峰區峰股村峰股路352號,,,24.0666667,120.7
慧緣禪寺,阿彌陀佛,臺中市霧峰區坑口村新生路124-3號,,,24.0445804,120.6938554
順天宮,玉皇上帝,臺中市霧峰區峰谷村峰谷路328號,,,24.0375966,120.7136656
寒山玉道院,三清道祖,臺中市霧峰區桐林村民生路1085-1號,,,24.0619268,120.7386134
蓮航精舍,三寶佛,臺中市霧峰區坑口村新生路147號,,,24.0381859,120.7540011
同興宮,飛天大聖,臺中市烏日區烏日西螺潭村慶光路81號,,,24.108093,120.620463
烏日天德宮,關聖帝君,臺中市烏日區九德村中山路一段144號,,,24.1085191,120.6404693
保安堂,季府三千歲,臺中市烏日區溪尾村溪岸路48號,,,24.0500815,120.6350216
新龍宮,三府王爺,臺中市烏日區東園村溪南路一段126巷327號,,,24.085281,120.639394
永興宮,輔順將軍,臺中市烏日區光明村復光2巷41號,,,24.0964463,120.6410878
建興宮,開漳聖王,臺中市烏日區三和村學田路便行巷182號,,,24.1209439,120.6076549
寶興宮,廣惠尊王,臺中市烏日區湖日村三民街廣惠2巷168號,,,24.103683,120.6200306
竹山寺,太子元帥,臺中市烏日區榮泉村中山路登寺巷32號,,,24.1130685,120.5936633
福源堂,觀音佛祖,臺中市烏日區五光村五光路5堂巷1號,,,24.0966726,120.6615639
順天宮,三府王爺,臺中市烏日區螺潭村溪南路新開巷16號,,,24.0789514,120.6433006
朝天宮,玄天上帝,臺中市烏日區三和村中山路三段青仔巷124號,,,24.1069689,120.606382
善光寺,釋迦佛,臺中市烏日區榮泉村中山路三段登寺巷176號,,,24.1176939,120.593253
王闕朝仁宮,天上聖母,臺中市烏日區新興路318號,,,24.1044677,120.6235906
台中寶林寺,觀世音菩薩,臺中市烏日區仁德村信義街381巷27弄10號,,,24.104632,120.633468
明德佛堂,觀世音菩薩,臺中市烏日區烏日村平等街16號,,,24.1083909,120.6238289
南興宮,三官大帝,臺中市烏日區溪埧村溪南路重光巷21之1號,,,24.0789514,120.6433006
慈惠堂,瑤池金母娘娘,臺中市烏日區榮泉村中山路登寺巷37號,,,24.1130685,120.5936633
振興宮,天上聖母,臺中市烏日區中山路三段榮和巷58號,,,24.1108311,120.5998518
永護廟,福德正神,臺中市烏日區學田村學田路565號,,,24.1176928,120.6080856
朝天宮,天上聖母,臺中市烏日區湖日村公園路401號號,,,24.1027176,120.6213405
三和福德祠,土地公,臺中市烏日區三和村中山路773之60號,,,24.1108311,120.5998518
福德宮,福德正神,臺中市烏日區五光村五光路440號,,,24.0937318,120.6503228
?？福德祠,福德正神,臺中市烏日區榮泉村中山路榮和巷102號,,,24.1108311,120.5998518
將軍廟,陳府將軍,臺中市烏日區螺潭村慶光路81之1號,,,24.0637382,120.636058
東女慈聖宮,天上聖母,臺中市烏日區東園村11鄰慶光路868巷88號,,,24.0903154,120.6291869
福安宮,土地公,臺中市烏日區學田村學田路329號,,,24.117641,120.607746
台中天后宮,天上聖母,臺中市烏日區前竹村光明路勤農巷7號,,,24.1049356,120.6499092
天孝堂,元始天尊,臺中市烏日區仁德村仁德街4巷125之1號,,,24.1029109,120.639956
福德祠,福德正神,臺中市烏日區仁德村6鄰仁德街4巷125之2號,,,24.1029109,120.639956
慈雲慈惠堂,瑤池金母,臺中市烏日區螺潭村太明路成豐巷235弄61號,,,24.0616792,120.6537089
頭前厝福德祠,土地公,臺中市烏日區前竹村中山路一段和平巷2號,,,24.1085191,120.6404693
妙音寺三藏講堂,釋迦牟尼佛,臺中市豐原區下街里忠孝街114號,,,24.254296,120.716585
金山寺,南無阿彌陀佛,臺中市豐原區西湳里三豐路799巷102號,,,24.268398,120.718081
善明寺,釋迦牟尼佛,臺中市豐原區陽明里中興路14號,,,24.248307,120.7185
慈雲寺,觀世音菩薩,臺中市豐原區南嵩里水源路中坑巷22之1號,,,24.2540095,120.749133
慈龍寺,釋迦牟尼佛,臺中市豐原區中正路388號,,,24.251104,120.712222
鳳山寺,濟公活佛,臺中市豐原區鐮村里鐮村路465巷116號,,,24.25,120.7166667
寶源寺,釋迦牟尼佛,臺中市豐原區南嵩里水源路坪頂巷25之2號,,,24.2620188,120.7658649
靈寶堂,觀音佛祖,臺中市豐原區東陽里東陽路382巷19號,,,24.2310147,120.7484849
一一八巷福德祠,福德正神,臺中市豐原區西湳里文賢街118巷內,,,24.2592659,120.718175
三百租福德祠,福德正神,臺中市豐原區南陽里安康路20巷74號,,,24.242744,120.723351
三村里福德祠,福德正神,臺中市豐原區三村里三和路354巷97弄1號,,,24.2316866,120.7016987
三村里福德祠,福德正神,臺中市豐原區三村里三和路64巷1號,,,24.2392959,120.708064
大街尾福德祠,福德正神,臺中市豐原區中正路281巷5號,,,24.2536691,120.7225862
大湳里三合福德祠,福德正神,臺中市豐原區大湳里大勇街18巷2號邊,,,24.257222,120.720439
大湳里福德祠,福德正神,臺中市豐原區大湳里圓環北路一段245號邊,,,24.257237,120.717644
大湳慈興宮,天上聖母,臺中市豐原區東湳里三豐路616號,,,24.265724,120.72078
山仔頂福德祠,福德正神,臺中市豐原區南陽里綠山巷7弄10號,,,24.241672,120.733517
中山里福德祠,福德正神,臺中市豐原區中山里信義街73號,,,24.250289,120.718758
中陽福德祠,福德正神,臺中市豐原區中陽里自立街132號,,,24.250839,120.723994
五汴頭福德祠,福德正神,臺中市豐原區大豐路5號,,,24.2207165,120.6922195
五張福德祠,福德正神,臺中市豐原區南陽里南陽市場59號,,,24.2469828,120.7239228
仁洲福德祠,福德正神,臺中市豐原區西湳里仁洲路42巷旁,,,24.25,120.7166667
公頂福德祠,福德正神,臺中市豐原區翁社里豐年路5之1號,,,24.261309,120.736465
太高坑巷福德祠,福德正神,臺中市豐原區東陽路太坑巷49號,,,24.2321787,120.759959
南田里水尾福德祠,福德正神,臺中市豐原區南田里南田街113巷20弄60號旁,,,24.2610427,120.7397279
北天宮,玄天上帝,臺中市豐原區東湳里三豐路742巷146弄7號,,,24.2700509,120.7265258
北陽里福德祠,福德正神,臺中市豐原區南陽路58巷212弄6號,,,24.245455,120.726614
北湳里角潭福德祠,福德正神,臺中市豐原區北湳里角潭路一段76號對面,,,24.261337,120.72701
北湳里福德祠,福德正神,臺中市豐原區北湳里大順街8巷97弄8號,,,24.2595018,120.7236249
北湳里?福祠,福德正神,臺中市豐原區北湳里豐中路80巷1號,,,24.258144,120.722642
田心里福德祠,福德正神,臺中市豐原區田心里圓環東路71巷1號,,,24.244024,120.717986
圳寮里福德祠,福德正神,臺中市豐原區圳寮里圓環北路一段129號,,,24.2559919,120.715744
西安里福德祠,福德正神,臺中市豐原區西安里瑞興路112號,,,24.2474483,120.7117319
西勢里福德祠,福德正神,臺中市豐原區西勢里圓環南路1巷30號,,,24.2453197,120.7119688
東片福德祠,福德正神,臺中市豐原區翁社里豐年路91巷75之1號,,,24.26482,120.741349
東陽里福德祠,福德正神,臺中市豐原區東陽里東陽路382巷2弄9號,,,24.2321589,120.747101
東湳福德祠,福德正神,臺中市豐原區東湳里三豐路566巷177弄6號,,,24.2681578,120.7267609
東勢里福德祠,福德正神,臺中市豐原區東勢里中山路229號,,,24.2444927,120.7139218
武明山玄天上帝廟,玄天上帝,臺中市豐原區南陽里南陽路1之1號,,,24.246664,120.724356
社皮里福德祠,福德正神,臺中市豐原區社皮里41巷21弄2號,,,24.2453379,120.6997388
南田里福德祠,福德正神,臺中市豐原區南田里水源路258巷92弄內,,,24.257827,120.740675
南田里福德祠,福德正神,臺中市豐原區南田里水源路68巷42號,,,24.2567109,120.744121
南村里福德祠,福德正神,臺中市豐原區水源路680巷16號,,,24.2561108,120.7287788
南陽祠,福德正神,臺中市豐原區南陽路123巷28號旁,,,24.242102,120.730049
南福祠,福德正神,臺中市豐原區陽明街17號,,,24.2464253,120.7221429
南興宮,三山國王,臺中市豐原區水源路68巷7號,,,24.256189,120.743617
翁子里福德祠,福德正神,臺中市豐原區翁子里豐勢路一段379巷1號旁,,,24.2575631,120.730238
翁子里福德祠,福德正神,臺中市豐原區翁子里豐勢路二段757號,,,24.264979,120.744333
翁子里福德祠,福德正神,臺中市豐原區翁子里豐勢路一段577巷68號對面,,,24.2608911,120.7334261
隆田福德祠,福德正神,臺中市豐原區中陽路198號,,,24.2488309,120.7274384
慈天宮,包府千歲,臺中市豐原區田心里圓環東路71巷12號,,,24.244465,120.717553
萬年宮,薛府王爺,臺中市豐原區翁社里豐年路168號,,,24.265183,120.738951
萬順宮,三山國王,臺中市豐原區萬順3街20號,,,24.2776639,120.7563788
福德祠,福德正神,臺中市豐原區葫蘆墩2街118號旁,,,24.25,120.7166667
福德祠,福德正神,臺中市豐原區豐大道77號,,,24.25,120.7166667
福德祠,福德正神,臺中市豐原區西湳里5鄰豐北街222巷197弄38號,,,24.268161,120.714453
福德祠,福德正神,臺中市豐原區朴子里朴子街200巷80號旁,,,24.27668,120.74844
福德祠,福德正神,臺中市豐原區朴子里朴子街232號對面,,,24.2746209,120.7442912
福德祠,福德正神,臺中市豐原區豐勢路二段1144號,,,24.276305,120.759162
福德祠,福德正神,臺中市豐原區朴子里朴子街416巷10弄8號後面,,,24.2722324,120.7352752
廣福宮,天上聖母,臺中市豐原區南陽路160號,,,24.244062,120.729484
德惠宮,三山國王,臺中市豐原區社皮里社皮路123巷3號,,,24.246407,120.69961
樂天宮,關聖帝君,臺中市豐原區陽明里樂天街99巷15號,,,24.2454877,120.7193768
橫街尾福德祠,福德正神,臺中市豐原區富春里富春街24號,,,24.2510455,120.7177062
樹林福德祠,福德正神,臺中市豐原區東湳里三豐路742巷146弄7號,,,24.2700509,120.7265258
鴛鴦橋福德祠,福德正神,臺中市豐原區下街里三豐路168巷3號邊,,,24.2547408,120.7187608
豐田里福德祠,福德正神,臺中市豐原區豐南街92巷111弄46之10號,,,24.236289,120.715558
豐圳里福德祠,福德正神,臺中市豐原區豐圳里福德路4號,,,24.253955,120.708976
豐原北龍宮,九天三聖帝,臺中市豐原區西湳里799巷133弄11號,,,24.26784,120.717598
豐原里頂街里福德祠,福德正神,臺中市豐原區頂街里新生北路92號,,,24.252456,120.719528
豐原城隍爺廟,城隍,臺中市豐原區富春里復興路150巷7號,,,24.2509039,120.716686
豐原慈惠堂,瑤池金母,臺中市豐原區南嵩里水源路坪頂巷24號,,,24.2611238,120.7537989
豐原慈濟宮,天上聖母,臺中市豐原區中正路179號,,,24.2514317,120.7190237
豐原鎮天宮,北極玄天上帝,臺中市豐原區豐南街240巷283弄188號,,,24.2319026,120.7183728
豐榮里雙福祠,福德正神,臺中市豐原區豐榮里中正路212巷12號,,,24.252277,120.717946
鐮村里山腳福德祠,福德正神,臺中市豐原區鐮村路107巷102弄,,,24.222612,120.728534
鐮村里庄尾福德祠,福德正神,臺中市豐原區鐮村里鐮村路644號旁,,,24.25,120.7166667
佛教明德寺,釋迦牟尼佛,臺中市豐原區北陽里南陽路178號,,,24.244458,120.728944
慈安宮,天上聖母,臺中市豐原區田心里中山路98號,,,24.2381969,120.711208
佛音寺,西方三聖佛,臺中市豐原區鐮村路271巷205號,,,24.222612,120.728534
慈安寺,釋迦牟尼佛,臺中市豐原區水源路南坑巷22之1號,,,24.252512,120.748513
豐原靈隱寺,釋迦牟尼佛,臺中市豐原區南陽路綠山巷169號,,,24.2419671,120.7368892
普賢寺,釋迦牟尼佛,臺中市豐原區水源路中坑巷臨16之1號,,,24.2510393,120.7572236
天山大佛寺,濟公活佛,臺中市豐原區水源路中坑巷10之1號,,,24.2517168,120.756387
淨覺學苑,釋迦牟尼佛,臺中市豐原區西安里6鄰西安街97巷17號,,,24.2484244,120.7120762
永南宮,太子元帥,臺中市豐原區水源路310巷1號,,,24.2549127,120.7475379
考柃腳福德祠,福德正神,臺中市豐原區向陽路338號旁,,,24.250389,120.729557
吉祥福德祠,福德正神,臺中市豐原區西湳里三豐路877巷74弄2號,,,24.2706638,120.7196618
山立福德祠,福德正神,臺中市豐原區南陽路58巷22之1號,,,24.245322,120.735923
豐東福德祠,福德正神,臺中市豐原區豐東路38巷11號,,,24.245841,120.729705
慈興福德祠,福德正神,臺中市豐原區三豐路602巷4號,,,24.265539,120.720959
北嵩福德祠,福德正神,臺中市豐原區中陽路265號,,,24.2486504,120.7292994
豐原順天宮,五府千歲,臺中市豐原區北陽里南陽路58巷178號,,,24.2444622,120.7352205
慈鳳宮,西王金母,臺中市豐原區南陽里南陽路59巷29號,,,24.236459,120.730293
南崗福德祠,福德正神,臺中市豐原區南嵩里長壽路1號,,,24.2533779,120.747553
地藏寺,地藏王菩薩,臺中市豐原區中陽里自立街132號,,,24.250839,120.723994
金星觀,地藏王菩薩,臺中市豐原區鐮村里鐮村路465巷90號,,,24.25,120.7166667
豐原觀音堂,觀音大士,臺中市豐原區三村里互助街68號,,,24.239138,120.705453
摔仔腳福德祠,福德正神,臺中市豐原區北陽里北陽路320巷23弄41號,,,24.2509042,120.7378497
中興里福德祠,土地公,臺中市豐原區三村路臨98之1號,,,24.2419152,120.7107454
鎮湳宮,真武大帝,臺中市豐原區翁明里12鄰東北街345巷10弄27號,,,24.2623539,120.7298799
鎮安宮,玉皇大帝,臺中市后里區墩西村3鄰3光路42號,,,24.3040931,120.7112838
天靈宮,天上聖母,臺中市后里區舊社村舊社路88號,,,24.2909304,120.6949148
后里佛教蓮社,釋迦牟尼佛,臺中市后里區仁里村10鄰圳寮路133巷40號,,,24.3109627,120.7493632
慈厚宮,天上聖母,臺中市后里區厚里村甲后路490巷5號,,,24.309839,120.719361
后義宮,天上聖母,臺中市后里區義里村梅里路17之3號,,,24.308239,120.731547
合安宮,五府王爺,臺中市后里區聯合村水門路55-10號,,,24.3058969,120.6828853
慈濟宮,天上聖母,臺中市后里區公館村三豐路386號,,,24.3302528,120.7293946
月眉村福德祠,福德正神,臺中市后里區月眉村雲頭路45之1號,,,24.3188664,120.7006867
福德祠,福德正神,臺中市后里區墩東村福德路335之1號,,,24.304966,120.715326
福德祠,福德正神,臺中市后里區墩東村文明路23之1號,,,24.3068551,120.717693
毘盧禪寺,釋迦牟尼佛,臺中市后里區廣福村寺山路1000號,,,24.2929922,120.7395685
寺廟福德爺,福德正神,臺中市后里區眉山村甲后路934之1號,,,24.31414,120.6917331
大鵬山上清宮,道德天尊,臺中市后里區廣福村內東路廣利巷6之1號,,,24.2940654,120.750993
福興宮,天上聖母,臺中市后里區泰安村福興路67之1號,,,24.3219814,120.7431691
紫雲觀,觀世音菩薩,臺中市后里區中和村8鄰中正路140號,,,24.3041703,120.7019417
慧光精舍,阿彌陀佛,臺中市后里區義里村甲后路138巷8之19號,,,24.309838,120.727883
賜安宮,天上聖母,臺中市后里區太平村公館路21號,,,24.3119784,120.6643539
后里萬聖行宮,混元聖祖,臺中市后里區廣福村內東路萬聖巷7號,,,24.2989425,120.7449259
岸頂福德祠,福德正神,臺中市后里區后里村三豐路6鄰269巷2號,,,24.308119,120.722272
口庄路福德祠,福德正神,臺中市后里區太平村口庄路3號,,,24.3050906,120.6561607
墩北村福德祠,福德正神,臺中市后里區墩北村民生路306之1號,,,24.3075142,120.7107365
泰安福德祠,福德正神,臺中市后里區泰安村福興路95之1號,,,24.3223921,120.7416198
永安祠,福德正神,臺中市后里區屯南村舊圳路9號,,,24.2931716,120.7174361
十三張福德祠,福德正神,臺中市后里區聯合村1鄰三重路23之6號,,,24.3036824,120.6861306
四塊厝福德祠,福德正神,臺中市后里區聯合村水門路43之6號,,,24.3056618,120.6817973
廣福村福德祠,福德正神,臺中市后里區廣福村6鄰內東路99號,,,24.2941866,120.7407425
內東路福德祠,福德正神,臺中市后里區義里村15鄰內東路343號旁,,,24.3116845,120.7371503
順安福德祠,福德正神,臺中市后里區后里村17鄰三豐路425之11號,,,24.3171075,120.7278102
中社庄福德祠,福德正神,臺中市后里區公館村中社庄16之1號,,,24.332714,120.728866
圳寮路福德祠,福德正神,臺中市后里區仁里村10鄰圳寮路133巷40號,,,24.3109627,120.7493632
仁里村圳寮福德祠,福德正神,臺中市后里區仁里村圳寮路80號,,,24.3121141,120.7463319
中站福德祠,福德正神,臺中市后里區仁里村圳寮路42號,,,24.3116387,120.7477173
三豐福德祠,福德正神,臺中市后里區廣福村6鄰三豐路66巷66號,,,24.2941866,120.7407425
九甲福德祠,福德正神,臺中市后里區屯北村10鄰月湖路90巷20號,,,24.304944,120.710742
朝崑宮,道德天尊,臺中市后里區仁里村圳寮路47巷10之1號,,,24.3088651,120.7486243
懷德堂,釋迦牟尼佛,臺中市后里區墎東村文明路31巷44號,,,24.304944,120.710742
如光山寺,南無阿彌陀佛,臺中市后里區泰安村圳頭路3之1號,,,24.3257064,120.7551101
后里萬善同莊永公,萬善堂莊永公,臺中市后里區后里村復興街67號,,,24.3079144,120.7208153
義德宮,巧聖仙師,臺中市后里區厚里村9甲路32之9號,,,24.3079416,120.7033081
柑宅福德祠,福德正神,臺中市后里區厚里村甲后路585號,,,24.3093247,120.7204773
慈賢宮,天上聖母,臺中市后里區月眉村雲頭路公會巷9號2樓,,,24.3188664,120.7006867
湧蓮禪寺,釋迦牟尼佛,臺中市后里區廣福村內東路11-5號,,,24.2901058,120.7552498
金普玄堂,普庵祖師,臺中市后里區廣福村內東路6-5號,,,24.2901058,120.7552498
禪機山三寶寺,王禪老祖,臺中市后里區廣福村內東路廣益巷17之5號,,,24.2975096,120.7465949
萬安宮,太子元帥,臺中市石岡區萬安村廟前巷1號,,,24.2783465,120.778813
福龍祠,福德正神,臺中市石岡區石岡村豐勢路1224號,,,24.2785117,120.7676435
廣興宮,關聖帝君,臺中市石岡區九房村廣興巷10號,,,24.271215,120.7838403
龍興宮,媽祖,臺中市石岡區龍興村食水嵙巷21號,,,24.2618226,120.7949926
萬興宮,朱李池三府王爺,臺中市石岡區萬興村豐勢路萬墩巷25之8號,,,24.2731661,120.7905144
明山寺,觀世音菩薩,臺中市石岡區土牛村明山巷6號,,,24.2681288,120.8045468
慈雲宮,三山國王,臺中市石岡區土牛村慈雲巷9號,,,24.2653385,120.8070607
順天宮,關聖帝君,臺中市石岡區德興村和盛街南眉巷137號,,,24.2578225,120.8132466
金星村福德祠,福德正神,臺中市石岡區金星村金川巷13之3號,,,24.261814,120.7780948
和盛村福德祠,福德正神,臺中市石岡區和盛村營林巷249號,,,24.2528358,120.8183077
石忠宮,天上聖母,臺中市石岡區金星村頭坪巷21號,,,24.2612701,120.7801409
南眉永安宮,太子元帥,臺中市石岡區德興村和盛街南眉巷130之4號,,,24.2578225,120.8132466
永興福德祠,土地公,臺中市石岡區梅子村梅子巷26號,,,24.2699085,120.8043561
南眉福德祠,福德正神,臺中市石岡區德興村和盛街南眉巷130之4號,,,24.2578225,120.8132466
德興村福德祠,福德正神,臺中市石岡區和盛村豐勢路2巷34號,,,24.2603717,120.8160621
承福祠,土地公,臺中市石岡區梅子村2鄰和順巷91之1號,,,24.2745049,120.8082475
天皇宮,明明上帝,臺中市石岡區九房村建德街8號,,,24.271215,120.7838403
大願寺,地藏菩薩,臺中市東勢區中嵙里東崎街東北巷32號,,,24.2655399,120.8615422
中科堂,觀音菩薩,臺中市東勢區中嵙里東崎街83號,,,24.2613411,120.8691455
宏濟宮,觀音佛祖,臺中市東勢區泰興里下石嵙巷15號,,,24.2925805,120.7838403
保山堂,釋迦牟尼佛西方三聖,臺中市東勢區福隆里福昌街96號,,,24.2431049,120.8436115
圓通精舍,觀音菩薩,臺中市東勢區泰昌里14鄰東崎街167號,,,24.2613411,120.8691455
中嵙里保安宮,三山國王,臺中市東勢區中嵙里6鄰東崎街99巷12號,,,24.2566088,120.8509291
天公廟,玉皇大帝,臺中市東勢區慶福里慶福街75號,,,24.1913529,120.843585
民安宮,三山國王,臺中市東勢區新盛里民安巷19號,,,24.2458545,120.8311352
民誠宮,朱李池三府王爺,臺中市東勢區興隆里東蘭路182號,,,24.281655,120.8109851
永安宮,三山國王,臺中市東勢區興隆里東蘭路114號,,,24.282816,120.811766
石城復興宮,輔順將軍,臺中市東勢區泰興里石城街70號,,,24.2856516,120.7878085
和興宮,玄天上帝,臺中市東勢區下城里和興巷9號,,,24.2195064,120.8371146
東聖宮,天上聖母,臺中市東勢區延平里第1橫街130號,,,24.2492548,120.8283589
保安宮,秦李池三府王爺,臺中市東勢區新盛里6鄰東關街保安巷9號,,,24.2383059,120.8355378
泰安宮,中壇太子元師,臺中市東勢區慶興里中新街61號,,,24.2586944,120.8281667
泰興宮,三山國王,臺中市東勢區慶東里慶東街1號,,,24.2003009,120.842467
東興宮,太子元帥,臺中市東勢區上城里東關路東興巷35號,,,24.2189809,120.840032
復興宮,太子元帥,臺中市東勢區南平里本街南片巷100之1號,,,24.2545754,120.8286807
雲仙宮,太上老君,臺中市東勢區東坑路762巷1號,,,24.2359651,120.8631331
慈蓮慈惠堂,無極瑤池金母,臺中市東勢區下城里東關路和興巷2之12號,,,24.2176264,120.8375379
慶安宮,包蕭雷三府王爺,臺中市東勢區新盛里東關路608號,,,24.2443352,120.8331628
頭社福德祠,福德正神,臺中市東勢區新盛里6鄰112號,,,24.2383059,120.8355378
濟安宮,慚愧祖師,臺中市東勢區詒福里東關路480號,,,24.2283229,120.837248
鎮順宮,蘇府王爺,臺中市東勢區埤頭里石城街石山巷71號,,,24.2837279,120.757124
顯化堂,玄天上帝,臺中市東勢區泰興里下石嵙巷31號,,,24.2925805,120.7838403
明山講堂,釋迦牟尼佛,臺中市東勢區南平里南片巷110號,,,24.2541389,120.828027
石角古靈堂,觀音菩薩,臺中市東勢區福隆里東坑路460巷2號,,,24.2398461,120.8473343
宏覺寺,佛祖,臺中市東勢區東新里9鄰23之7號,,,24.2771663,120.8527655
雨林小築,釋迦牟尼佛,臺中市東勢區東蘭路197之58號,,,24.2941135,120.8014266
真儒聖堂,彌勒尊佛,臺中市東勢區埤頭里石山巷2號,,,24.284773,120.758421
琉璃光寺,藥師佛,臺中市東勢區慶福里2鄰慶福街27之1號,,,24.1913529,120.843585
佛寶山善彌寺,觀世音菩薩,臺中市東勢區埤頭里8鄰石城街石山巷83之1號,,,24.2837279,120.757124
下新里和意堂,齊天大聖,臺中市東勢區下新里中路巷24之1號,,,24.2850763,120.8412807
永安宮,福德正神,臺中市東勢區東安里文化街113號,,,24.255623,120.826689
北興里雙福祠,福德正神,臺中市東勢區北興里豐勢路602巷20號,,,24.2589968,120.8276003
石角庄前福德祠,福德正神,臺中市東勢區福隆里東坑巷121之6號,,,24.2392393,120.8495525
米粉寮樂善祠,福德正神,臺中市東勢區延平里豐勢路106號,,,24.2491349,120.831137
虛空古元宮,玉皇大帝,臺中市東勢區慶福里東關路158之1號,,,24.2247146,120.8375658
新興宮,三山國王,臺中市和平區天輪村東關路二段天輪巷1號,,,24.1819394,120.9264745
中冷白雲寺,釋迦牟尼佛,臺中市和平區博愛村東關路一段438號,,,24.184666,120.9849653
谷關大道院,無極瑤池金母大天尊,臺中市和平區博愛村東關路一段450號,,,24.184666,120.9849653
福山宮,三山國王,臺中市和平區南勢村東關路三段207號,,,24.1746723,120.8849301
烏寶宮,天上聖母,臺中市和平區自由村東崎路二段烏石巷1號,,,24.2933001,120.9348902
般若禪寺,觀世音菩薩,臺中市和平區南勢村東關路三段149之1號,,,24.1746723,120.8849301
天龍宮,天上聖母,臺中市和平區梨山村民族街介壽巷30號,,,24.2538044,121.2554842
大毘盧遮那禪林寺,釋迦牟尼佛,臺中市和平區達觀村東崎路一段天嶺巷15之1號,,,24.3178848,120.93996
碧雲宮,天上聖母,臺中市和平區梨山村和平路二段33之3號,,,24.250393,121.2069502
松鶴蘭若,釋迦牟尼佛,臺中市和平區博愛村14鄰東關路一段松鶴3巷98之17號,,,24.1737484,120.9739889
聖南關房,藥師佛,臺中市和平區南勢村東巷75號,,,24.1819822,120.9258015
佛慈山靜觀精舍,釋迦牟尼佛,臺中市和平區中坑村中坑路北坑巷16號,,,24.2434155,120.8860658
圓光靜修禪林,釋迦牟尼佛,臺中市和平區南勢村11鄰東關路三段崑崙巷200號,,,24.183785,120.8833766
華巖聖院,瑤慈金母,臺中市和平區南勢村東關路三段125之15號,,,24.1737975,120.8894931
盤古院,盤古祖師,臺中市和平區自由村東崎路二段26號,,,24.2921846,120.911058
壽光精舍,釋迦牟尼佛,臺中市新社區中興村中興嶺113號,,,24.208084,120.787716
保安宮,廣澤尊王,臺中市新社區新興街35之1號,,,24.2378998,120.8119704
紫保宮,保生大帝,臺中市新社區協成村興隆街35之1號,,,24.1944897,120.8132176
福德祠,福德正神,臺中市新社區崑山村崑南街82之2號,,,24.2349489,120.7858887
東王木公府靈修道院,東王木公,臺中市新社區永源村水井街5之36號,,,24.2164589,120.7749585
天寬聖宮,觀音大士,臺中市新社區中正村中正街32之3號,,,24.2614736,120.7980541
昊天宮,玉皇大帝,臺中市新社區崑山村崑南街36之1號,,,24.2378497,120.7867358
聖普宮,天上聖母,臺中市新社區協成村協中街159號,,,24.1941672,120.8065944
北天直轄院,北極玄天上帝,臺中市新社區福興村2鄰福民1號,,,24.1638393,120.881218
慈后宮,觀世音,臺中市新社區福興村美林路34號,,,24.160621,120.863109
聖壽宮,天上聖母,臺中市新社區中和村龍安30號,,,24.16276,120.834646
正覺精舍,觀世音菩薩,臺中市新社區協成村協興街78號,,,24.2032599,120.805993
北玄宮,玄天上帝,臺中市新社區復盛村大復街54-1號,,,24.222836,120.809177
受奉宮,北極玄天上帝,臺中市新社區永源村水井街1-17號,,,24.2153771,120.7786659
德恩寺,觀世音菩薩,臺中市新社區福興村永豐路64-5號,,,24.1113751,120.8898291
金鑾宮,關聖帝君,臺中市新社區協成村華豐3街125號,,,24.2019846,120.8190499
法雲寺,釋迦牟尼佛,臺中市新社區大南村中和街二段1村巷1-2號,,,24.2262369,120.7978381
東林學苑,釋迦牟尼佛,臺中市新社區福興村美林86-1號,,,24.160621,120.863109
安樂蘭若,阿彌陀佛,臺中市新社區福興村18-5號,,,24.135252,120.8786026
得天宮,天上聖母,臺中市潭子區頭家村得天街33號,,,24.1956866,120.7011853
潭水亭,觀音佛祖,臺中市潭子區潭陽村潭興路二段443巷7號,,,24.2101097,120.7074109
法雨寺,釋迦如來佛,臺中市潭子區潭陽村14鄰復興路二段98號,,,24.2092386,120.7069861
聖受宮,關聖帝君,臺中市潭子區福仁村新興路一段247號,,,24.2017372,120.7103039
保安寺,觀音佛祖,臺中市潭子區福仁村新興路一段231號,,,24.2017372,120.7103039
慈心堂,釋迦如來佛,臺中市潭子區東寶村大豐路一段157巷6號,,,24.2094115,120.6924437
天寶道院,彌勒佛,臺中市潭子區福仁村大新路52號,,,24.2022866,120.7074202
靈佑宮,關聖帝君,臺中市潭子區聚興村潭興路一段13號,,,24.2041519,120.7216043
南菩佛堂,觀世音菩薩,臺中市潭子區頭家村大通街144巷1號,,,24.1930214,120.6980809
三元宮,三官大帝,臺中市潭子區東寶村民族路一段312巷26弄1號,,,24.2082396,120.6778966
嘉仁村福德祠,福德正神,臺中市潭子區嘉仁村仁愛路二段44號,,,24.2170532,120.7138421
湧興寺,觀世音菩薩,臺中市潭子區頭家村和平路235巷22號,,,24.1957098,120.6980308
慈音寺,觀世音菩薩,臺中市潭子區新田村豐興路338巷11之1號,,,24.2056637,120.7224988
天興宮,齊天大聖,臺中市潭子區東寶村16鄰雅潭路三段19號,,,24.2158414,120.6799146
將軍廟,忠烈義士,臺中市潭子區頭家村和平路212-1號,,,24.1966058,120.6979303
本願山彌陀講堂,阿彌陀佛,臺中市潭子區嘉豐路35號,,,24.2187125,120.7147783
無極南海寺,南海觀音佛祖五母娘娘,臺中市潭子區潭興路一段17巷31號,,,24.2009444,120.7254397
慈龍廟,西方三聖佛,臺中市潭子區潭陽村圓通南路194巷22號,,,24.2077563,120.704305
正鴻佛院,明明上帝,臺中市潭子區大富村民族路三段123巷3號之1,,,24.2267151,120.6813883
永興宮,天上聖母,臺中市大雅區一三鄰大雅路37號,,,24.2166667,120.65
寶興宮,天上聖母,臺中市大雅區員林村14鄰大林路212巷65號,,,24.2385412,120.652406
長發宮,五府千歲,臺中市大雅區秀山村5鄰平和一路1號,,,24.2286153,120.6331613
廣澤宮,廣澤尊王,臺中市大雅區 六 寶村9鄰清陽路6號,,,24.237134,120.625885
永和宮,天上聖母,臺中市大雅區橫山村永和路76號,,,24.2152104,120.6357096
龍善寺,釋迦牟尼佛,臺中市大雅區三和村龍善2街32號,,,24.2091218,120.657928
花眉福德祠,福德正神,臺中市大雅區西寶村中正路194之1號,,,24.2232312,120.6698032
西員寶福德祠,福德正神,臺中市大雅區西寶村西村路7之2號,,,24.2063353,120.6695677
建興宮,中壇元帥,臺中市大雅區三和村雅潭路橫街巷19號,,,24.2206321,120.6569212
振興路福德祠,福德正神,臺中市大雅區橫山村振興路188之1號,,,24.2087585,120.6373982
勝興宮,蘇府千歲,臺中市大雅區員林村2鄰神林路一段660巷39號,,,24.2352866,120.6558283
天壽宮,王母娘娘,臺中市大雅區上楓村民生路三段413巷12號,,,24.2342541,120.6646734
朝順宮,五府千歲,臺中市大雅區員林村大林路66號,,,24.2329765,120.6435447
永安宮,天上聖母,臺中市大雅區三和村雅潭路田心巷12號,,,24.220433,120.6577516
朝陽宮,玄天上帝,臺中市大雅區秀山村上山路220號,,,24.2195799,120.6335171
天地宮,張府天師,臺中市大雅區上楓村前村東路31巷57號,,,24.2256123,120.6660966
永興祠,福德正神,臺中市大雅區四德村學府路90號,,,24.2190195,120.6505053
廣靈宮,廣澤尊王,臺中市大雅區上楓村民族街99號,,,24.2364445,120.6657432
大雅精舍,釋迦牟尼佛,臺中市大雅區員林村雅環路三段70巷10號,,,24.2296418,120.644862
海通寺,觀世音菩薩,臺中市大雅區忠義村清泉路30-7號,,,24.242055,120.616322
朝聖宮,李府先祖,臺中市大雅區員林村大林路339-1號,,,24.2471708,120.652316
善德寺,觀音佛祖,臺中市大雅區橫山村1鄰中和路99號,,,24.2127015,120.6381255
八仙寺,李府先祖,臺中市神岡區神岡村14鄰神岡路52號,,,24.2575528,120.6606742
社口萬興宮,天上聖母,臺中市神岡區社南村中山路551巷46號,,,24.2454812,120.6833283
順濟宮,天上聖母,臺中市神岡區神岡村神岡路54號,,,24.2575416,120.6606223
慈光寺,釋迦牟尼佛,臺中市神岡區社南村中山路667巷119號,,,24.2469853,120.6763888
朝清宮,張府天師,臺中市神岡區圳堵村福成路80號,,,24.2710569,120.6589127
大明宮,關聖帝君,臺中市神岡區豐洲村13鄰神洲路159巷96號,,,24.27014,120.704544
文興宮,包王爺,臺中市神岡區岸裡村中山路214巷3號,,,24.2485633,120.6934184
瞻雲宮,天上聖母,臺中市神岡區三角村3鄰大豐路134號,,,24.2348098,120.6954905
中縣代天府,五府千歲,臺中市神岡區三角村13鄰大豐路70巷20-12號,,,24.2435326,120.6970739
穎德宮,天上聖母,臺中市神岡區社口村2鄰八德路100號,,,24.2534702,120.6811042
山皮寶山宮,保生大帝,臺中市神岡區山皮村光復路212號,,,24.2492999,120.6442355
順天宮,七府千歲,臺中市神岡區神洲村豐洲路916巷38弄96號,,,24.2656843,120.6935396
豐原講堂,釋迦牟尼佛,臺中市神岡區豐洲村神洲路46巷56號,,,24.2647237,120.7037939
龍旨宮,玉皇大帝,臺中市神岡區神洲村大明路191巷107號,,,24.267626,120.697585
慧光寺,釋迦牟尼佛,臺中市神岡區社南村中山路667巷117之2號,,,24.2469853,120.6763888
天元宮,湄州天上聖母,臺中市神岡區庄前村神林路12之3號,,,24.2527981,120.6594396
浮圳庄德祠,福德正神,臺中市神岡區圳前村三民路265號(對面),,,24.2643528,120.656969
金極雷藏寺,瑤池金母,臺中市神岡區新庄村溪頭路183號,,,24.2887617,120.6474993
三鳳宮,三府千歲,臺中市神岡區庄前村神林路14之20號,,,24.2527981,120.6594396
軒轅華夏聖道院,軒轅黃帝,臺中市神岡區圳前村六張路23-1號,,,24.266849,120.6653958
李姑娘廟,李姑娘,臺中市神岡區溪洲村李洲路61號之10,,,24.2695787,120.6749731
社口聖佛堂,關聖帝君,臺中市神岡區社口村社口街499巷37號,,,24.2500234,120.6795119
四股莊北福德祠,福德正神,臺中市神岡區東洲路247巷63號旁,,,24.2627463,120.7112
岸興宮,鍾馗爺爺,臺中市神岡區大社村豐社1街43號旁,,,24.2540363,120.6990671
德興宮,福德正神,臺中市神岡區岸裡村中山路241巷1號旁,,,24.2488206,120.6991529
國聖廟,鄭成功,臺中市大肚區成功村文昌路335之12號,,,24.1735754,120.5305976
王公廟,王公,臺中市大肚區營埔村船頭巷65號,,,24.1199119,120.5526736
福興宮,玄天上帝,臺中市大肚區新興村沙田路二段110號,,,24.1380747,120.5509733
福興宮,天上聖母,臺中市大肚區營埔村營埔巷86號,,,24.1197,120.5603033
萬興宮,媽祖,臺中市大肚區頂街村沙田路三段244巷6號,,,24.1586443,120.5444152
永和宮,天上聖母,臺中市大肚區永和村永和街11號,,,24.1487545,120.5438701
磺溪書院文昌祠,文昌帝君,臺中市大肚區磺溪村文昌路60號,,,24.1512569,120.5388783
保安宮,玄天上帝,臺中市大肚區永和村永和街31號,,,24.1487229,120.5431062
福安宮,朱李池三府王爺,臺中市大肚區福山村沙田路一段512巷44之2號,,,24.1263629,120.5647437
鎮元宮,玄天上帝,臺中市大肚區大東村沙田路二段63號,,,24.1456159,120.5469161
順天宮,媽祖,臺中市大肚區永順村文昌路408號,,,24.1549494,120.5313692
福和宮,三府王爺,臺中市大肚區社腳村沙田路710巷12號,,,24.128226,120.5584223
福興宮,玄天上帝,臺中市大肚區磺溪村文昌路317號,,,24.1541226,120.5316228
玄興宮,玄天上帝,臺中市大肚區大肚村文昌路63號,,,24.151169,120.5450799
順安宮,三府王爺,臺中市大肚區中和村中和路3號,,,24.1126331,120.5744166
永順宮,五府千歲,臺中市大肚區永順村文昌路二段690號,,,24.1615336,120.531631
大眾媽廟,大眾媽,臺中市大肚區山陽村沙田路三段524巷4號,,,24.1674557,120.5431557
天和宮,西秦王爺,臺中市大肚區大度鄉王田村興和路262號,,,24.1209888,120.5787379
瑞安宮,媽祖,臺中市大肚區瑞井村瑞井路62巷7之1號,,,24.1644188,120.5731601
濟公宮,濟公,臺中市大肚區王田村興和路264巷1弄30號,,,24.1212899,120.5797304
天慈佛院,觀世音菩薩,臺中市大肚區山陽村沙田路二段888巷2弄15號,,,24.1423475,120.5546578
慈懷佛院,關聖帝君,臺中市大肚區成功村文昌路531號,,,24.1592005,120.5323616
普恩宮,玉皇大帝,臺中市大肚區永順村文昌路501之3號,,,24.1584107,120.5322027
金聖公祠,金聖公,臺中市大肚區大東村沙田路二段562巷108之1號,,,24.1491139,120.547346
慶順宮,朱李池三府王爺,臺中市大肚區蔗廓村太平路11-3號,,,24.1512819,120.5455852
朝興宮,天上聖母,臺中市沙鹿區洛泉里和平街18號,,,24.2387056,120.561141
福利宮,福德正神,臺中市沙鹿區美仁里中正街23號,,,24.236001,120.560406
玉皇殿,玉皇大帝,臺中市沙鹿區四平街123號,,,24.236343,120.560259
保安宮,三山國王,臺中市沙鹿區沙鹿里4平街181號,,,24.2379794,120.5574112
永安宮,金府千歲,臺中市沙鹿區興安里斗潭路370號,,,24.230616,120.556655
碧蓮寺,釋迦牟尼,臺中市沙鹿區鹿寮里福安街14號,,,24.241831,120.56229
竹林禪寺,南無本師釋迦牟尼佛,臺中市沙鹿區竹林里中山路90號,,,24.238928,120.5711
福興宮,王勳千歲,臺中市沙鹿區福興里福嘉巷8號,,,24.2218092,120.5695827
慶安宮,李王爺,臺中市沙鹿區埔子里鎮慶街110號,,,24.2102206,120.5719941
六路里朝順宮,天上聖母,臺中市沙鹿區六路里南陽路13號,,,24.215413,120.580325
保安宮,廣澤尊王,臺中市沙鹿區公明里中清路信義巷6之1號,,,24.24564,120.608076
保安宮,廣澤尊王,臺中市沙鹿區清泉里東海路208號,,,24.2415389,120.61464
？連山盧文巖,觀世音,臺中市沙鹿區六路里中棲路32號,,,24.2159977,120.581036
祿清宮,玄天上帝,臺中市沙鹿區埔子里中棲路13號,,,24.212431,120.581501
巡安宮,蘇府王爺,臺中市沙鹿區鹿寮里福鹿街106號,,,24.244635,120.565077
忠天宮,天上聖母,臺中市沙鹿區鹿寮里中山路松蔭巷56號,,,24.2504498,120.5678775
沙鹿光輝道院,明明上帝,臺中市沙鹿區六路里中棲路6陽巷52號,,,24.214402,120.581061
慶安宮,玄天上帝,臺中市沙鹿區南勢里南昌路88巷90號,,,24.216224,120.559439
保安宮,保生大帝,臺中市沙鹿區三鹿里保順1街98號,,,24.2085523,120.5650955
永天宮,天上聖母,臺中市沙鹿區三鹿里自強路291巷115號,,,24.1975806,120.5693071
保寧宮,朱府千歲,臺中市沙鹿區抖抵里天仁街70號,,,24.223663,120.554377
蘇王爺廟,蘇府王爺,臺中市沙鹿區晉江里東晉路26號,,,24.2220289,120.577731
崇寧宮,玄天上帝,臺中市沙鹿區犁份里七賢路423號,,,24.243031,120.576745
萬聖紫竹寺,觀世音菩薩,臺中市沙鹿區中棲路170巷96號,,,24.2321411,120.5851189
天元禪寺,釋迦牟尼佛,臺中市沙鹿區中正街36號,,,24.236353,120.560074
南斗宮,關聖帝君,臺中市沙鹿區南勢里3角巷1號,,,24.2171535,120.5638863
義聖宮,關聖帝君,臺中市沙鹿區鹿峰里長春路1號,,,24.2542671,120.5667236
護安宮,廣澤尊王,臺中市沙鹿區鹿寮里中山路金星3巷63號,,,24.248416,120.567194
善德寺,釋迦牟尼佛,臺中市沙鹿區福興里水福巷14之5號,,,24.2225038,120.5638863
玄聖宮,玄天上帝,臺中市沙鹿區福興里永福巷2號,,,24.2228523,120.5651246
七賢慈惠堂,瑤池金母,臺中市沙鹿區犁分里中山路24之18號對面,,,24.242015,120.577137
鹿寮福德宮,福德正神,臺中市沙鹿區鹿寮里中山路493之6號,,,24.246239,120.562194
鹿峰福德祠,福德正神,臺中市沙鹿區中山路673巷17之1號,,,24.257279,120.56911
順興廟,順興公,臺中市沙鹿區沙田路永和巷1號,,,24.2257176,120.5579762
福安宮,福德正神,臺中市沙鹿區興仁里沙田路43號,,,24.2318053,120.5588255
福德祠,福德正神,臺中市沙鹿區中棲路372之1號,,,24.241573,120.560201
安利福德祠,福德正神,臺中市沙鹿區鹿寮里中山路安利巷30號,,,24.242559,120.560288
民峰福德祠,福德正神,臺中市沙鹿區鹿峰里505號,,,24.2543509,120.5710804
浩安宮,包府千歲,臺中市沙鹿區斗抵里太平路45巷15號,,,24.217514,120.551228
紫雲宮,天上聖母,臺中市沙鹿區竹林里中山路紅竹巷22號,,,24.2365329,120.572584
祥德寺,南無觀世音菩薩,臺中市沙鹿區埔子里5鄰正義路186號,,,24.2059931,120.5735052
法航精舍,釋迦牟尼佛,臺中市沙鹿區南勢里5鄰南斗路112巷2號,,,24.217166,120.566055
九天靈修院,九天玄女,臺中市沙鹿區北勢里東?路清雲巷30號,,,24.2276016,120.5710804
福德祠,福德正神,臺中市沙鹿區中棲路372之1號,,,24.241573,120.560201
聖仙宮,無極瑤池金母,臺中市沙鹿區六路里中棲路6之81號,,,24.214402,120.581061
金母宮,王母娘娘,臺中市沙鹿區埔仔里西屯路1之51號,,,24.2377939,120.5854674
中港仙祖廟,李鐵柺,臺中市沙鹿區光華路10巷20號,,,24.2288537,120.5594005
朝奉宮,九天玄女,臺中市龍井區竹坑村8鄰竹師路78號,,,24.1764136,120.546113
奉天宮,開漳聖王,臺中市龍井區龍東村9鄰茄投路73號,,,24.178595,120.5300021
保安宮,朱金雷三府王爺,臺中市龍井區龍西村茄投路144號,,,24.1801197,120.5246425
福田宮,朱李池王爺,臺中市龍井區田中村4鄰龍北路20號,,,24.1942493,120.5309588
福成寺,觀音佛祖,臺中市龍井區福田村茄投路海埔仔巷18號,,,24.1803028,120.5241327
奉天開王府,朱李池吳范五府王爺,臺中市龍井區福田村茄投路海埔仔巷6號,,,24.1803028,120.5241327
福順宮,朱李池三府王爺,臺中市龍井區麗水村5鄰三港路水裡港巷26號,,,24.199851,120.49593
順福宮,開台聖王,臺中市龍井區龍津村9鄰中央路一段165巷80弄32號,,,24.2020703,120.5213867
奉天宮,玄天上帝,臺中市龍井區龍津村柯寮路191巷16號,,,24.2015799,120.5192737
朝安宮,五穀先帝,臺中市龍井區忠和村中央路三段165巷30號,,,24.2115786,120.5248988
龍泉岩,清水祖師,臺中市龍井區龍泉村沙田路龍目井巷123號,,,24.1825236,120.5454846
永和宮,林王爺,臺中市龍井區龍崗村8鄰竹師路二段68號,,,24.1918655,120.5483804
永順宮,五府千歲,臺中市龍井區新庄村1鄰中沙路新庄仔巷19號,,,24.183166,120.5757452
福建宮,林府王爺,臺中市龍井區南寮村中沙路南寮巷89號,,,24.1779652,120.5680192
巧聖先師廟,巧聖先師,臺中市龍井區新庄村遊園南路456號,,,24.1806549,120.5835971
聖德宮,法子公,臺中市龍井區三德村10鄰中厝路17號,,,24.2063998,120.5242205
朝福寺,觀世音菩薩,臺中市龍井區山腳村沙田路六段59巷8號,,,24.209698,120.5502514
天道監修宮,元始天尊,臺中市龍井區龍泉村觀光路36巷18號,,,24.194291,120.541593
王母宮,王母娘娘,臺中市龍井區南寮村南新路40號,,,24.179099,120.5719485
三陽玉府天宮,玉皇上帝,臺中市龍井區龍崗村竹師二段112巷46號,,,24.2102428,120.5163949
聖泉宮,張府天師,臺中市龍井區龍泉村沙田路水裡社街一段319號,,,24.1727808,120.5429124
天波府,楊府六使,臺中市龍井區三德村12鄰中厝路107巷5號,,,24.2067194,120.5272819
田中福德祠,福德正神,臺中市龍井區田中村7鄰龍北路47號,,,24.1942493,120.5309588
龍津福德祠,福德正神,臺中市龍井區龍津段39之1號,,,24.2007903,120.5231514
竹坑福德祠,福德正神,臺中市龍井區竹坑村竹師路156號,,,24.1926372,120.5493204
三兄弟祠,三聖爺,臺中市龍井區竹坑村10鄰竹師路一段40巷26號,,,24.1831483,120.5475367
三姓公廟,三姓公,臺中市龍井區忠和村中央路三段1號,,,24.2108643,120.5245818
龍福太子宮,中壇太子元帥,臺中市龍井區福田村臨港路一段11巷7號,,,24.2021135,120.5069661
福陵宮,張李莫千歲,臺中市龍井區南寮村3鄰中沙路南寮巷2之22號,,,24.177098,120.5694513
天堂廟,福德正神,臺中市龍井區忠和村海尾路244號邊,,,24.2173039,120.5199738
聖玄宮,玄天上帝,臺中市龍井區龍津村18鄰中央路一段126之1,,,24.2000631,120.5234771
順天宮,北極玄天上帝,臺中市龍井區山腳村中山一路一段84巷16號,,,24.2151179,120.54726
德瑞宮,張公聖君,臺中市龍井區忠和村2鄰中山路二段26巷6號、8號,,,24.2535383,120.5571605
豫穩寺,觀世音菩薩,臺中市龍井區竹師路一段40巷7號,,,24.1831483,120.5475367
廣龍禪寺,千手千眼觀世音菩薩,臺中市龍井區南寮村南寮巷21弄58號,,,24.1779652,120.5680192
文化道院,明明上帝,臺中市龍井區新東村9鄰新興路25巷1弄6號,,,24.179478,120.589721
斗美宮,池府王爺,臺中市梧棲區頂寮里梧北路290號,,,24.263253,120.531679
富美宮,蕭府千歲,臺中市梧棲區頂寮里梧北路117號,,,24.2609775,120.5303447
長興宮,吉府王爺,臺中市梧棲區中正里頂橫街40號,,,24.258288,120.528985
真武宮,玄天上帝,臺中市梧棲區中和里西建路104號,,,24.2567052,120.5289481
朝元宮,天上聖母,臺中市梧棲區中和里梧棲路140號,,,24.2564499,120.5297462
萬興宮,蘇府王爺,臺中市梧棲區中和里民權街22號,,,24.2559335,120.5286521
順安宮,朱府大王爺,臺中市梧棲區安仁里西建路12號,,,24.257698,120.528129
達天宮,福德正神,臺中市梧棲區草湳里梧南路155號,,,24.252031,120.527766
龍安宮,金府王爺,臺中市梧棲區草湳里梧南路52之1號,,,24.242379,120.524422
朱南宮,朱府王爺,臺中市梧棲區南簡里中央路504號,,,24.260879,120.5430647
浩天宮,天上聖母,臺中市梧棲區大村里中央路一段784號,,,24.2457935,120.5397047
海興宮,朱府王爺,臺中市梧棲區興農里中央路一段527號,,,24.2385512,120.536667
益順宮,太子元帥,臺中市梧棲區興農里中央路一段312號,,,24.223725,120.526957
永天宮,天上聖母,臺中市梧棲區永安里永興路一段649號,,,24.2252307,120.5340431
東天宮,司命真君,臺中市梧棲區福德里福德街19巷15號,,,24.253177,120.538647
保安宮,地藏王菩薩,臺中市梧棲區臨海路36號,,,24.290369,120.5422906
感化宮,大眾爺,臺中市梧棲區下寮里梧北路115號,,,24.2609775,120.5303447
中港慈惠堂,瑤池金母,臺中市梧棲區頂寮里四維東路80號,,,24.259689,120.538921
永元宮,玄天上帝,臺中市梧棲區永安里8鄰中央路一段99號之8,,,24.224671,120.526851
勝德宮,觀音佛祖,臺中市梧棲區大庄里中棲路一段2巷80號,,,24.2436769,120.558471
進化宮,玄天上帝,臺中市梧棲區永寧里永寧路36巷45號,,,24.2310967,120.5522447
德順宮,天上聖母,臺中市梧棲區福德里中央路二段233號,,,24.25349,120.539737
隨興宮,隨興大將軍,臺中市梧棲區下寮里梧北路87巷8號,,,24.260445,120.529911
天保宮,張府天師,臺中市梧棲區大村里中央路一段566號,,,24.2408139,120.54004
梧棲慈惠堂,瑤池金母大天尊,臺中市梧棲區福德里中央路二段231號,,,24.253444,120.539724
慈光學苑,觀世音菩薩,臺中市梧棲區下寮里居仁街320巷52號,,,24.257105,120.537012
清天宮,天上聖母,臺中市梧棲區大村里中棲路一段1巷206弄16號之2,,,24.2409039,120.5572711
奉天聖,福德正神,臺中市梧棲區梧南路25號,,,24.239802,120.522501
順境宮,保生大帝,臺中市梧棲區永安里永興路一段265巷122號,,,24.223613,120.541124
天順堂,明明上帝,臺中市梧棲區港埠路一段238號之6,,,24.2356794,120.5303152
慈興講堂,明明上帝,臺中市梧棲區中華路一段160號,,,24.221157,120.5438321
永安宮,三府元帥,臺中市梧棲區永興路一段559巷123號,,,24.222238,120.53478
永興百姓公宮,福德正神,臺中市梧棲區中央路一段110-1號,,,24.223193,120.529437
永元宮,玄天上帝,臺中市梧棲區中央路一段99號之8,,,24.224671,120.526851
台中港區魯班宮,巧聖先師,臺中市梧棲區中興路67巷28弄30號,,,24.2524595,120.5345308
慈德堂,釋迦牟尼佛,臺中市清水區西寧里中山路417巷56號,,,24.274461,120.576285
蓬麓宮,釋迦佛祖,臺中市清水區北寧6鄰董公街36號,,,24.301983,120.5854674
紫雲巖,觀世音菩薩,臺中市清水區鰲峰里大街路206號,,,24.2711225,120.579288
覺元禪寺,釋迦牟尼佛,臺中市清水區文昌里中山路293號,,,24.270601,120.575836
玉聖廟,大聖爺,臺中市清水區頂湳里10鄰頂湳路73號,,,24.2964656,120.5951422
永安宮,黃王爺,臺中市清水區吳厝里3鄰東山路20號,,,24.26792,120.6026
佑天宮,媽祖,臺中市清水區?榔里中央路39之1號,,,24.301983,120.5854674
保安清宮,保安尊王,臺中市清水區楊厝里3鄰頂3庄路9號,,,24.2894947,120.6056064
聖南寺,孚佑帝君,臺中市清水區鰲峰里19鄰大街路84號,,,24.267307,120.577794
臨江福德正神祠,福德正神,臺中市清水區臨江里高美路423巷2號,,,24.296044,120.564468
慈惠堂,瑤池金母,臺中市清水區?榔里港口路307號,,,24.301983,120.5854674
朝興宮,天上聖母,臺中市清水區下湳里14鄰中山路436號,,,24.280935,120.581442
壽明宮,張天師,臺中市清水區西寧里5鄰西寧路46號,,,24.272269,120.575623
朝后宮,天上聖母,臺中市清水區田寮里4鄰3田路14之10號,,,24.2853647,120.5789934
三山國王廟,三山國王,臺中市清水區鰲峰里大街路186號,,,24.2704449,120.57952
壽天宮,天上聖母,臺中市清水區文昌里18鄰西寧路16號,,,24.27104,120.574771
朝天宮,天上聖母,臺中市清水區臨江里7鄰高美路420號,,,24.293737,120.564052
清彩雲天宮,十二廷女娘娘,臺中市清水區靈泉里新興路2之6號,,,24.263838,120.575122
鎮安宮,鄭成功,臺中市清水區國姓里1鄰3美路120號,,,24.2968911,120.5782741
福德祠,福德正神,臺中市清水區鰲峰里大街路102之1號,,,24.2681019,120.578233
教化寺,華陀神醫,臺中市清水區鰲峰里2鄰光明路46之2號,,,24.273128,120.579689
高美文興宮,三府王爺,臺中市清水區高西里高美路721巷8號,,,24.311038,120.551767
海濱里文興宮,池府王爺,臺中市清水區海濱里海濱路379號,,,24.286797,120.5462834
智禪寺,釋迦牟尼佛,臺中市清水區橋頭里民有路120巷9弄12號,,,24.278837,120.570104
清雲巖,釋迦佛祖,臺中市清水區吳厝里東山路38之2號,,,24.268865,120.586884
萬善堂,地藏王菩薩,臺中市清水區鰲峰里大街路1號,,,24.264323,120.576167
台中港佛教蓮社,釋迦牟尼佛,臺中市清水區鰲峰里大街路66號,,,24.266636,120.577447
慈雲宮,觀音佛祖,臺中市清水區菁埔里中山路564之5號,,,24.3000439,120.595568
三慶禪寺,釋迦牟尼佛,臺中市清水區吳厝里東山路37號,,,24.269292,120.598096
顯明寺,釋迦牟尼佛,臺中市清水區臨海路20之1號,,,24.2764452,120.5341307
保羅禪寺,釋迦牟尼佛,臺中市清水區吳厝里東山路135號,,,24.268875,120.600566
六祖禪寺,觀音佛祖,臺中市清水區吳厝里東山路新興巷192號,,,24.26996,120.605216
鎮元宮,開台聖王,臺中市清水區臨江里鎮平路14號,,,24.291162,120.556777
下湳里鎮安宮,五府千歲,臺中市清水區下湳里中山路529號,,,24.284065,120.583062
游三宮,游府千歲,臺中市清水區?榔里鰲峰路617之1號,,,24.301983,120.5854674
壽德宮,趙府元帥,臺中市清水區南社里南社路164號,,,24.266061,120.563356
八仙宮,孚佑帝君,臺中市清水區海濱里海濱路373號,,,24.286797,120.5462834
龍天宮,金府千歲,臺中市清水區西社里鎮新路21號,,,24.2719019,120.571715
護安宮,城隍尊神,臺中市清水區國姓里3美路50號,,,24.2968911,120.5782741
保安宮,蘇府千歲,臺中市清水區鰲峰里光明路51號,,,24.272932,120.57931
寶天宮,天上聖母,臺中市清水區秀水里海濱路190之16號,,,24.278581,120.561666
大明宮,五府千歲,臺中市清水區東山里神清路7號,,,24.273138,120.633944
開化宮,開台聖王,臺中市清水區武鹿里海濱路232之23號,,,24.280081,120.556483
進興廟,趙府千歲,臺中市清水區高西里高美路720之38號,,,24.311414,120.55428
青雲嶺太子殿,太子元帥,臺中市清水區吳厝里東山路38之1號,,,24.268865,120.586884
三官玉府尊宮,三官大帝,臺中市清水區臨江里高美路436之1號,,,24.294828,120.567517
玉和宮,玉皇上帝,臺中市清水區下湳里中山路525之10號,,,24.283322,120.581897
高美奉安宮,蘇府千歲,臺中市清水區高美里高美路603巷12號,,,24.309144,120.562865
中興宮,天上聖母,臺中市清水區高美里護岸路38號,,,24.3117501,120.5627879
慈法巖,清水祖師,臺中市清水區高西里高美路721巷31之4號,,,24.307703,120.553615
頂舊庄土地廟,福德正神,臺中市清水區海風里舊庄路19號,,,24.291348,120.629107
諸山宮,五府千歲,臺中市清水區高北里護岸路130巷29號,,,24.319596,120.570055
三太宮,三府王爺,臺中市清水區高東里溪頭路80-2號,,,24.308862,120.575511
佛元宮,濟公禪師,臺中市清水區高北里護岸路130巷23號,,,24.320056,120.569592
順天宮,媽祖,臺中市清水區橋頭里中華路587巷巷臨7之1號,,,24.275532,120.57188
良聖宮,媽祖,臺中市清水區武鹿里中央路55-9號,,,24.27576,120.548884
南宮,福德正神,臺中市清水區南寧里21鄰光華路137巷臨9-1號,,,24.2679162,120.5732385
九嚴殿,玄天上帝,臺中市清水區秀水里中央路97-7號,,,24.285078,120.56235
舊庄聖王宮,開台聖王,臺中市清水區海風里舊庄路19號,,,24.291348,120.629107
下湳里福德祠,福德正神,臺中市清水區下湳里中山路520之3號,,,24.292083,120.588509
清水壽山殿天公廟,玉皇大帝,臺中市清水區裕嘉里中央路107號,,,24.2888699,120.564003
南清宮,清府王爺,臺中市清水區海風里頂3庄路95號,,,24.2983958,120.6257423
正尚佛堂,明明上帝,臺中市清水區下南里中山路498之7號,,,24.287318,120.585573
清水竹巷媽廟,竹巷媽,臺中市清水區南寧里海濱路32號,,,24.270987,120.572344
三元宮,太子元帥,臺中市清水區楊厝里3庄路55號,,,24.304299,120.606512
永光寺,釋迦牟尼佛,臺中市大甲區水源路320號,,,24.342234,120.628331
金華寺,釋迦牟尼佛,臺中市大甲區岷山里金華路32號,,,24.3495008,120.6312149
妙法寺,釋迦牟尼佛,臺中市大甲區頂店里成功路63巷7號,,,24.3605753,120.6414941
大甲紫竹寺,觀世音菩薩,臺中市大甲區中山路一段1158巷46號,,,24.3573774,120.6377928
大甲鎮瀾宮,天上聖母,臺中市大甲區順天路158號,,,24.3452254,120.6234672
大甲城隍廟,威靈公都城隍,臺中市大甲區朝陽里新政路36號,,,24.3484839,120.6257499
陞德宮,韓府王爺,臺中市大甲區岷山里金華路12號,,,24.347793,120.630139
福山宮,福德正神,臺中市大甲區水源路351號,,,24.3412712,120.627595
鎮安宮,開台聖王,臺中市大甲區文曲里東安路497巷17號,,,24.333417,120.59735
德元宮,三府王爺,臺中市大甲區德化里賢仁路154號,,,24.362867,120.623525
建興宮,三府千歲,臺中市大甲區建興里如意路21巷1號,,,24.413591,120.615285
文昌宮,文昌公,臺中市大甲區孔門里文武路116號,,,24.3477593,120.6228014
路嬌姑廟,路嬌姑媽,臺中市大甲區孔門里文武路123巷2號,,,24.347333,120.621974
香雲精舍,阿彌陀佛觀世音菩薩大勢至菩薩,臺中市大甲區中山路二段159巷11-7、11-8號,,,24.379234,120.65141
鐵砧山國姓廟,鄭成功,臺中市大甲區頂店里成功路305號,,,24.36017,120.648375
幼獅工業區福德祠,福德正神,臺中市大甲區日南里12鄰青一路1巷2號,,,24.4045373,120.6422192
日南庄福德祠,福德正神,臺中市大甲區日南里4鄰日南路85號,,,24.392393,120.651751
孟春黃苗祠,黃苗神,臺中市大甲區孟春里臨江路54巷1號,,,24.380945,120.652361
日南慈德宮,天上聖母,臺中市大甲區孟春里通天路152號,,,24.3702699,120.6712342
教化講堂,明明上帝,臺中市大甲區幸福里7鄰東明路83號,,,24.373778,120.680758
武聖宮,關聖帝君,臺中市大甲區武曲里橫圳街315號,,,24.3585775,120.6106535
福興宮,五榖大帝,臺中市外埔區三崁村三崁路57號,,,24.3199957,120.65024
福龍宮,關聖帝君,臺中市外埔區馬鳴村上城路450號,,,24.332041,120.654385
慈蓮寺,觀世音菩薩,臺中市外埔區鐵山村長生路429號,,,24.3470558,120.6529488
福慧禪寺,本師釋迦牟尼佛,臺中市外埔區三崁村三崁路78號,,,24.3199957,120.65024
天君宮,天上聖母,臺中市外埔區大同村甲后路446號,,,24.3321986,120.6528849
彌勒禪寺,彌勒尊佛,臺中市外埔區水美村溪底路30號,,,24.3233758,120.6177756
南海普渡寺,觀世音菩薩,臺中市外埔區永豐村6分路86號,,,24.342621,120.6360294
無極三清總道院,三清道祖,臺中市外埔區水美村山腳巷77號,,,24.3302179,120.6269445
外埔法華寺,本師釋迦牟尼佛,臺中市外埔區永豐村6分路5號,,,24.3165141,120.6871871
馬鳴福德祠,福德正神,臺中市外埔區馬鳴村新厝路78號之3號,,,24.3371789,120.681286
忘憂谷觀音寺,觀世音菩薩,臺中市外埔區三崁村溪底路26號,,,24.312811,120.6493883
土城大眾爺廟,大眾爺,臺中市外埔區土城西路197號,,,24.3462456,120.7058382
慶安宮,五谷仙帝,臺中市大安區海漧村10鄰中山北路1巷71號,,,25.057359,121.523063
廣元宮,保安尊王,臺中市大安區龜殼村9鄰溪洲路196號,,,24.3646284,120.5869034
保安宮,保安尊王,臺中市大安區松雅村6鄰松1街3號,,,24.3633474,120.604168
南坤身廟,朱府千歲,臺中市大安區南庄村7鄰南海路50號,,,24.3500137,120.5751185
泰安宮,九天玄女,臺中市大安區西安村6鄰南北8路56號,,,24.3705944,120.5945711
崇善祠,泉州公,臺中市大安區海漧村3鄰中山北路110巷2號,,,25.085778,121.526097
大眾爺祠,大眾媽神,臺中市大安區海漧村9鄰大安港路1210號,,,24.3702355,120.5912217
安田鎮安宮,蘇府王爺,臺中市大安區頂安村7鄰東西路70巷36號,,,24.3376902,120.6639979
鎮南宮,朱薛彭三府王爺,臺中市大安區南埔村8鄰南庄路52號,,,24.3399416,120.5710804
永安宮,秦蘇李三府王爺,臺中市大安區東安村4鄰福東路95號,,,24.3358437,120.5911065
環海宮,六府千歲,臺中市大安區永安村5鄰東西三路263之1號,,,24.3857938,120.6010716
延平宮,延平郡王,臺中市大安區龜殼村4鄰溪洲路70號,,,24.3621403,120.5947843
聖仙宮,李府仙祖,臺中市大安區龜殼村6鄰埔頭路77號,,,24.3572831,120.5903573
和安宮,金吉姚三府王爺,臺中市大安區海漧村大安港路1205號,,,24.3702355,120.5912217
保安宮,金李池三府王爺,臺中市大安區福住村北汕路10巷1號,,,24.3842478,120.5892345
南安宮,天上聖母,臺中市大安區南庄村237巷19號,,,24.3506396,120.5710804
鎮安宮,天上聖母,臺中市大安區福興村6鄰 中松路233號,,,24.3553068,120.5991244
永安宮,太子元帥,臺中市大安區永安村5鄰東西三路240號,,,24.3860056,120.6020995
王聖金母宮,無極王母娘娘,臺中市大安區西安村南北8路22號,,,24.3679639,120.6066336
福安宮,朱李池王爺,臺中市大安區福住村南北七路162巷7號,,,24.3799295,120.6034649
甲安宮,蕭府王爺,臺中市大安區永安村5甲莊南路56-1號,,,24.3847374,120.604168
