福德祠,福德正神,嘉義縣番路鄉新福村6鄰大庄14號,23.458475,120.530321
進興宮,太子爺,嘉義縣番路鄉下坑村7鄰下坑5之1號,23.476663,120.536718
半天岩紫雲寺,觀音佛祖,嘉義縣番路鄉民和村2鄰岩仔6號,23.4641066,120.5536294
義德寺,釋迦牟尼佛,嘉義縣番路鄉內甕村凸湖5號,23.461022,120.5228431
慈雲寺,如來佛祖,嘉義縣番路鄉觸口村4鄰觸口122號,23.439739,120.602302
九龍山福正善堂,道德天尊,嘉義縣番路鄉江西村5鄰頂角仔31之1號,23.475363,120.52196
福安宮,太子爺,嘉義縣番路鄉內甕12鄰竹山(內甕段634之12地號),23.4407355,120.6084832
正德寺,觀音菩薩,嘉義縣番路鄉江西村5鄰頂角仔20之1號,23.475363,120.52196
太子宮,太子元帥尊,嘉義縣番路鄉江西村7鄰頂宅仔(內甕段227之1地號),23.4776879,120.5178343
萬善公祠,萬善公,嘉義縣番路鄉下坑村1鄰蔡公店1之1號,23.463869,120.553919
龍隱寺,濟公禪師,嘉義縣番路鄉觸口村14鄰1號,23.438527,120.60729
無極懿旨天元宮,元始天王,嘉義縣番路鄉公田村5鄰隙頂719號,23.4480903,120.6487508
妙法藏菩提寺,千手千眼觀世音菩薩,嘉義縣番路鄉番路村溪底1之1號,23.4580796,120.5653251
客?義興宮,土地公婆,嘉義縣番路鄉民和村客庄8鄰(番路段223之3號),23.4572249,120.5940988
玉天門鎮天宮,五府千歲,嘉義縣番路鄉下坑村7鄰下坑8號,23.476663,120.536718
三寶門保安府,廣澤尊王,嘉義縣番路鄉下坑村0鄰坑仔內16號附2,23.496304,120.527671
諦觀精舍,西方三聖,嘉義縣番路鄉公興村龍美9之2號,23.4019994,120.6544829
福安宮,福德正神,嘉義縣番路鄉公田段40之19地號,23.4407355,120.6084832
朝天南安宮,黎山老母,嘉義縣番路鄉轆子腳段轆子腳小段84之4地號,23.457658,120.525978
禪林寺,釋迦佛祖,嘉義縣梅山鄉圳北村1鄰20之1號,23.5787411,120.5768354
大將宮,大將爺,嘉義縣梅山鄉梅南村南榮街40之1號,23.5824849,120.5578449
鎮安宮,福德正神,嘉義縣梅山鄉梅北村橫山1號,23.5890807,120.5538138
萬善廟,萬善爺,嘉義縣梅山鄉梅東村中學路2之2號,23.573817,120.5597633
保元宮,玄天上帝,嘉義縣梅山鄉過山村開元后212號,23.5767521,120.5365449
三源福德宮,福德正神,嘉義縣梅山鄉圳南村5鄰3源路20之1號,23.5737534,120.5998528
太原宮,廣澤尊王,嘉義縣梅山鄉圳北村3鄰麻園寮9號,23.58038,120.57719
金山岩,觀音佛祖,嘉義縣梅山鄉大南村6鄰南勢坑3號,23.553934,120.549045
玉繩宮,玄天上帝,嘉義縣梅山鄉大南村3鄰大草埔316號,23.5515975,120.5538138
正武宮,玄天上帝,嘉義縣梅山鄉雙溪村3鄰頂雙溪212號,23.55761,120.537131
漳武宮,玄天上帝,嘉義縣梅山鄉安靖村5鄰梓普寮214號之1,23.5466177,120.5768354
福德祠,福德正神,嘉義縣梅山鄉安靖村11鄰水井仔17之2號,23.5466177,120.5768354
真武宮,玄天上帝,嘉義縣梅山鄉安靖村詔安寮413號,23.54504,120.578459
三元宮,三官大帝,嘉義縣梅山鄉太平村4鄰13之1號,23.5614711,120.6041
泰興岩,觀音佛祖,嘉義縣梅山鄉太興村4鄰4號,23.542453,120.634285
龍興宮,玄天上帝,嘉義縣梅山鄉龍眼村9鄰3之1號,23.5823212,120.634371
慧山岩,觀音佛祖,嘉義縣梅山鄉碧湖村堀尺嶺9之1號,23.5621627,120.6286186
永興宮,福德正神,嘉義縣梅山鄉瑞峰村5鄰生毛樹25之1號,23.555491,120.66908
源興宮,池王爺,嘉義縣梅山鄉瑞里村5鄰幼葉林612號,23.5394221,120.671755
鎮安宮,福德正神,嘉義縣梅山鄉太和村6鄰全仔社7之1號旁,23.5401234,120.7177509
振興宮,福德正神,嘉義縣梅山鄉太和村8鄰公田7之之3號旁,23.5401234,120.7177509
濟興宮,保生大帝,嘉義縣梅山鄉梅北村3美庄212號,23.8038754,120.7150257
慈惠堂,瑤池金母,嘉義縣梅山鄉安靖村紹安寮312號,23.5466177,120.5768354
梅山玉虛宮,北極玄天上帝,嘉義縣梅山鄉梅東村中山路72號,23.5818388,120.559001
漳武宮,玄天上帝,嘉義縣梅山鄉安靖村5鄰梓普寮24號之1,23.5466177,120.5768354
龍興宮,太子爺,嘉義縣梅山鄉梅東村213鄰東興街137號,23.583845,120.561538
水尾玉武宮,玄天上帝,嘉義縣梅山鄉大南村5鄰水尾212號,23.554238,120.54491
禪雲寺,釋迦牟尼佛,嘉義縣梅山鄉碧湖村溪尾寮6號附2,23.566967,120.640371
梅山淨舍,阿彌陀佛,嘉義縣梅山鄉過山村1鄰後過山1號之3,23.5767521,120.5365449
嘉義聖靈山修緣湖地母廟,無上虛空地母慈尊,嘉義縣梅山鄉大南村坑口10鄰1之11號,23.548976,120.561619
真武廟,玄天上帝,嘉義縣竹崎鄉和平村5鄰坑仔坪139號,23.518069,120.549167
鎮安岩,觀音佛祖,嘉義縣竹崎鄉和平村12鄰217之3號,23.5178414,120.5365449
晨興廟,上帝爺,嘉義縣竹崎鄉和平村16鄰盧厝挖18之1號,23.510001,120.524244
保安宮,保生上帝,嘉義縣竹崎鄉師埜村8鄰許厝8之1號,23.524826,120.506123
真武宮,玄天上帝,嘉義縣竹崎鄉沙坑村8鄰水坑611號,23.5417502,120.525031
安世宮,開台聖王,嘉義縣竹崎鄉義和村2鄰216號,23.5114922,120.4976813
慈保宮,保生大帝,嘉義縣竹崎鄉義仁村0鄰番仔潭5之1號,23.5067404,120.5135161
德源禪寺,釋迦牟尼佛,嘉義縣竹崎鄉義仁村3鄰下寮仔411號,23.498532,120.506593
慶雲宮,康趙元帥,嘉義縣竹崎鄉文峰村4鄰檨仔寮14之2號,23.5030165,120.600168
灣橋北極殿,玄天上帝,嘉義縣竹崎鄉灣橋村20鄰灣橋266號,23.4909954,120.5058975
興宮寺,觀音佛祖,嘉義縣竹崎鄉灣橋村朴子埔312之1號,23.4931511,120.5020001
福興宮,福德正神,嘉義縣竹崎鄉鹿滿村14鄰,23.5030161,120.5307881
東嶽殿,地藏王菩薩,嘉義縣竹崎鄉龍山村6鄰頂崎腳1之1號,23.516048,120.58996
龍山岩,觀世音菩薩,嘉義縣竹崎鄉龍山村16鄰過坑17號,23.515581,120.57066
碧山岩,觀音佛祖,嘉義縣竹崎鄉紫雲村16鄰菜堂9之5號,23.500706,120.541422
昇平山,觀音佛祖,嘉義縣竹崎鄉昇平村16鄰昇平511號,23.4753858,120.5595696
青岩宮,池王爺,嘉義縣竹崎鄉內埔村5鄰中興路13號,23.4809738,120.5606641
香光寺,觀世音菩薩,嘉義縣竹崎鄉內埔村17鄰溪州419號之1,23.4848534,120.5653251
塘下寮武當山廟,玄天上帝,嘉義縣竹崎鄉塘興村塘下寮14之1號,23.494339,120.569485
振興宮,關帝君,嘉義縣竹崎鄉塘興村13鄰無底潭,23.504103,120.587314
復金真武廟,玄天上帝,嘉義縣竹崎鄉復金村11鄰復(金鼎)W金59號,23.5297453,120.5682028
光祿廟,伏魔公,嘉義縣竹崎鄉復金村16鄰湖底0之1號,23.541995,120.561299
真武廟,玄天上帝,嘉義縣竹崎鄉緞繻村9鄰阿拔泉212之1號,23.52408,120.601912
真武廟,玄天上帝,嘉義縣竹崎鄉緞繻村16鄰科底,23.531907,120.59087
奉天岩,觀音佛祖,嘉義縣竹崎鄉緞繻村4鄰紅南坑20號,23.541949,120.604787
南善寺,觀音菩薩,嘉義縣竹崎鄉灣橋村26鄰埤堂613號,23.494506,120.495877
廣福宮,玄天上帝,嘉義縣竹崎鄉金獅村11鄰金獅寮32號,23.515899,120.605589
竹崎慈惠堂,王母娘娘,嘉義縣竹崎鄉復金村5鄰水底寮2之1號,23.577178,120.592053
天奉宮,天上聖母,嘉義縣竹崎鄉鹿滿村12鄰鹿鳴路312號,23.4979558,120.5322971
福興宮,福德正神,嘉義縣竹崎鄉灣橋村28鄰崎腳171之1號,23.490032,120.50944
三水宮,順天聖母,嘉義縣竹崎鄉義仁村9鄰坪頂315之1號,23.4740856,120.5725724
興洲宮,莆府千歲,嘉義縣竹崎鄉內埔村15鄰溪洲路217號,23.4848534,120.5653251
保安宮,福德正神,嘉義縣竹崎鄉中和村永和,23.456613,120.684562
坑仔坪福興宮,福德正神,嘉義縣竹崎鄉和平村6鄰坑仔坪719之1號,23.5167816,120.5532749
石棹吳鳳廟,吳鳳公,嘉義縣竹崎鄉中和村19鄰石棹7之1號,23.487854,120.703207
拱隆宮,福德正神,嘉義縣竹崎鄉竹崎村3鄰中山路513之1號,23.5229117,120.5512467
玄龍寺,釋迦牟尼佛,嘉義縣竹崎鄉灣橋村285號,23.4931511,120.5020001
壽德宮,公王,嘉義縣竹崎鄉仁壽村3鄰交力坪,23.532117,120.643159
大天宮,神農聖帝,嘉義縣竹崎鄉獅埜村14鄰獅仔頭段911號,23.5294085,120.5077582
凌雲岩,觀音佛祖,嘉義縣竹崎鄉文峰村18鄰大坑6附1號,23.4991834,120.6228659
埔岩宮,池府千歲,嘉義縣竹崎鄉昇平村6鄰頂埔916號,23.4753858,120.5595696
三福宮,福德正神,嘉義縣竹崎鄉竹崎段409之37地號,23.522205,120.550162
准提寺,准提菩薩,嘉義縣竹崎鄉義隆村大坪頂3之3號,23.5021602,120.5595696
慈安宮,觀音佛祖,嘉義縣竹崎鄉光華村5鄰柑仔宅23之1號,23.466099,120.656081
進福宮,福德正神,嘉義縣竹崎鄉竹崎村民生村酒店(和平段1375地號),23.522205,120.550162
麻箕埔三山國王廟,三山國王,嘉義縣竹崎鄉鹿滿村麻箕埔62之1號,23.50641,120.537261
聖安宮,五顯大帝,嘉義縣竹崎鄉塘興村賴厝5鄰(樟樹坪段364號),23.4971876,120.5825901
妙光寺,釋迦牟尼佛,嘉義縣竹崎鄉緞繻村外埔11之1號,23.536282,120.5998528
佛寶寺,正法明如來,嘉義縣竹崎鄉白杞村12鄰樟樹坪100號,23.4934562,120.5998528
太子山慈雲寺,觀音佛祖,嘉義縣竹崎鄉塘興村9鄰頂坪2號之1,23.49856,120.587967
慈山岩皇德宮寺,三清道祖,嘉義縣竹崎鄉昇平村9鄰頂埔109號之1,23.4753858,120.5595696
三寶山靈嚴禪寺,釋迦牟尼佛,嘉義縣竹崎鄉桃源村13鄰147號,23.4746729,120.6030161
慈雲淨苑,西方三聖,嘉義縣竹崎鄉光華村1鄰頂笨仔3之2號,23.4777083,120.6602534
嘉義世明慈惠堂,西王金母,嘉義縣竹崎鄉灣橋村26鄰埤堂23巷51之6號,23.494506,120.495877
山知崙奉天宮,媽祖,嘉義縣竹崎鄉義隆村4鄰山知崙27之9號,23.503274,120.561398
奮起湖保安宮,福德正神,嘉義縣竹崎鄉中和村8鄰奮起湖89之1號,23.504642,120.695902
五王宮,五府千歲,嘉義縣竹崎鄉中和村奮起湖126號,23.4809297,120.6947551
受鎮宮,玄天上帝,嘉義縣阿里山鄉香林村2鄰415號,23.5094005,120.8096918
古山宮,吳鳳公,嘉義縣阿里山鄉國有阿里山事業區第166號林班地內,23.4354677,120.7809676
慈雲寺,釋迦文佛,嘉義縣阿里山鄉香林村2鄰414號,23.5094005,120.8096918
谷青岩元亨寺,釋迦牟尼佛,嘉義縣阿里山鄉樂野村231號,23.4652414,120.7177509
鎮安宮,林府千歲,嘉義縣中埔鄉中埔村4鄰19之1號,23.424114,120.522211
德雲寺,觀音佛祖,嘉義縣中埔鄉社口村5鄰內埔413號,23.4366603,120.5653251
吳鳳廟,吳鳳公,嘉義縣中埔鄉社口村213鄰212號,23.4366603,120.5653251
白雲寺,觀音佛祖,嘉義縣中埔鄉頂埔村1鄰橫坑1號,23.406721,120.538517
能仁寺,釋迦牟尼佛,嘉義縣中埔鄉鹽館村1鄰溪洲仔5號,23.432624,120.546492
清山寺,觀音佛祖,嘉義縣中埔鄉鹽館村9鄰下庄仔7號,23.429217,120.530219
震安宮,玄天上帝,嘉義縣中埔鄉頂埔村8鄰11號,23.4119618,120.5307881
護生宮,岑府大使,嘉義縣中埔鄉富收村9鄰庄內4號,23.444855,120.491857
開天保安宮,開天聖帝,嘉義縣中埔鄉和睦村14鄰公館212號,23.446252,120.458819
紫熙寺,觀音佛祖,嘉義縣中埔鄉瑞豐村7鄰崁腳43附1號,23.3987737,120.5423015
達天宮,玄天上帝,嘉義縣中埔鄉金蘭村3鄰16號,23.440817,120.4962417
仁天宮,五府千歲,嘉義縣中埔鄉義仁村田寮仔14之2號,23.449178,120.514019
順天宮,天上聖母,嘉義縣中埔鄉沄水村11鄰竹頭崎19號,23.389028,120.51958
震安宮,玄天上帝,嘉義縣中埔鄉頂埔村8鄰11號,23.4119618,120.5307881
紫竹寺,觀音佛祖,嘉義縣中埔鄉灣潭村0鄰5號,23.4201728,120.5797128
武安宮,康府千歲,嘉義縣中埔鄉義仁村15鄰,23.4490552,120.5077582
義仁萬善祠,萬善爺,嘉義縣中埔鄉義仁村13鄰述頭埔段361地號,23.4490552,120.5077582
開凰宮,池府千歲,嘉義縣中埔鄉深坑村19鄰,23.3901263,120.5077582
金天宮,玄天上帝,嘉義縣中埔鄉沄水村14鄰竹頭崎60號,23.400012,120.520841
裕民紫竹寺,觀音佛祖,嘉義縣中埔鄉裕民村4鄰石頭厝411之3號,23.431253,120.510933
聖天宮,關聖帝君,嘉義縣中埔鄉和興村中華路305巷223號,23.439215,120.45202
中埔村萬善祠,萬善公,嘉義縣中埔鄉中埔村15鄰(中埔段59之43號),23.4508224,120.4845555
萬善公廟,萬善公,嘉義縣中埔鄉和睦村(和興段291地號),23.4428818,120.461686
天南宮,觀音佛祖,嘉義縣中埔鄉和睦村17鄰(和溪段103地號),23.4428818,120.461686
福正忠太子宮,中壇元帥,嘉義縣中埔鄉富收村5鄰,23.4432922,120.4847242
泗洲佛祖寺,泗洲文佛,嘉義縣中埔鄉灣潭村16鄰客庄15附1號,23.4201728,120.5797128
瑤池宮,金母娘娘,嘉義縣中埔鄉中崙村7鄰(中崙段167之2號),23.3691037,120.5682028
靈光禪寺,地藏王菩薩,嘉義縣中埔鄉隆興村14鄰下厝仔217之6號,23.434151,120.523868
福安宮,福德正神,嘉義縣中埔鄉中埔村0鄰(中埔段79之8號),23.4508224,120.4845555
保安宮,池王爺,嘉義縣中埔鄉和睦村1鄰司公B3號,23.4428818,120.461686
義靈宮,關聖帝君,嘉義縣中埔鄉社口村15鄰(社口段618號),23.4366603,120.5653251
義安宮,池府千歲,嘉義縣中埔鄉義仁村中正路730號,23.4277387,120.5228538
福安宮,福德正神,嘉義縣中埔鄉中埔村6鄰(在6鄰20之1號之東),23.4222641,120.5264703
三賢宮,三山國王,嘉義縣中埔鄉復收村興化213鄰60之2號,23.3995944,120.5509358
靜慮寺,釋迦牟尼佛,嘉義縣中埔鄉澐水村9鄰頭崎7之5號,23.3995944,120.5509358
西林寺,釋迦牟尼佛,嘉義縣中埔鄉中埔村坪頂1鄰9號,23.4222641,120.5264703
龍門福興宮,福德正神,嘉義縣中埔鄉龍門村9鄰,23.4222696,120.5077582
慈聖宮,觀音佛祖,嘉義縣中埔鄉同仁村6鄰618號,23.414029,120.4962417
慈安宮,觀音佛祖,嘉義縣中埔鄉同仁村18鄰20之1號,23.414029,120.4962417
將軍府,刑府千歲,嘉義縣中埔鄉富收村4鄰頂中下街61號,23.448387,120.489484
光正萬教殿,玉皇大王尊,嘉義縣中埔鄉社口村15鄰0塊厝15號之1,23.4366603,120.5653251
山西夫子天文宮,文衡聖帝,嘉義縣中埔鄉和美村29鄰中山新村,23.4515375,120.4712307
天安宮,盤古聖帝,嘉義縣中埔鄉和美段1468、1469地號,23.3995944,120.5509358
福仙宮,水仙尊王,嘉義縣中埔鄉鹽館段232之7號,23.429444,120.539691
福德宮,福德正神,嘉義縣中埔鄉石頭厝段188之7地號,23.431253,120.510933
玄帝宮,玄天上帝,嘉義縣中埔鄉隆興村枋樹腳段344地號,23.438491,120.530304
長安宮,玄天上帝,嘉義縣中埔鄉義仁村安家厝7之1號,23.445424,120.520678
佛潭山慧林禪寺,觀世音菩薩,嘉義縣中埔鄉鹽館村鹽館段1之3號,23.429444,120.539691
楓帝宮,玄天上帝楓樹尊王,嘉義縣中埔鄉裕民村溪墘仔53之20號,23.436398,120.510298
法雨道場,釋迦牟尼佛,嘉義縣中埔鄉同仁村柚子宅211鄰50之6號,23.414029,120.4962417
曾文寺七寶塔,地藏王,嘉義縣大埔鄉大埔村4鄰515號,23.295369,120.5998528
北極殿,玄天上帝,嘉義縣大埔鄉大埔村137號,23.295369,120.5998528
玄明宮,玄天上帝,嘉義縣大埔鄉永樂村2鄰大埔段657、658號,23.3221434,120.5624474
奉龍宮,觀音大士,嘉義縣大埔鄉茄苳村7鄰坪林12之1號,23.2480074,120.6084832
心悟寺,釋迦牟尼佛,嘉義縣大埔鄉和平村6鄰雙溪9號,23.301999,120.5990809
達磨禪直指心園,釋迦牟尼佛,嘉義縣大埔鄉和平村石硤內3號,23.302987,120.622194
西佛寺,釋迦牟尼佛,嘉義縣大埔鄉西興村草嶺5號之0號,23.261478,120.587496
璿宿上天宮,天上聖母,嘉義縣水上鄉水上村5鄰中和路233號,23.4300579,120.398572
奉安宮,城隍爺,嘉義縣水上鄉水上村9鄰外林211號,23.424562,120.397131
保安宮,保生大帝,嘉義縣水上鄉水上村6鄰店興街152巷16號,23.4243048,120.3983097
三主宮,五年王,嘉義縣水上鄉水頭村0鄰2之3號,23.432145,120.4055131
褔安宮,三姓尊王,嘉義縣水上鄉水頭村14鄰吳竹仔腳15號,23.432145,120.4055131
進興宮,謝府元帥,嘉義縣水上鄉大堀村2鄰大堀尾12號,23.4388641,120.384708
新興宮,神農聖帝,嘉義縣水上鄉大崙村18鄰419號,23.4457239,120.3608455
德圓宮,神農帝君,嘉義縣水上鄉大崙村17鄰2重溝12號,23.4457239,120.3608455
三界公廟,三官大帝,嘉義縣水上鄉粗溪村0鄰巷口417號,23.4490478,120.3954282
關帝廟,關帝爺,嘉義縣水上鄉粗溪村8鄰119號,23.4490478,120.3954282
正興寺,觀音佛祖,嘉義縣水上鄉下寮村5鄰49號,23.4579245,120.4227997
星拱殿,玄天上帝,嘉義縣水上鄉下寮村3鄰鴿溪寮214號,23.456825,120.420818
合興宮,城隍爺,嘉義縣水上鄉三和村4鄰20號,23.4593639,120.409835
竹安寺,觀音佛祖,嘉義縣水上鄉三和村6鄰頂寮14號,23.458338,120.414772
義神廟,帥爺,嘉義縣水上鄉三和村8號,23.4593639,120.409835
靈應公義士廟,靈應公,嘉義縣水上鄉三鎮村8鄰三鎮路513號,23.4145876,120.3866096
新發寺,觀音佛祖,嘉義縣水上鄉南和村8鄰南靖11號,23.415999,120.384938
協天宮,關帝爺,嘉義縣水上鄉南和村9鄰後寮8號,23.412481,120.361236
龍德宮,謝府元帥,嘉義縣水上鄉龍德村1鄰0號,23.4267709,120.3867834
龍山寺,池府千歲,嘉義縣水上鄉大堀村12鄰頂過溝19號,23.431331,120.37101
溪安宮,山西夫子,嘉義縣水上鄉溪洲村11鄰912號,23.413582,120.3983097
苦竹寺,觀音佛祖,嘉義縣水上鄉柳林村5鄰柳子林415號,23.4296769,120.4170377
千光寺,釋迦牟尼佛,嘉義縣水上鄉柳鄉村176之6號,23.442461,120.4199187
震南宮,關聖帝君,嘉義縣水上鄉內溪村7鄰13號,23.4342171,120.427121
褔德爺,媽祖,嘉義縣水上鄉寬士村9鄰219號,23.4375146,120.4242401
法雨寺,釋迦牟尼佛,嘉義縣水上鄉寬士村0鄰崎子頭30號,23.4375146,120.4242401
千歲宮,觀音佛祖,嘉義縣水上鄉忠和村6鄰紅毛寮0號,23.413441,120.429667
普竹寺,觀音佛祖,嘉義縣水上鄉中庄村14鄰中庄11號,23.419142,120.440514
鎮北宮,張姑婆媽,嘉義縣水上鄉義興村2鄰517號,23.4140099,120.4213592
寶豐宮,媽祖,嘉義縣水上鄉南鄉村76號,23.41279,120.464566
三祝宮,天上聖母,嘉義縣水上鄉三界村9鄰196號,23.424333,120.4732056
白鶴寺,觀世音菩薩,嘉義縣水上鄉國姓村9鄰3界埔316號,23.435462,120.4775252
靈應公廟,靈應公,嘉義縣水上鄉柳鄉村1鄰柳子林191號,23.442461,120.4199187
德興宮,五谷聖帝,嘉義縣水上鄉塗溝村3鄰頂塗溝18之1號,23.4590849,120.3688607
義民廟,義民三公,嘉義縣水上鄉大崙村418之5號,23.4457239,120.3608455
紫華宮,觀音佛祖,嘉義縣水上鄉國姓村5鄰3界埔5之2號,23.435462,120.4775252
奉蓮宮,呂仙祖,嘉義縣水上鄉三界村三界埔138之2號,23.4274222,120.4815948
君璉堂,天上聖母,嘉義縣水上鄉龍德村5鄰11指厝53-6號2樓,23.4267709,120.3867834
靜德寺,釋迦牟尼佛,嘉義縣水上鄉三界村218號,23.424333,120.4732056
星拱殿,玄天上帝,嘉義縣水上鄉下寮村3鄰鴿溪寮24號,23.456825,120.420818
妙蓮禪寺,三寶佛,嘉義縣水上鄉義興村8鄰下菜園15-1號,23.419795,120.416913
武忠宮,玄天上帝爺,嘉義縣水上鄉忠和村3鄰檳榔樹角17號,23.426816,120.44512
萬善堂,萬善公,嘉義縣水上鄉水頭村0鄰新進街62巷12弄8號,23.4320777,120.4012988
義民公正廟,義民公,嘉義縣水上鄉粗溪村13鄰巷口55之3號,23.4490478,120.3954282
協安宮,大伯爺,嘉義縣水上鄉國姓村11鄰3界埔113號,23.435462,120.4775252
南天宮,玄天上帝,嘉義縣水上鄉塗溝村7鄰下塗溝47號,23.4572807,120.369492
奉天宮濟公廟,濟公活佛,嘉義縣水上鄉寬士村25鄰崎子頭736之1號,23.4375146,120.4242401
大將爺廟,大將爺,嘉義縣水上鄉水上村1鄰市政街5號,23.4289155,120.398096
文應宮,保生大帝,嘉義縣水上鄉水頭村13鄰吳竹街18巷315號,23.4308524,120.4039726
永順宮,玄天上帝,嘉義縣水上鄉國姓村8鄰3界埔45號,23.435462,120.4775252
興一講堂,明明上帝,嘉義縣水上鄉三界村13鄰三界埔347之7號,23.434284,120.476591
聖安宮,天上聖母,嘉義縣水上鄉柳鄉村?仔林192之45號附1,23.442461,120.4199187
順聖宮,天上聖母,嘉義縣水上鄉三和村2鄰新厝仔127之3號,23.4593639,120.409835
忠興宮,中壇元帥,嘉義縣水上鄉中庄村12鄰中庄296附1,23.419142,120.440514
明德聖堂,明明上帝,嘉義縣水上鄉大堀村2鄰大堀尺12之12號,23.4387277,120.3810199
福德宮,福德正神,嘉義縣水上鄉內溪村柳子林段260之40號,23.4342171,120.427121
隆山宮,太上老君,嘉義縣水上鄉三和村巷口36之1號,23.4593639,120.409835
仁安宮,玄天上帝,嘉義縣水上鄉內溪村4鄰內溪47號,23.4342171,120.427121
後寮大眾爺廟,大眾爺,嘉義縣水上鄉南和村15鄰後寮62號,23.412481,120.361236
明安宮,邢王爺,嘉義縣鹿草鄉豐稠村3鄰海豐21之1號,23.4315849,120.284468
城隍廟,城隍爺,嘉義縣鹿草鄉重寮村17鄰中寮96號,23.394491,120.316008
華封堂,里主尊王,嘉義縣鹿草鄉施家村0鄰411號,23.3957294,120.3060706
雲龍宮,五府千歲,嘉義縣鹿草鄉光潭村6鄰181號,23.3804047,120.2772325
義德堂,本師釋迦牟佛,嘉義縣鹿草鄉光潭村15鄰253之1號,23.3804047,120.2772325
慈德寺,清水祖師公,嘉義縣鹿草鄉松竹村4鄰33號,23.3981859,120.2945362
保安宮,五府千歲,嘉義縣鹿草鄉竹山村193號,23.4010271,120.2685799
廣福宮,三山國王,嘉義縣鹿草鄉竹山村龜佛山11號,23.4010271,120.2685799
樹德宮,陳聖王,嘉義縣鹿草鄉後堀村14鄰105號,24.1164794,120.6132046
開天宮,開天聖帝,嘉義縣鹿草鄉三角村11鄰109號,23.3961784,120.3291365
鐘福宮,五府千歲,嘉義縣鹿草鄉三角村21鄰毛蟹行14號,23.403807,120.333902
順天宮,天上聖母,嘉義縣鹿草鄉下麻村5鄰5之7號,23.4193067,120.3464333
慈雲寺,觀音佛祖,嘉義縣鹿草鄉下麻村7鄰頂半天0號,23.420618,120.352606
碧潭龍湖宮,三代浮佛,嘉義縣鹿草鄉碧潭村6鄰18號,23.3820895,120.2945362
余慈廟,余慈爺公,嘉義縣鹿草鄉後寮村8鄰60之1號,23.4295934,120.3233704
永泰宮,法主公聖君,嘉義縣鹿草鄉後寮村4鄰24號,23.4295934,120.3233704
泰安宮,五谷聖帝,嘉義縣鹿草鄉鹿東村8鄰227號,23.4200949,120.3176041
圓山宮,王孫大使,嘉義縣鹿草鄉西井村1鄰150號,23.4142821,120.2945362
新安宮,保生大帝,嘉義縣鹿草鄉鹿東村9鄰24之3號,23.4200949,120.3176041
保安宮,邢府千歲,嘉義縣鹿草鄉豐稠村9鄰馬稠後19號,23.437223,120.280145
開山宮,開台尊王,嘉義縣鹿草鄉鹿草村13鄰鹿草278號附1,23.414477,120.30607
開臺聖王府,鄭成功,嘉義縣鹿草鄉松竹村竹子腳144號附1,23.3981859,120.2945362
萬善相公,萬善相公,嘉義縣鹿草鄉鹿草段鹿草小段1007-000號,23.414477,120.30607
慈善宮,大寮伯,嘉義縣鹿草鄉鹿草段1192之4地號,23.414477,120.30607
南天聖道院,天德聖母,嘉義縣鹿草鄉豐稠村6鄰馬稠後4之1號,23.4315849,120.284468
武天宮,玄天上帝,嘉義縣太保市後潭里450號,23.4580822,120.3406679
慧明社醒善堂,關聖帝君,嘉義縣太保市南新里3鄰中山路一段612號,23.4956335,120.3885554
安福宮,三山國王,嘉義縣太保市港尾里4鄰管事厝11號,23.475747,120.374921
保安宮,保生大帝,嘉義縣太保市後庄里2鄰18號,23.4737385,120.3176041
平安宮,三山國王,嘉義縣太保市前潭里後潭0鄰110號,23.4609802,120.3521983
福興宮,天上聖母,嘉義縣太保市田尾里8鄰溪南3號,23.5056,120.335605
聖恩宮,觀音三菩薩,嘉義縣太保市埤鄉里3鄰埤麻腳513號,23.487776,120.38674
北極宮,玄天上帝,嘉義縣太保市崙頂里4鄰211號,23.46301,120.3176041
福濟宮,七星娘娘,嘉義縣太保市太保里7鄰150號,23.4642613,120.330578
古恩宮,五府千歲,嘉義縣太保市麻寮里中山路二段250號,23.4997919,120.3686762
玉賢宮,三府千歲,嘉義縣太保市北新里9鄰中興路一段152號,23.4996778,120.3849282
東安宮,城隍,嘉義縣太保市東勢里8鄰812號,23.4667039,120.3003035
福安宮,五府千歲,嘉義縣太保市過溝里0鄰瓦厝216號,23.493012,120.352811
鎮安宮,五府千歲,嘉義縣太保市安仁里1鄰3塊厝1之7號,23.4473113,120.3031871
福天宮,玄天上帝,嘉義縣太保市安仁里5鄰頂港子墘10號,23.445113,120.295487
鎮福宮,天上聖母,嘉義縣太保市後潭里12鄰470號,23.4445668,120.3412822
福興宮,神農聖帝,嘉義縣太保市梅埔里14鄰7之1號,23.4366282,120.3406679
玉泉寺,關聖帝君,嘉義縣太保市後潭里15鄰418號,23.4580822,120.3406679
鼎新宮,天上聖母,嘉義縣太保市過溝里1鄰過溝9號,23.499172,120.359703
福安宮,清水祖師,嘉義縣太保市田尾里2鄰16號,23.5022229,120.3349024
保安宮,保生大帝,嘉義縣太保市舊埤里13鄰126號,23.4902624,120.3406679
港保宮,三山國王,嘉義縣太保市港尾里2鄰港尾20之1號,23.4986069,120.3852096
鼎新宮,天上聖母,嘉義縣太保市過溝里1鄰過溝9號,23.499172,120.359703
三佛寺,三王爺,嘉義縣太保市新埤里1鄰新埤段新埤小段448號,23.4820017,120.3291365
清福宮,清水祖師,嘉義縣太保市春珠里5鄰（茄苳腳711號）,23.445622,120.320774
東和宮,元帥爺,嘉義縣太保市東勢里2鄰（東勢寮段330之1地號）,23.4667039,120.3003035
法隆寺,西方三聖,嘉義縣太保市後潭里424之12號,23.4580822,120.3406679
水虞厝代天府,五府千歲,嘉義縣太保市南新里3鄰仁愛路116巷3號,23.4973514,120.3875426
福安宮,福德正神,嘉義縣太保市北新里15鄰溪底寮218號附1,23.505546,120.3882242
清雲宮,清水祖師,嘉義縣太保市中山路一段618巷15號,23.4956335,120.3885554
東天紫微宮,紫微大帝,嘉義縣太保市埤鄉里1鄰埤麻腳2之1號,23.4859241,120.3874589
玄保宮,玄天上帝,嘉義縣太保市太保里145號,23.4642613,120.330578
安福宮,池府千歲,嘉義縣朴子市安福里5鄰山通路82號,23.466991,120.247189
靜修精舍,釋迦牟尼佛,嘉義縣朴子市平和里2鄰市東路33號,23.4639391,120.2463908
巡天宮,五府千歲,嘉義縣朴子市順天里南通路三段916號,23.467094,120.241894
龍樹亭,觀音佛祖,嘉義縣朴子市內厝里7鄰內厝518號,23.468691,120.243648
保安宮,五府千歲,嘉義縣朴子市中正里0鄰中正路171號,23.465889,120.243817
圓光寺,釋迦牟尼佛,嘉義縣朴子市永和里4鄰應菜埔36號,23.4645291,120.2352652
青田寺,觀音佛祖,嘉義縣朴子市文化里16鄰南通路三段782號,23.4637387,120.2431353
春秋武廟,關聖帝君,嘉義縣朴子市永和里4鄰應菜埔36之1號,23.4645291,120.2352652
德安宮,五府千歲,嘉義縣朴子市永和里12鄰應菜埔107之1號,23.4645291,120.2352652
竹安亭,五府千歲,嘉義縣朴子市永和里3鄰應菜埔25之1號,23.4645291,120.2352652
永安宮,五府千歲,嘉義縣朴子市永和里8鄰應菜埔79之2號,23.46513,120.231766
鎮安宮,林府九千歲五年千歲,嘉義縣朴子市竹圍里1鄰下竹圍1號,23.4661252,120.2516412
新福宮,公子爺,嘉義縣朴子市新寮里6鄰新寮0號,23.451703,120.239341
石碼宮,林府元帥,嘉義縣朴子市雙溪里4鄰雙溪口37號,23.484609,120.273613
萬善堂,黑川伯公,嘉義縣朴子市溪口里1鄰雙溪口127之1號,23.484609,120.273613
石碼宮,林府元帥,嘉義縣朴子市溪口里7鄰雙溪口192之1號,23.484609,120.273613
福安宮,五府千歲,嘉義縣朴子市仁和里1鄰小?榔12之1號,23.4650306,120.2830007
龍安宮,李府千歲,嘉義縣朴子市大鄉里14鄰大?榔287號,23.4604464,120.2541575
金王公廟,金王,嘉義縣朴子市大鄉里8鄰大?榔238之1號旁,23.4604464,120.2541575
涂姓開基祖廟,天上聖母,嘉義縣朴子市大鄉里3鄰大?榔195號,23.4604464,120.2541575
城隍宮,城隍,嘉義縣朴子市佳禾里7鄰東安寮0號,23.4464152,120.2570421
福安宮,魏王爺,嘉義縣朴子市佳禾里1鄰苦瓜寮42之6號旁,23.4464152,120.2570421
聖德堂,聖德元帥,嘉義縣朴子市佳禾里1鄰苦瓜寮60之1號旁,23.4464152,120.2570421
保安宮,五府千歲,嘉義縣朴子市崁前里0鄰崁前215號,23.442154,120.234698
澤山宮,護國尊王,嘉義縣朴子市竹村里1鄰鴨母寮7之7號,23.4323492,120.241176
山西夫子,山西夫子,嘉義縣朴子市竹村里8鄰鴨母寮90號,23.4323492,120.241176
聖媽堂,三姑娘,嘉義縣朴子市竹村里1鄰鴨母寮3之1號旁,23.4323492,120.241176
大發寺,太子爺,嘉義縣朴子市德家里6鄰吳竹子腳53號,23.425141,120.2498305
龍安宮,五府千歲,嘉義縣朴子市松華里12鄰牛挑灣218號,23.411819,120.258277
大華宮,吳府千歲,嘉義縣朴子市南竹里3鄰南勢竹219號,23.4145985,120.2426185
樸靈宮,呂仙祖樸靈公,嘉義縣朴子市文化里0鄰海通路116號,23.4638009,120.2412957
代天宮,刑府千歲,嘉義縣朴子市文化里8鄰文化北路217號,23.4647249,120.2414168
春川宮,春姑婆,嘉義縣朴子市安福里13鄰黎明路1之2號,23.469715,120.247051
北天宮,玄天上帝,嘉義縣朴子市新庄里1鄰新庄10號,23.4311563,120.2656955
聖善寺,釋迦牟尼佛,嘉義縣朴子市大鄉里212鄰大?榔253之32號,23.4604464,120.2541575
朴子配天宮,天上聖母,嘉義縣朴子市開元里6鄰開元路118號,23.4678564,120.2451789
朴子高明寺,釋迦牟尼佛,嘉義縣朴子市文化里15鄰山通路73號,23.4647469,120.2439334
雙溪口福天宮,吳府三千歲,嘉義縣朴子市雙溪里3鄰219號,23.487724,120.2772325
龍樹亭,觀音佛祖,嘉義縣朴子市內厝里7鄰內厝路58號,23.468691,120.243648
巡天宮,五府千歲,嘉義縣朴子市順天里7鄰南通路三段916號,23.467094,120.241894
保安宮,五府千歲,嘉義縣朴子市崁前里10鄰崁前25號,23.442154,120.234698
山西夫子,山西夫子,嘉義縣朴子市竹村里8鄰鴨母寮90號,23.4323492,120.241176
代天宮,刑府千歲,嘉義縣朴子市文化里8鄰文化北路27號,23.4645198,120.2411634
萬善廟,福德正神,嘉義縣朴子市竹圍里16鄰南通路三段386號,23.4603193,120.2424752
南極代天宮,池府千歲,嘉義縣朴子市新庄里7鄰,23.4311563,120.2656955
敦睦宮,天僊伍帝,嘉義縣朴子市崁後里5鄰崁後415之1號,23.446646,120.226412
聖福宮,福德正神,嘉義縣朴子市大鄉里17鄰大?榔466號,23.4604464,120.2541575
碧安宮,天上聖母,嘉義縣朴子市梅華里19鄰牛挑灣129之0號,23.411819,120.258277
三王府,三千歲,嘉義縣朴子市竹村里471巷611號,23.4323492,120.241176
指靈宮,南無濟公禪師,嘉義縣朴子市溪口里181之1號,23.4769925,120.2772325
慧光寺,釋迦牟尼佛,嘉義縣朴子市梅華里153之0號,23.4152496,120.2584844
石車公廟,石車公,嘉義縣朴子市大葛里11鄰大?榔1-3號附近,23.4555291,120.2772325
先天宮,五府千歲,嘉義縣東石鄉東石村246號,23.4564161,120.1496348
贊天宮,李王,嘉義縣東石鄉猿樹村3鄰214號,23.460019,120.1488264
萬善同居,陳主帥,嘉義縣東石鄉塭港村1鄰204號,23.4707605,120.1488264
福海宮,李府千歲,嘉義縣東石鄉塭港村12鄰28號附1,23.4707605,120.1488264
保安宮,邢王,嘉義縣東石鄉塭港村2鄰,23.4707605,120.1488264
福安宮,五府千歲,嘉義縣東石鄉型厝村0鄰109號,23.4800864,120.161817
福靈宮,觀音佛祖,嘉義縣東石鄉三家村8鄰73之3號,23.4722642,120.1733631
永靈宮,李府千歲,嘉義縣東石鄉永屯村5鄰43號,23.4561548,120.1733631
祝天宮,鄭成功,嘉義縣東石鄉海埔村4鄰21號,23.4735317,120.1863512
富安宮,五府千歲,嘉義縣東石鄉副瀨村6鄰57號,23.4852743,120.172733
壽天宮,張王,嘉義縣東石鄉鰲鼓村2鄰鰲鼓614之2號,23.495219,120.172261
笨港口港口宮,天上聖母,嘉義縣東石鄉港口村8鄰5號,23.4983071,120.1834651
松湖宮,五府千歲,嘉義縣東石鄉蔦松村3鄰下蔦松44號,23.472837,120.216363
臥龍港代天府,李府千歲,嘉義縣東石鄉洲仔村4鄰14號之1,23.4535131,120.1921233
福安壇,池府千歲,嘉義縣東石鄉東崙村5鄰214號,23.4339183,120.2022239
靈慈宮,開台聖王,嘉義縣東石鄉西崙村4鄰栗子崙97號,23.434036,120.189768
圓明寺,釋迦佛祖,嘉義縣東石鄉塭仔村3鄰69號,23.4400452,120.1733631
慈安壇,五府千歲,嘉義縣東石鄉塭仔村5鄰48號,23.4400452,120.1733631
九龍江廟,三千歲,嘉義縣東石鄉掌潭村9鄰白水湖47號附1,23.421484,120.160675
鎮安宮,盧府千歲,嘉義縣東石鄉網寮村10鄰32號,23.4329779,120.1560436
聖金壇,天上聖母,嘉義縣東石鄉網寮村1鄰3之2號,23.4329779,120.1560436
臨水宮,三奶夫人,嘉義縣東石鄉東石村20鄰黎明5號,23.4533007,120.1416142
安龍府,張府九千歲,嘉義縣東石鄉頂揖村1鄰13之3號,23.4981491,120.2094381
雲龍宮,池府千歲,嘉義縣東石鄉頂子寮頂揖小段172號,23.4701923,120.1704766
清德寺,觀音佛祖,嘉義縣東石鄉港墘村1鄰102號,23.4636764,120.2137665
國姓廟,延平郡王,嘉義縣東石鄉猿樹村4鄰35之2號,23.460019,120.1488264
建安宮,邢天王爺,嘉義縣東石鄉下揖子寮段176之2號,23.4701923,120.1704766
福安宮,溫府千歲,嘉義縣東石鄉溪下村0鄰1號,23.5049398,120.1964522
開天寺,三佛祖,嘉義縣東石鄉猿樹村1鄰6之7號,23.460019,120.1488264
福安宮,淵府千歲,嘉義縣東石鄉塭仔村13鄰5號,23.4400452,120.1733631
忠義佛堂,明明上帝,嘉義縣東石鄉副瀨村171之1號,23.4885643,120.1661469
后山宮,天上聖母,嘉義縣東石鄉型厝村山寮3鄰山寮22號附2,23.4701923,120.1704766
三法宮,太上老君,嘉義縣東石鄉下揖村14鄰67之2號,23.4929741,120.2022239
普濟寺,南無佛掱觀世音菩薩,嘉義縣東石鄉三家村5號之8,23.4722642,120.1733631
游天宮,五府千歲,嘉義縣東石鄉永屯村1鄰,23.4561548,120.1733631
正義公祠,正義公,嘉義縣東石鄉東崙村3鄰,23.4339183,120.2022239
大眾爺廟,大眾爺,嘉義縣東石鄉掌潭村,23.4156426,120.161817
奉安宮,劉府元帥,嘉義縣東石鄉掌潭村,23.4156426,120.161817
保安宮,吳府三千歲,嘉義縣東石鄉型厝村11鄰136號,23.4800864,120.161817
副港口宮,天上聖母,嘉義縣六腳鄉蒜頭村5鄰412號,23.4964097,120.2930943
護安宮,天上聖母,嘉義縣六腳鄉蒜東村蒜頭226號,23.492832,120.292688
永安宮,刑府大人,嘉義縣六腳鄉蒜南村蒜頭399號,23.492832,120.292688
配天宮,天上聖母,嘉義縣六腳鄉工廠村蒜頭糖廠122號,23.4805337,120.3046289
娘媽堂,娘媽,嘉義縣六腳鄉灣南村8鄰灣內8號,23.506159,120.306463
鳳山宮,武德英侯,嘉義縣六腳鄉灣北村11鄰灣內191號,23.506159,120.306463
保安宮,五府千歲,嘉義縣六腳鄉雙涵村4鄰412號,23.5149875,120.3003035
九玄宮,九天玄女,嘉義縣六腳鄉塗師村6鄰315之1號,23.5067227,120.2887685
福安宮,福德正神,嘉義縣六腳鄉塗師村大塗師段615號,23.506612,120.282863
聖安宮,福德正神,嘉義縣六腳鄉崙陽村5鄰菕子413號,23.555619,120.305136
代天府,池府千歲,嘉義縣六腳鄉三義村718號,23.5211688,120.2902105
永安宮,周府千歲,嘉義縣六腳鄉三義村0鄰8號,23.5211688,120.2902105
紫極殿,玄天上帝,嘉義縣六腳鄉港美村100號,23.5323152,120.2945362
玄天宮,玄天上帝,嘉義縣六腳鄉 六 斗村 六 斗尾12號,23.501676,120.292165
順天宮,五王爺,嘉義縣六腳鄉 六 腳村 六 腳516號,23.501676,120.292165
順天宮,五王爺,嘉義縣六腳鄉崩山村7鄰後崩山416號,23.5010593,120.2209801
德安宮,五王爺,嘉義縣六腳鄉古林村林內112號,23.486831,120.2310784
威靈宮,朱王,嘉義縣六腳鄉正義村7鄰占富厝415號,23.492054,120.253648
五福宮,天遷五帝,嘉義縣六腳鄉蘇厝村6鄰蘇厝寮143之0號,23.558517,120.299047
德安宮,武德英侯,嘉義縣六腳鄉竹本村15鄰竹子腳106號,23.533164,120.260635
玄天宮,玄天上帝,嘉義縣六腳鄉魚寮村魚寮612號,23.520903,120.249452
池王廟,池府千歲,嘉義縣六腳鄉潭墘村113號,23.5104185,120.2714642
無極天大威殿,神龍仙姑,嘉義縣六腳鄉正義村16鄰下雙溪383之1號,23.481448,120.252524
保安宮,保生大帝,嘉義縣六腳鄉正義村11鄰下雙溪216號,23.481448,120.252524
德龍宮,邢王,嘉義縣六腳鄉溪厝村溪墘厝717號,23.537394,120.265195
代天府,五府千歲,嘉義縣六腳鄉港美村814之1號,23.5323152,120.2945362
玉王宮,玉王千歲,嘉義縣六腳鄉更寮村7鄰更寮小段304之19及310之2地號,23.4765162,120.2354061
龍鳳宮,圓通自在天尊,嘉義縣六腳鄉塗師村11鄰大塗師段257號,23.5067227,120.2887685
玄安廟,玄天上帝,嘉義縣六腳鄉古林村1鄰古林段古林小段156號,23.486831,120.2310784
魚寮東安福宮,尤府千歲,嘉義縣六腳鄉古林村30之1號,23.486831,120.2310784
新興宮,康元帥,嘉義縣六腳鄉 六 斗村新厝218號,23.542351,120.286597
查仙宮廟,查仙公,嘉義縣六腳鄉港美村2鄰港尾寮段豐美小段316號,23.5323152,120.2945362
頂安宮,蕭府大帝,嘉義縣六腳鄉豐美村2鄰豐美小段681、682號,23.5347817,120.2830007
慈聖宮,天上聖母,嘉義縣六腳鄉溪厝村134之3號,23.4953545,120.2729063
般若精舍,釋迦牟尼佛,嘉義縣六腳鄉崙陽村崙子313之50號,23.555619,120.305136
蘇厝村朝安宮,蘇府千歲,嘉義縣六腳鄉蘇厝村1鄰蘇厝寮84號附11,23.558517,120.299047
五安宮,薛王爺,嘉義縣六腳鄉蒜頭村13鄰187之20號,23.492642,120.291909
龍旨宮,開聖帝公,嘉義縣六腳鄉溪厝村5鄰溪墘厝44之1號,23.537394,120.265195
太天宮,道德天尊,嘉義縣新港鄉南港村9鄰菜園13號,23.560435,120.323099
長天宮,天上聖母,嘉義縣新港鄉板頭村4鄰板頭厝9號,23.569117,120.321346
廣福宮,三山國王,嘉義縣新港鄉共和村8鄰後庄38號,23.5624557,120.3291365
三仙國王廟,三山國王,嘉義縣新港鄉共和村1鄰董厝9號,23.55655,120.332293
水月庵,觀世音菩薩,嘉義縣新港鄉共和村6鄰頂菜園1號,23.5600482,120.3242993
代天宮,諸府千歲,嘉義縣新港鄉南崙村1鄰崙子917號,23.581435,120.3406679
新港奉天宮,天上聖母,嘉義縣新港鄉大興村3鄰新民路513號,23.5566431,120.3471502
中洋村北極玄天宮,北極玄天上帝,嘉義縣新港鄉中洋村4鄰中洋子811之1號,23.526838,120.370421
大興宮,保生大帝,嘉義縣新港鄉大興村12鄰中正路713號,23.5587338,120.3468841
代天府,五府千歲,嘉義縣新港鄉大興村14鄰中正路115巷0號,23.5589863,120.346302
西安宮,福德正神,嘉義縣新港鄉福德村7鄰福德路914號,23.557077,120.343112
補天宮,女媧娘娘,嘉義縣新港鄉福德村19鄰福德路140巷7之1號,23.5579291,120.3420918
永福宮,三山國王,嘉義縣新港鄉古民村11鄰古民159號,23.56558,120.351428
永祿宮,三山國王,嘉義縣新港鄉中庄村12鄰中庄917號,23.5711222,120.344992
精忠廟,岳武穆王,嘉義縣新港鄉大潭村0鄰大潭819號,23.553799,120.369492
三官大帝廟,三官大帝,嘉義縣新港鄉西庄村6鄰西庄616號,23.56354,120.378308
光天宮,敵天大帝,嘉義縣新港鄉月眉村4鄰月眉潭516號,23.5127264,120.3606662
寶月宮,謝府元帥,嘉義縣新港鄉月潭村16鄰月眉潭299號,23.5127264,120.3606662
六興宮,天上聖母,嘉義縣新港鄉溪北村9鄰溪北615號,23.512329,120.336139
紫雲亭,都天靈聖,嘉義縣新港鄉菜公村3鄰咬仔竹214號,23.534278,120.359142
永興宮,保生大帝,嘉義縣新港鄉三間村3鄰三間厝316號,23.521849,120.387425
安和宮,天上聖母,嘉義縣新港鄉安和村6鄰番婆111號,23.516083,120.310612
三官大帝廟,三官大帝,嘉義縣新港鄉潭大村8鄰大客216之1號,23.533563,120.328766
復興宮,諸府千歲,嘉義縣新港鄉潭大村3鄰潭子墘16號,23.542128,120.331896
水仙宮,三官大帝,嘉義縣新港鄉南港村5鄰舊南港518號,23.562072,120.312674
福德祠,福德正神,嘉義縣新港鄉南港村4鄰南港818號,23.5596311,120.3801736
王爺廟,諸府千歲,嘉義縣新港鄉南港村12鄰大崙5號,23.554803,120.310655
太公廟,姜子牙,嘉義縣新港鄉福德村16鄰中正路115巷19號,23.5552786,120.3461745
法海淨寺,釋迦牟尼佛,嘉義縣新港鄉安和村8鄰番婆123之3號,23.516083,120.310612
東興廟,池府千歲,嘉義縣新港鄉宮後村大興路711號,23.5570522,120.3484726
鎮北殿,北極玄天上帝,嘉義縣新港鄉潭大村潭子墘段937號等,23.542128,120.331896
三王公祠,三王公,嘉義縣新港鄉大潭村4鄰大潭168號,23.553799,120.369492
松王廟,松王檨王,嘉義縣新港鄉大潭村19鄰大潭1號,23.553799,120.369492
福德爺廟,福德正神,嘉義縣新港鄉海瀛村9鄰海豐子段海豐小段966之1號,23.5698846,120.369492
保安宮,保生大帝,嘉義縣新港鄉海瀛村7鄰海豐子段555之1號,23.5698846,120.369492
保壽宮,保生大帝,嘉義縣新港鄉海瀛村9鄰海豐子段297號,23.5698846,120.369492
玄聖宮,玄天上帝關聖帝君,嘉義縣新港鄉埤子村1鄰埤子頭段219號,23.5841157,120.3594043
福德祠,福德正神,嘉義縣新港鄉西庄村2鄰西庄段378號,23.562047,120.3810199
寶天宮,伍年千歲,嘉義縣新港鄉板頭村13鄰919之1號,23.5686414,120.3190457
法音寺,西方三聖佛,嘉義縣新港鄉福德村9鄰登雲路111巷14號,23.5557276,120.3439288
萬善公廟,萬善公,嘉義縣新港鄉潭大村0鄰大客215之1號,23.533563,120.328766
懷濟堂,觀音佛祖,嘉義縣新港鄉潭大村2鄰潭子墘0之4號,23.542128,120.331896
九天宮,關聖帝君,嘉義縣新港鄉月眉潭段眉潭小段590號,23.538123,120.3550808
鎮武宮,玄天上帝,嘉義縣新港鄉溪北村溪北段526地號,23.512329,120.336139
萬仁公廟,萬仁公,嘉義縣新港鄉中洋村中工段203地號,23.5257528,120.3752561
保安宮,朱、邢、李府千歲,嘉義縣新港鄉菜公村菜公厝段355地號,23.540267,120.346645
福德宮,福德正神,嘉義縣新港鄉大潭村大潭段精忠小段702地號,23.553799,120.369492
松王廟,松樹尊王,嘉義縣新港鄉月眉村16鄰月眉潭112號,23.5127264,120.3606662
清水殿,清水祖師,嘉義縣新港鄉溪北小段750、751號,23.512329,120.336139
奉山龍鳳堂,順天聖母,嘉義縣新港鄉南港村8鄰南港185之1號,23.5596311,120.3801736
三界公廟,三官大帝,嘉義縣民雄鄉東湖村16鄰東勢湖159號,23.55128,120.440681
保生大帝廟,保生大帝,嘉義縣民雄鄉西安村19鄰民族路54號,23.5553159,120.4300867
福德爺廟,福德正神,嘉義縣民雄鄉豊收村16鄰好收713號之0,23.5479954,120.4588059
上帝爺廟,玄天上帝,嘉義縣民雄鄉東興村5鄰葉子寮414號,23.562817,120.498252
上升宮,玄天上帝,嘉義縣民雄鄉松山村4鄰松子腳413號,23.540628,120.475427
寶林禪寺,三寶佛觀世音菩薩,嘉義縣民雄鄉松山村8鄰後山仔318之2號,23.5364326,120.4876036
觀音禪寺,南無本師釋迦牟尼佛,嘉義縣民雄鄉寮頂村3鄰617號,23.5682154,120.427121
五穀王廟,五穀聖帝,嘉義縣民雄鄉豊收村4鄰318號,23.5479954,120.4588059
保安宮,保生大帝,嘉義縣民雄鄉中和村2鄰社溝318號,23.547657,120.410989
廣濟宮,池王爺,嘉義縣民雄鄉山中村6鄰牛斗山718號,23.5142078,120.4040725
好嘉宮,保生大帝,嘉義縣民雄鄉平和村1鄰頂店仔7之1號,23.5434873,120.3925467
土地公廟,神農聖帝,嘉義縣民雄鄉菁埔村菁埔107號,23.556873,120.398637
玄德宮,玄天上帝,嘉義縣民雄鄉文隆村0鄰鴨母N417號,23.5397672,120.4285613
順天宮,五府千歲,嘉義縣民雄鄉中央村12鄰田中央717號,23.5356506,120.4040725
檨仔王廟,檨仔王,嘉義縣民雄鄉菁埔村菁埔130號,23.556873,120.398637
保安宮,保生大帝,嘉義縣民雄鄉雙福村7鄰雙福60號,23.537003,120.443053
廣安宮,三山國王,嘉義縣民雄鄉興中村4鄰江厝店12號,23.524419,120.421723
觀音寺廟,觀世音,嘉義縣民雄鄉大崎村5鄰大丘園9號,23.522959,120.465704
民雄保安宮騎虎王廟,騎虎尊王,嘉義縣民雄鄉中樂村文化路317號,23.5541946,120.4298988
耀明宮,池府王爺,嘉義縣民雄鄉興南村2鄰頭橋919號,23.521031,120.438704
大使爺廟,大使爺,嘉義縣民雄鄉北斗村覆鼎金417號,23.522952,120.460964
壽天宮,玄天上帝,嘉義縣民雄鄉三興村8鄰溪底B6號,23.5570464,120.478965
保生大帝爺廟,保生大帝,嘉義縣民雄鄉豊收村20鄰山子腳40號,23.5479954,120.4588059
保安宮,保生大帝,嘉義縣民雄鄉福權村3鄰216號,23.5653354,120.4155972
鎮安宮,玄天上帝,嘉義縣民雄鄉大崎村0鄰14甲212號,23.5261402,120.4732056
大明殿,真武大帝,嘉義縣民雄鄉東榮村2鄰中庄19之1號,23.556644,120.434836
陳福德爺廟,福德正神,嘉義縣民雄鄉三興村5鄰陳厝寮417號,23.556547,120.478029
普安宮,玄天上帝,嘉義縣民雄鄉秀林村4鄰林子尾411號,23.514835,120.477263
德和禪寺,釋迦牟尼佛,嘉義縣民雄鄉東榮村3鄰中庄215號,23.5559028,120.4350329
天仙禪寺,釋迦牟尼佛,嘉義縣民雄鄉三興村2鄰陳厝寮18之5號,23.556547,120.478029
廣興宮,玄天上帝,嘉義縣民雄鄉福興村6鄰牛稠溪60號,23.510712,120.4245
慈雲亭,觀世音菩薩,嘉義縣民雄鄉西昌村6鄰竹子腳1號,23.547136,120.378973
新福宮,保生大帝,嘉義縣民雄鄉北斗村6鄰北勢子617號,23.534636,120.45553
三主宮,觀音佛祖,嘉義縣民雄鄉寮頂村1鄰頂寮519之1號,23.570768,120.426997
玄武宮,玄天上帝,嘉義縣民雄鄉平和村6鄰番仔溝13之1號,23.536553,120.3862044
北天宮,玄天上帝,嘉義縣民雄鄉大崎村8鄰內埔仔218之2號,23.5151489,120.4871826
震天府廟,五府千歲,嘉義縣民雄鄉豊收村14鄰好收144號,23.5479954,120.4588059
玄聖宮,開漳聖王,嘉義縣民雄鄉平和村4鄰雙援16之1號,23.548589,120.390416
大士爺廟,觀音菩薩(觀音大士),嘉義縣民雄鄉中樂村中樂路811號,23.5562148,120.4308159
海恩淨寺,釋迦牟尼佛,嘉義縣民雄鄉松山村松子腳217號之2,23.540628,120.475427
慶誠宮,天上聖母,嘉義縣民雄鄉中樂村中樂路614號,23.5562148,120.4308159
玄聖宮,天上聖母,嘉義縣民雄鄉東興村葉子寮213號,23.562817,120.498252
鎮南宮,騎虎王爺公土地公,嘉義縣民雄鄉東榮村216鄰民南段746號,23.5498668,120.4314421
豐厚宮,福德正神,嘉義縣民雄鄉興中村1鄰義橋江厝店段543號,23.5331744,120.4155972
開山廟,鄭成功,嘉義縣民雄鄉鎮北村7鄰20號,23.5783001,120.4487252
千年宮,觀音佛祖,嘉義縣民雄鄉中央村1鄰新庄30號,23.5356506,120.4040725
鐵圍山行府廟,焦面大士,嘉義縣民雄鄉文隆村17鄰建國路二段187之94號,23.539265,120.43053
忠義公廟,忠義公,嘉義縣民雄鄉金興村212鄰忠義街140之1號,23.517748,120.438051
玄明宮,玄天上帝,嘉義縣民雄鄉頂崙村11鄰1之2號,23.5667643,120.4400839
溪龍宮,玄天上帝,嘉義縣民雄鄉秀林村13鄰溪底寮5號,23.4518288,120.4748526
廣興宮,戴大王,嘉義縣民雄鄉松山村0鄰東湖仔8號,23.5364326,120.4876036
福安祠,大眾爺,嘉義縣民雄鄉雙福村鴨母N段鴨母N小段161號之4,23.5393485,120.4429644
聖公聖媽廟,聖公聖媽,嘉義縣民雄鄉中樂村11鄰民北段210地號,23.5536814,120.4292815
福安祠,大眾爺,嘉義縣民雄鄉寮頂村13鄰民權路412號之1,23.561041,120.42931
玄靈宮,九天玄女,嘉義縣民雄鄉興中村2鄰劉竹仔腳7之2號,23.5331744,120.4155972
三元帥廟,三元帥,嘉義縣民雄鄉頂崙村8鄰216之1號,23.5667643,120.4400839
福東宮,觀音菩薩,嘉義縣民雄鄉興中村1鄰義橋318之1號,23.5331744,120.4155972
九龍山濟公禪寺,濟公,嘉義縣民雄鄉大崎村內埔仔7號,23.524359,120.490113
興南府,五府千歲,嘉義縣民雄鄉大崎村12鄰14甲398號,23.5261402,120.4732056
民安凌宵寶殿,觀音大士,嘉義縣民雄鄉東榮村建國路一段95巷73之1號,23.5565162,120.4331035
如意宮,三清道祖,嘉義縣民雄鄉大崎村5鄰大丘園11之6號,23.522959,120.465704
安霞宮,開漳聖王,嘉義縣大林鎮西林里仁愛路2號,23.603077,120.454862
天德寶宮,關聖帝君,嘉義縣大林鎮西林里中山路269號,23.60735,120.454991
朝聖宮,江元帥,嘉義縣大林鎮平林里下潭底216號,23.5978713,120.4573659
明德佛寺,釋迦牟尼佛,嘉義縣大林鎮溝背里6鄰119號,23.618442,120.4861639
紫玄保宮,玄天上帝,嘉義縣大林鎮明華里12鄰下埤頭83號,23.602349,120.439534
朝傳宮,天上聖母,嘉義縣大林鎮明和里3鄰甘蔗崙712號,23.610237,120.446105
五府千歲廟,黃欽府千歲,嘉義縣大林鎮排路里9鄰166號,23.610405,120.422201
保安宮,王孫大使,嘉義縣大林鎮西結里4鄰70號,23.6125455,120.4141567
媽祖廟朝天宮,天上聖母,嘉義縣大林鎮湖北里0鄰早知19號,23.622371,120.440468
泰寧宮,天上聖母,嘉義縣大林鎮大美里14鄰大埔美141號,23.600971,120.504417
萬寧宮,保生大帝,嘉義縣大林鎮中坑里4鄰沙崙176號,23.586841,120.493987
奉天宮,王爺公,嘉義縣大林鎮中坑里6鄰7號,23.5743178,120.5106372
龍山巖,釋迦牟尼佛,嘉義縣大林鎮中坑里17鄰芎蕉山41號,23.570459,120.519727
寶山寺,釋迦牟尼佛,嘉義縣大林鎮中坑里17鄰芎蕉山15號,23.5743178,120.5106372
代天宮,玄天上帝,嘉義縣大林鎮上林里11鄰麻園寮8號,23.575958,120.479715
安林宮,田都元帥,嘉義縣大林鎮上林里0鄰頂員林414號之1,23.578477,120.478965
永壽宮,松樹尊王,嘉義縣大林鎮中林里7鄰中林418號,23.593456,120.473581
鎮安宮,觀音佛祖,嘉義縣大林鎮三和里0鄰水碓414號,23.605049,120.473271
保安宮,玄天上帝,嘉義縣大林鎮三和里1鄰林子頭12號,23.600972,120.490964
金林寺,觀音佛祖,嘉義縣大林鎮溝背里13鄰281號,23.618442,120.4861639
隆天宮,王爺宮,嘉義縣大林鎮義和里2鄰3塊厝15號,23.6149512,120.4775252
金虛宮,玄天上帝,嘉義縣大林鎮三村里7鄰湖子16號,23.6225813,120.4732056
善興宮,松樹王,嘉義縣大林鎮三村里1鄰潭墘9號,23.6225813,120.4732056
武聖宮,關聖帝君,嘉義縣大林鎮吉林里8鄰平和街312巷2號,23.6012112,120.4556642
大美濟公院,濟公活佛,嘉義縣大林鎮大美里11鄰大埔美208號,23.600971,120.504417
福德爺廟,福德爺,嘉義縣大林鎮吉林里中正路514巷12號(市場內),23.6025653,120.4540769
普濟宮,明明上帝,嘉義縣大林鎮義和里1鄰3塊厝157號,23.6149512,120.4775252
廣安宮,騎虎尊王,嘉義縣大林鎮三和里6鄰林子前31號之6,23.601408,120.480644
玄濟宮,玄天上帝,嘉義縣大林鎮內林里38之1號,23.6097842,120.4890434
保安宮,保生大帝,嘉義縣大林鎮中林里15鄰中林105號,23.593456,120.473581
大林大眾爺公廟,大眾爺,嘉義縣大林鎮平林里過溝仔518號,23.606352,120.458331
朝興宮,天上聖母,嘉義縣大林鎮排路里1鄰水汴頭3號,23.610405,120.422201
受天宮,北極玄天上帝,嘉義縣大林鎮中坑里14鄰田寮12之1號,23.517505,120.548584
大林天后宮,媽祖,嘉義縣大林鎮三村里湖子28之5號,23.617085,120.467568
大林順天宮,玄天上帝,嘉義縣大林鎮三角里4鄰三角48號,23.628738,120.498766
中林福德爺廟,福德爺,嘉義縣大林鎮中林里20鄰ㄧ26號,23.591678,120.4674459
中坑大眾萬善堂,大眾爺,嘉義縣大林鎮中坑里4鄰沙崙114之1號,23.584991,120.493888
元帥府,保儀尊王,嘉義縣大林鎮西結里排子路段508之1地號,23.5990934,120.4703258
十方行道堂,觀音大士,嘉義縣大林鎮上林里0鄰414號附1,23.8279862,120.7083247
福玄宮,土地公,嘉義縣大林鎮大埔美段587地號,23.600971,120.504417
中坑大眾萬善堂,大眾爺,嘉義縣大林鎮中坑里4鄰沙崙114-1號,23.584991,120.493888
北極殿,玄天上帝,嘉義縣溪口鄉溪西村3鄰中正路182號,23.603294,120.39482
三仙宮,三仙國王,嘉義縣溪口鄉溪北村13鄰溪明6號,23.6049376,120.3810199
慈德寺,觀音佛祖,嘉義縣溪口鄉溪北村14鄰民權街214號,23.606647,120.394997
福玄宮,福德正神池府千歲玄天上帝,嘉義縣溪口鄉柴林村7鄰815號,23.6051469,120.3738151
開元殿,開台尊王,嘉義縣溪口鄉柴林村1鄰1之2號,23.6036496,120.3747389
鎮亨宮,五年千歲,嘉義縣溪口鄉林腳村6鄰141號,23.5983437,120.368051
德和堂,觀音佛祖,嘉義縣溪口鄉本厝村5鄰本廳212號,23.579434,120.387785
本廳大帝宮,保生大帝,嘉義縣溪口鄉本厝村9鄰本廳519號,23.579434,120.387785
慈? 濟? 宮,保生大帝,嘉義縣溪口鄉游東村0鄰713號,23.6214182,120.4040725
保聖宮,保生大帝,嘉義縣溪口鄉柳溝村16鄰316之1號,23.5824454,120.4170377
天后宮,天上聖母,嘉義縣溪口鄉柳溝村4鄰阿連庄315號,23.5824454,120.4170377
天臺殿,玉皇大帝,嘉義縣溪口鄉疊溪村5鄰15號,23.588033,120.436166
奉安宮,王府大使,嘉義縣溪口鄉美南村天赦14之4號,23.586755,120.373545
代雲寺,南無本師釋迦牟尼佛,嘉義縣溪口鄉游東村13鄰游東518號,23.6214182,120.4040725
鎮亨宮,五年千歲,嘉義縣溪口鄉林腳村6鄰141號,23.5983437,120.368051
慈善宮,觀音佛祖,嘉義縣溪口鄉游東村9鄰(游厝段游東小段814號),23.6214182,120.4040725
天宋宮,天宋媽,嘉義縣溪口鄉游東村14鄰牛埔寮1號,23.622752,120.406754
厝子保生宮,保生大帝,嘉義縣溪口鄉本厝村15鄰厝子9之2號,23.567219,120.402193
美安宮,保生大帝,嘉義縣溪口鄉美北村崙尾418之1號,23.592211,120.380809
天公廟,無極老申明明上帝,嘉義縣溪口鄉柴林村313之1號,23.6036496,120.3747389
集元宮,三元帥,嘉義縣溪口鄉疊溪村3鄰下員林,23.591668,120.445164
慈覺堂,西王金母,嘉義縣溪口鄉本厝村3鄰厝子30之3號,23.567219,120.402193
厝子保生宮,保生大帝,嘉義縣溪口鄉本厝村15鄰厝子9-2號,23.567219,120.402193
保安宮,池府千歲,嘉義縣義竹鄉頭竹村6鄰70號,23.3323868,120.225308
慶安宮,李府千歲,嘉義縣義竹鄉頭竹村211鄰13號,23.3323868,120.225308
保安宮,岳飛元帥,嘉義縣義竹鄉五厝村2鄰811號,23.3558343,120.2729063
博安宮,五府千歲,嘉義縣義竹鄉中平村9鄰218號,23.3665672,120.2729063
保安宮,五府千歲,嘉義縣義竹鄉平溪村5鄰618號,23.3550834,120.2195374
嘉應宮,九龍三公,嘉義縣義竹鄉北華村9鄰101號,23.3492366,120.1964522
紹徽宮,五府千歲,嘉義縣義竹鄉新店村4鄰318號,23.3298329,120.1993381
福安宮,李府千歲,嘉義縣義竹鄉東過村9鄰918號,23.3026188,120.2137665
千歲宮,池府千歲,嘉義縣義竹鄉西過村15鄰305號,23.3083554,120.1993381
朝天宮,李府千歲,嘉義縣義竹鄉西過村0鄰350號,23.3083554,120.1993381
保安宮,李府千歲,嘉義縣義竹鄉西過村2鄰491號,23.3083554,120.1993381
保安宮,李府千歲,嘉義縣義竹鄉新富村5鄰414號,23.3162817,120.225308
德興寺,觀音佛祖,嘉義縣義竹鄉東光村9鄰169號,23.3629953,120.2455033
福德爺廟,福德正神,嘉義縣義竹鄉東光村12鄰新庄9號,23.363004,120.243231
龍興廟,五府千歲,嘉義縣義竹鄉龍蛟村2鄰14號,23.3678926,120.2224227
普照寺,釋迦牟尼佛,嘉義縣義竹鄉龍蛟村0鄰184號,23.3678926,120.2224227
義竹修緣禪寺,濟公活佛,嘉義縣義竹鄉 六 桂村17鄰245之0號,23.3336861,120.2476669
慈化寺,安溪董公真人,嘉義縣義竹鄉 六 桂村220之1號,23.338283,120.246046
中興宮,五府千歲,嘉義縣義竹鄉中平村3鄰50號,23.3665672,120.2729063
代天院,五府千歲,嘉義縣義竹鄉五厝村8鄰18之1號,23.3558343,120.2729063
萬善堂,萬善爺,嘉義縣義竹鄉過路子段過路小段11號,23.3362484,120.2433472
松府元帥廟,松府元帥,嘉義縣義竹鄉頭竹村213號,23.3323868,120.225308
忠義元帥廟,四十九公,嘉義縣義竹鄉埤子頭埤前小段174號,23.346324,120.222759
福德宮,福德正神,嘉義縣義竹鄉溪洲村11鄰311號,23.3906769,120.2541575
鎮安宮,五府千歲,嘉義縣義竹鄉後鎮村2鄰17之1號,23.3645467,120.2065525
鳳山宮,廣澤尊王,嘉義縣義竹鄉溪洲村7鄰20之1號,23.3906769,120.2541575
民和三三三原靈草屋宮,觀音大士,嘉義縣義竹鄉新富村牛稠底36之1號,23.319627,120.223589
田都府,田都元帥,嘉義縣義竹鄉岸腳村50號,23.3518826,120.2599266
竹禪寺,妮聖娘娘,嘉義縣義竹鄉 六 桂村207之1號,23.338283,120.246046
嘉應廟,九龍三公,嘉義縣布袋鎮九龍里2鄰入船路312號,23.3783982,120.1576381
岑兜廟武聖殿,太師爺,嘉義縣布袋鎮岑海里5鄰太平路322巷3號,23.378011,120.1609617
永安宮,張聖真君,嘉義縣布袋鎮岑海里太平路312巷2之2號,23.3779619,120.158511
東宮廟,太子爺,嘉義縣布袋鎮興中里後寮路418號,23.3796707,120.1583633
安天宮,天上聖母,嘉義縣布袋鎮光復里東安庄413號,23.374359,120.171106
見龍里金華山堂,觀世音菩薩,嘉義縣布袋鎮見龍里內田1號,23.382199,120.178335
過溝建德宮,諸府千歲,嘉義縣布袋鎮西安里3鄰過溝西勢30號,23.4119714,120.1791357
見龍宮,五府千歲,嘉義縣布袋鎮見龍里14鄰內田2之4號,23.382199,120.178335
安南府,張李莫,嘉義縣布袋鎮新厝里811之1號,23.3873818,120.1748063
清華祠,陳蕊娘,嘉義縣布袋鎮新厝里13鄰新厝仔65附20號,23.3873818,120.1748063
卿雲廟,諸府千歲,嘉義縣布袋鎮龍江里300號,23.392938,120.1675902
靜德禪寺,釋迦牟尼佛,嘉義縣布袋鎮西安里過溝西勢150號,23.4119714,120.1791357
福德宮,福德正神,嘉義縣布袋鎮貴舍里半月64號,23.436382,120.208866
龍山宮,諸府千歲,嘉義縣布袋鎮東港里1鄰東港30號,23.3750467,120.1950093
護安宮,五府千歲,嘉義縣布袋鎮東港里埔仔厝120之1號,23.37206,120.190771
鎮海宮,董元帥爺,嘉義縣布袋鎮東港里埔仔厝4號,23.37206,120.190771
永安宮,諸府千歲,嘉義縣布袋鎮永安里4鄰大寮117號,23.371824,120.18464
振寮宮,諸府千歲,嘉義縣布袋鎮振寮里後壁寮142號,23.388177,120.17999
蕭府大帝殿,蕭府大帝,嘉義縣布袋鎮振寮里11鄰0之1號,23.3909171,120.1834651
保安宮,真武大帝,嘉義縣布袋鎮考試里3鄰考試潭1號,23.3975602,120.1964522
鹿安宮,諸府千歲,嘉義縣布袋鎮考試里6鄰鹿寮仔13號,23.3975602,120.1964522
新塭嘉應廟,九龍三公,嘉義縣布袋鎮復興里17鄰811號,23.3189712,120.161817
朝天宮,天上聖母,嘉義縣布袋鎮新民里15鄰新塭387號,23.329851,120.159149
魍港太聖宮,諸府千歲,嘉義縣布袋鎮好美里0鄰132號,23.352782,120.1416089
海國宮,五府千歲,嘉義縣布袋鎮新岑里6鄰811之1號,23.3553453,120.1675902
洝海宮,天上聖母,嘉義縣布袋鎮好美里219號,23.352782,120.1416089
武聖宮,關聖帝君,嘉義縣布袋鎮岑海里中山路289號,23.379553,120.149918
下港庄鎮北宮,吳府千歲,嘉義縣布袋鎮東港里埔仔厝815號,23.37206,120.190771
過溝保安宮,陳奶夫人陳靖姑,嘉義縣布袋鎮過溝東勢頭187號,23.3627901,120.1704766
新塭九郎公祠,九郎公神龕,嘉義縣布袋鎮復興里215鄰669之1號,23.329181,120.161673
鎮海宮,董元帥爺,嘉義縣布袋鎮東港里埔仔厝4號,23.37206,120.190771
永安宮,諸府千歲,嘉義縣布袋鎮永安里4鄰大寮117號,23.371824,120.18464
新塭大眾爺廟,大眾爺,嘉義縣布袋鎮新民段481、482地號,23.3627901,120.1704766
新塭城隍廟,安海三城隍,嘉義縣布袋鎮新民里新塭342號,23.329851,120.159149
長春祠,邱春娘,嘉義縣布袋鎮新厝里4鄰新厝仔295號附1,23.386825,120.170353
聖林宮,城隍爺,嘉義縣布袋鎮樹林里4鄰樹林頭219之1號,23.4141354,120.2195374
東安宮,李府千歲,嘉義縣布袋鎮東港里0鄰東港118號,23.3750467,120.1950093
大眾爺廟,大眾爺公,嘉義縣布袋鎮考試里1鄰（考試潭段597號）,23.3975602,120.1964522
龍珠宮,九龍三公,嘉義縣布袋鎮過溝段216號（中安里1鄰）,23.3627901,120.1704766
王天宮,王府元帥,嘉義縣布袋鎮溪墘段溪墘小段424地號,23.3627901,120.1704766
過溝安溪城隍廟,安溪三城隍爺,嘉義縣布袋鎮東安里4鄰過溝東勢頭144號,23.409947,120.1950093
東港溪安宮,城隍爺,嘉義縣布袋鎮東港里23鄰埔仔厝227號附1,23.37206,120.190771
普天宮,趙子龍,嘉義縣布袋鎮岑海里11鄰海利街216號,23.3804925,120.1502699
鎮天宮,朱府千歲,嘉義縣布袋鎮岑海里新南路6號,23.377702,120.15471
聖港宮,天上聖母,嘉義縣布袋鎮樹林里港後15號附1,23.4141354,120.2195374
中東宮,木府元帥,嘉義縣布袋鎮東港里景山段325之1地號,23.3750467,120.1950093
歲化宮,陳聖王宮,嘉義縣布袋鎮西安里廈厝613號,23.4119714,120.1791357
聖恩宮,天上三聖母,嘉義縣布袋鎮振寮里4鄰後壁寮181號之6,23.388177,120.17999
布袋福安壇淨慈寺,濟公,嘉義縣布袋鎮考試潭段考試小段109地號,23.3627901,120.1704766
聖山宮,山有神君,嘉義縣布袋鎮東港里9鄰東港102號附9,23.3750467,120.1950093
城隍廟,城隍尊神,嘉義市嘉義市吳鳳北路168號,23.4786448,120.4534409
九華山地藏庵,地藏王菩薩,嘉義市嘉義市民權路255號,23.4827832,120.4519968
天后宮,天上聖母,嘉義市嘉義市林森東路113號,23.4895808,120.4657483
朝天宮,天上聖母,嘉義市嘉義市延平街276號,23.4765535,120.4467068
南屏宮,濟公,嘉義市嘉義市林森東路171號,23.4895808,120.4657483
增光寺,觀世音菩薩,嘉義市嘉義市民族路51號,23.4766977,120.4554817
普濟寺,觀世音菩薩,嘉義市嘉義市中山路144號,23.481505,120.4543082
真武宮,玄天上帝,嘉義市嘉義市林森東路364巷6號,23.4895808,120.4657483
嘉邑震安宮,玄天上帝,嘉義市嘉義市民族路414號,23.4766977,120.4554817
上帝廟,北??? 極玄天上帝,嘉義市嘉義市忠孝路348號,23.486962,120.451518
北安宮,福德正神,嘉義市嘉義市吳鳳北路431號,23.4786448,120.4534409
雙忠廟,張、許二元帥,嘉義市嘉義市忠孝路88號,23.486962,120.451518
三台宮,保生大帝,嘉義市嘉義市忠孝路542號,23.486962,120.451518
懷安宮,五府千歲,嘉義市嘉義市仁武里北榮街22號,23.4818779,120.4521353
靜德佛堂,觀世音菩薩,嘉義市嘉義市民權路67號,23.4827832,120.4519968
慈善堂,明明上帝,嘉義市嘉義市林森東路691巷157弄6號,23.4895808,120.4657483
天龍寺,釋迦牟尼佛,嘉義市嘉義市公園街183號,23.4812084,120.4689926
福慧寺,阿彌陀佛,嘉義市嘉義市保健街65號,23.500425,120.452551
文財殿,文財神,嘉義市嘉義市林森東路470巷67號,23.491115,120.470167
吉聖宮,齊天大聖,嘉義市嘉義市林森東路691巷139弄65號,23.4895808,120.4657483
大福興宮,福德正神,嘉義市嘉義市圳頭里92號之22,23.491115,120.470167
寶生聖堂,玉皇上帝,嘉義市嘉義市吳鳳南路547巷9號,23.471976,120.4542719
萬里千君祠,萬里千君,嘉義市嘉義市吳鳳南路365巷55弄24號,23.471976,120.4542719
遊天宮,天上聖母,嘉義市嘉義市民族路750號,23.4766977,120.4554817
福社宮,福德正神,嘉義市嘉義市忠義街179號,23.4819935,120.4481578
真武宮,玄天上帝,嘉義市嘉義市頭港里玉山路1013號,23.4701329,120.4174224
關廂境廟,福德正神,嘉義市嘉義市中央第2商場3號,23.481315,120.453599
慈濟宮,五府千歲,嘉義市嘉義市國華街216巷1號,23.4791546,120.4484177
伏龍宮,天上聖母,嘉義市嘉義市博愛路二段408巷1號,23.4725731,120.4319626
配南宮,天上聖母,嘉義市嘉義市垂楊路573號,23.4740665,120.4510934
武當山玄天上帝廟,玄天上帝,嘉義市嘉義市新民路555巷8號,23.4682644,120.4401792
北嶽廟,地藏王菩薩,嘉義市嘉義市北興街74號,23.4830843,120.4436898
富安宮,五府千歲,嘉義市嘉義市博愛路二段89號,23.4725731,120.4319626
朱子公廟,朱子公,嘉義市嘉義市北港路898號,23.4793491,120.431591
先天三元瑤池金母宮,瑤池金母,嘉義市嘉義市北港路715巷140之10號,23.4793491,120.431591
