²»¶³¦x,ÄÀ­{¦È¥§¦ò,¶³ªL¿¤¤æ«nÂí¥_»Ê¨½¤å©÷¸ô117¸¹,23.6786791,120.481533
´HªL¦x,¦aÂÃ¤ýµÐÂÄ,¶³ªL¿¤¤æ«nÂí¥_»Ê¨½¤¤¥¿¸ô1¸¹,23.67757,120.480091
Àsªê°ó,Ãö¸t«Ò§gÄÀ­{¦È¥§¦ò,¶³ªL¿¤¤æ«nÂíÂÂªÀ¨½ªøºa22¸¹,23.6685884,120.4780586
¤ÑºÖ®c,Ãö¸t«Ò§g,¶³ªL¿¤¤æ«nÂí°ñ³Â¨½°ñ³Â84¸¹,23.685521,120.449034
¤p¦è¤Ñ¼q,Æ[¥@­µµÐÂÄ,¶³ªL¿¤¤æ«nÂíªF©ú¨½·sÉÜ22¸¹,23.6900054,120.4937229
«O¦w®c,«O¥Í¤j«Ò,¶³ªL¿¤¤æ«nÂíªF©ú¨½¦¨¥\¸ô37¤§1¸¹,23.6795212,120.4985167
¥_¦w®c,¥È¤Ñ¤W«Ò,¶³ªL¿¤¤æ«nÂíªü¤¦¨½ªü¤¦14¸¹,23.647841,120.506006
ÄU¿ô°ó,¤T®¦¥DÆ[¥@­µµÐÂÄ¤Ñ¤W¸t¥À,¶³ªL¿¤¤æ«nÂí¤¤¤Ñ¨½¥Ã¦wµó187¸¹,23.676858,120.477104
ÃÙ¤Ñ®c·P¤Æ°ó,Ãö¸t«Ò§g,¶³ªL¿¤¤æ«nÂí¥ÛÀt¨½¥|ºû¸ô46«Ñ52¸¹,23.641024,120.48318
¤Ñ¦Z®c,¤Ñ¤W¸t¥À,¶³ªL¿¤¤æ«nÂí¥ÛÀt¨½¥ú¤Ñ¸ô50¸¹,23.639481,120.48347
¤åªZ¸t¼q·P­×°ó,¤Õ¤Ò¤lÃö¸t«Ò§g,¶³ªL¿¤¤æ«nÂí©ú©÷¨½¤j¦¨¸ô43¸¹,23.675171,120.47461
¶¶¤Æ°ó,Ãö¸t«Ò§g,¶³ªL¿¤¤æ«nÂí·s¿³µó330¸¹,23.6739794,120.4731153
¶¶¦w®c,¤Ñ¤W¸t¥À,¶³ªL¿¤¤æ«nÂí©ú©÷¨½ªø¦w¸ô¤@¬q126¸¹,23.6753855,120.4734602
·Ó¤Ñ®c,¦À©²¤d·³,¶³ªL¿¤¤æ«nÂí·s«n¨½«n¶Õ35¡Ð1¸¹,23.644108,120.502079
¸t¼w°ó,Ãö¸t«Ò§g,¶³ªL¿¤¤æ«nÂí¤pªF¨½¸t¼w¸ô69¸¹,23.6897684,120.4675216
¤Ó¿³®c,¤T¤s°ê¤ý¤¤¾Â¤¸«Ó,¶³ªL¿¤¤æ«nÂí¥ÐÀY¨½¥Ð¿³¸ô1¸¹,23.702664,120.49008
Å@°ê®c,ÃMªê´L¤ý,¶³ªL¿¤¤æ«nÂí·s±[¨½´äáY38¸¹,23.672841,120.438538
·Å?®c,·Å©²¤d·³,¶³ªL¿¤¤æ«nÂí±N­x¨½±N­x75¸¹,23.670056,120.496134
¤¸«Ó·Ý¼q,¤¤¾Â¤¸«Ó,¶³ªL¿¤¤æ«nÂí¥Û·Ë¨½¥|ºû¸ô98¸¹,23.63985,120.482651
¹t¿³®c,¥È¤Ñ¤W«Ò,¶³ªL¿¤¤æ«nÂí¹t¿³¨½­í¿³¸ô2¸¹,23.644084,120.479539
¼w¤Æ°ó,Ãö¸t«Ò§g,¶³ªL¿¤¤æ«nÂí«n©÷¨½¤¤¤s¸ô76«Ñ15¸¹,23.673658,120.480173
®õ¦w®c,ªZ¼w«J,¶³ªL¿¤¤æ«nÂí¤jªF¨½¤jªF230¸¹,23.683681,120.460402
Æ[­µ¦ò¯ª¼q,Æ[­µ¦ò¯ª,¶³ªL¿¤¤æ«nÂí·s±[¨½·¾¤ß13¸¹,23.674187,120.431258
Ãö¤Ñ®c,§·¦ö«Ò§gÃö¸t«Ò§g¥q©R¯u§g,¶³ªL¿¤¤æ«nÂí¦è§B¨½¦è§B158¤§1¸¹,23.686352,120.442769
¥È¿³®c,¥È¤Ñ¤W«Ò¥]©²¤d·³Ãö¸t«Ò§g,¶³ªL¿¤¤æ«nÂí¥Û·Ë¨½´_¿³¸ô65¸¹,23.6386539,120.4732056
¿³°ê®c,Æ[¥@­µµÐÂÄ,¶³ªL¿¤¤æ«nÂíÂÂªÀ¨½¿³°ê¸ô40¸¹,23.668315,120.480067
·s¿³®c,³¯¸t¤ý,¶³ªL¿¤¤æ«nÂí·s¥ú¨½¥ú¸t¸ô62¸¹,23.684827,120.48828
¶i¿³®c,¥È¤Ñ¤W«Ò¤¤¾Â¤Ó¤l¤¸«Ó,¶³ªL¿¤¤æ«nÂíªü¤¦¨½±[¥J76¸¹¤§2,23.652926,120.493735
¤­¶¡­íºÖ¼w®c,ºÖ¼w¥¿¯«,¶³ªL¿¤¤æ«nÂí©ú©÷¨½©ú©÷¸ô358¸¹,23.6739855,120.4648966
¤p«n¤ÑºÖ¼w¼q,ºÖ¼w¥¿¯«,¶³ªL¿¤¤æ«nÂí¤¤¤Ñ¨½ºÖ¼wµó99¸¹,23.677684,120.4794012
©¾¸q¯¨,©¾¸q¤½,¶³ªL¿¤¤æ«nÂí©ú©÷¨½©µ¥­¸ô702¡ý1¸¹,23.6720447,120.4674459
¶¶¦w°ó,²M¤ô¯ª®v,¶³ªL¿¤¤æ«nÂí©ú©÷¨½186¸¹,23.6720447,120.4674459
¯uªZ·µ,¥È¤Ñ¤W«Ò,¶³ªL¿¤¤æ«nÂí©ú©÷¨½2­«·¾92¸¹,23.6720447,120.4674459
·Óº½®c,¤C®Q¶ý,¶³ªL¿¤¤æ«nÂí©ú©÷¨½¬õ?21¸¹,23.6720447,120.4674459
©^¤Ñ®c,¤Ñ¤W¸t¥À,¶³ªL¿¤¤æ«nÂí°ñ³Â¨½·s­í10¤§1¸¹,23.6796381,120.453263
®©©Ê°ó,«n®üÆ[­µ¦ò¯ª,¶³ªL¿¤¤æ«nÂí¦è§B¨½¦è§B140¸¹,23.686586,120.444029
ªÚªL®c,¤Ñ¤W¸t¥À,¶³ªL¿¤¤æ«nÂíªL¤l¨½23¤§1¸¹,23.6538858,120.4832844
·Å³Ó®c,¥È¤Ñ¤W«Ò,¶³ªL¿¤¤æ«nÂí±N­x¨½·Å­í8¤§1¸¹,23.656983,120.5113491
ºÖ¼z®c,ºÖ¼w¥¿¯«,¶³ªL¿¤¤æ«nÂí·s±[¨½·s±[¦è¸ô31¤§1¸¹,23.677885,120.432241
¤j²³¯¨,¦Ê©m¤½,¶³ªL¿¤¤æ«nÂí¤pªF¬q877¦a¸¹,23.692644,120.466664
Ã÷¦è®c,»²«H¤ý¤½¡]§õ§Bº½¡^,¶³ªL¿¤¤æ«nÂí¥ÐÀY¨½«áÉÜ¸ô3¸¹,23.701031,120.526336
·OÀÙ®c,©ú©ú¤W«Ò,¶³ªL¿¤¤æ«nÂí¦èª[¨½¤j¦P¸ô102«Ñ21¸¹,23.6802873,120.4752912
§®¤@·O°ó,©ú©ú¤W«Ò,¶³ªL¿¤¤æ«nÂí¤pªF¨½¼w·~¸ô29¸¹,23.695016,120.475739
¦ËªL¦x,¤TÄ_¦ò,¶³ªL¿¤¤æ«nÂí¥úµØ¸ô5¸¹,23.685641,120.484928
Ä_Úï²Ð¿³ÀÙ¼wÁ¿°ó,À±°Ç¯ª®v,¶³ªL¿¤¤æ«nÂíªF©ú¨½¦¨¥\¸ô39¤§6¸¹,23.6795212,120.4985167
«Ø¶¶®c,±i§d¤G¦ì¶ý¯ª,¶³ªL¿¤¤æ«nÂí«Ø°ê¤@¸ô276¸¹,23.6825741,120.4732789
¼B¥P©h¼q,¼B¥P©h,¶³ªL¿¤¤æ«nÂí«n©÷¨½28¾F²÷¥úµó51¸¹,23.670091,120.477717
´¶½å¦x,ÄÀ­{¦È¥§¦ò,¶³ªL¿¤¤æ«nÂí¦è§B¨½¦è§B¸ô157¤§28¸¹,23.671755,120.474568
ÀÙ¤Ñ®c,ÀÙ¤½¬¡¦ò,¶³ªL¿¤¤æ«nÂí¥ÐÀY¨½1¤§10¸¹,23.7099122,120.4904831
Å@¦w®c,Æ[¥@­µµÐÂÄ,¶³ªL¿¤¤æ«nÂíªL¤l¨½°ê¦v109¸¹,23.6538858,120.4832844
ºÖ¼w®c,ºÖ¼w¥¿¯«,¶³ªL¿¤¤æ«nÂí·s¥ú¨½13¾F¦¿ºÖ¸ô,23.6897334,120.4847242
½ç¦w®c,ºÖ¼w¥¿¯«,¶³ªL¿¤¤æ«nÂí¥ÛÀt·Ë¬q1207¤§2¦a¸¹,23.679983,120.477649
¼s¤Ñ®c,¤Ñ¤W¸t¥À,¶³ªL¿¤¤æ«nÂí¦è§Á¨½«Ø°ê¤G¸ô119¸¹,23.6818289,120.4694968
°ò«n¤Ñªù¤Ó¤l®c,­þ¦\¤T¤Ó¤l,¶³ªL¿¤¤æ«nÂíÂÂªÀ¨½·s¥Í¸ô3¸¹,23.67281,120.484266
½çºÖ®c,¤T©x¤j«Ò¤T¤s°ê¤ý,¶³ªL¿¤¤j°ñ¶m¥_©M§ø¤¤¤s¸ô88¸¹,23.6459721,120.428995
¼yºÖ¦ò°ó,¦ò¯ª,¶³ªL¿¤¤j°ñ¶m¥_©M§ø¤¤¤s¸ô2«Ñ3¸¹,23.645991,120.430003
¤T¤s°ê¤ý¼q,¤T¤s°ê¤ý,¶³ªL¿¤¤j°ñ¶m¤j¼w§ø·sµó20¸¹,23.6270193,120.4216661
¥_·¥·µ,¥È¤Ñ¤W«Ò,¶³ªL¿¤¤j°ñ¶m¤j¼w§ø¤j¼w¸ô54¸¹,23.630314,120.417334
¤å­^®c,Ãö¸t«Ò§g,¶³ªL¿¤¤j°ñ¶m©|¸q§ø72¸¹,23.6382735,120.4501653
®õ¦w®c,¤Ñ¤W¸t¥À,¶³ªL¿¤¤j°ñ¶m¹Å¿³§ø¹Å¿³¸ô30¸¹,23.6488117,120.4505764
®õ¦w·µ,¦À©²¤ý·Ý,¶³ªL¿¤¤j°ñ¶m¤Tµ²§ø³»°ñ10¸¹,23.667759,120.44902
¥ÈªZ®c,¤¤¾Â¤¸«Ó,¶³ªL¿¤¤j°ñ¶m¤Tµ²§ø¤¤°ñ38¸¹,23.666885,120.444612
®õ¼w°ó,¥È¤Ñ¤W«Ò,¶³ªL¿¤¤j°ñ¶m¤Tµ²§ø°ñÀY313¸¹,23.662337,120.435328
¶}¤s¤j«Ò¼q,¶}¤s¤j«Ò,¶³ªL¿¤¤j°ñ¶m©ÉµM§ø©ÉµM¸ô84¸¹,23.6340149,120.4039677
«O¥Í¤j«Ò¼q,«O¥Í¤j«Ò,¶³ªL¿¤¤j°ñ¶m¥_Âí§ø«áÉÜ50¸¹,23.6399825,120.3925467
¤T©x¤j«Ò¼q,¤T©x¤j«Ò,¶³ªL¿¤¤j°ñ¶m¥_Âí§ø«áÉÜ17¸¹,23.63717,120.391355
¤TÀÙ®c,«O¥Í¤j«Ò,¶³ªL¿¤¤j°ñ¶m¿³¦w§ø¿³¦w50¸¹,23.627154,120.393797
«O¨ª°ó,Ãö¸t«Ò§g,¶³ªL¿¤¤j°ñ¶mÂ×©£§ø41¸¹,23.6702591,120.4199187
¦¨¥\¼q,¶}¥x´L¤ý,¶³ªL¿¤¤j°ñ¶mÂ×¥Ð§ø2¾F12¸¹,23.6603014,120.4660059
¼sºÖ®c,«O¥Í¤j«Ò,¶³ªL¿¤¤j°ñ¶m¦èÂí§ø33¸¹,23.6210212,120.3810199
¤W¼w®c,ºÖ¼w¥¿¯«,¶³ªL¿¤¤j°ñ¶m¹Å¿³§øÂ×¿³,23.644265,120.464959
À±°Ç¦ò°|,À±°Ç¥j¦ò,¶³ªL¿¤¤j°ñ¶m©|¸q§ø1¾F7¤§2¸¹,23.6382735,120.4501653
¯uªZ®c,¥È¤Ñ¤W«Ò,¶³ªL¿¤¤j°ñ¶m¹Å¿³§øÂ×¿³12¸¹,23.644265,120.464959
ÂíºÖ®c,«O¥Í¤j«Ò,¶³ªL¿¤¤j°ñ¶m¥_Âí§øÂí¥­10¸¹,23.633327,120.386075
«Ò§g¼q,Ãö¸t«Ò§g,¶³ªL¿¤¤j°ñ¶m¦N¥Ð§ø6¾F¥Ð¤lªL64¸¹,23.657135,120.413128
«O¦w®c,¤¸«Ó·Ý¤½,¶³ªL¿¤¤j°ñ¶m«n©M§ø©g©h±g,23.6391314,120.4213592
ÀÙµ½°ó,«n®ü¥j¦ò,¶³ªL¿¤¤j°ñ¶m¥_©M§ø©M¥­¸ô16¤§1¸¹,23.6472393,120.4273835
ªQ¤s¼q,ªQ¤s¤¸«Ó,¶³ªL¿¤¤j°ñ¶mÁp¬ü§øÁp¬ü¸ô18¤§2¸¹,23.6509233,120.398675
¥ô¸t®c,¥ô¸t¤½,¶³ªL¿¤¤j°ñ¶mÁp¬ü§ø4¾F,23.6548218,120.3983097
«O©µ®c,«O¥Í¤j«Ò,¶³ªL¿¤¤j°ñ¶mÁp¬ü§øÁp¬ü¸ô,23.6509233,120.398675
¼w¸t°ó,Ãö¸t«Ò§g,¶³ªL¿¤¤j°ñ¶mÂ×¥Ð§ø¤j°ñ¸ô59«Ñ58¸¹,23.6616684,120.4724191
¤j´d¦x,ªüÀ±ªû¦ò,¶³ªL¿¤¤j°ñ¶m«n©M§ø©g©h±g68¤§20¸¹,23.6391314,120.4213592
·Oµ½°ó,¦aÂÃ¤ýµÐÂÄ,¶³ªL¿¤¤j°ñ¶mÂ×©£§ø57¸¹,23.6702591,120.4199187
¥É¦®¹t¶³®c,³¯¹t©h®Q®Q,¶³ªL¿¤¤j°ñ¶m¹Å¿³§ø1¾F¤j°ñ¸ô397¸¹,23.6563547,120.4521516
¸U¤Ñ®c,¥È¤Ñ¤W«Ò,¶³ªL¿¤¤j°ñ¶m«n©M§ø¥ÁÅv¸ô111«Ñ14¸¹,23.6449106,120.4291625
·O¤Ñ¥²¥Í®c,¹D,¶³ªL¿¤¤j°ñ¶m¤Tµ²§ø¤¤°ñ¸ô21¸¹,23.6732486,120.4399108
¤T¥P©h,¤Ñ¤W¸t¥À,¶³ªL¿¤¤j°ñ¶m¥_Âí§ø«áÉÜ1¤§3¸¹,23.6399825,120.3925467
ºÖ¾ð®c,ºÖ¼w¥¿¯«,¶³ªL¿¤¤j°ñ¶m©|¸q§øÄª¦Ë«Ñ26¤§168¸¹,24.1164794,120.6132046
¤j¦w®c,¥È¤Ñ¤W«Ò,¶³ªL¿¤ªê§ÀÂíªF¤Ù¨½74¤§1¸¹,23.701687,120.391441
¤j¤Ñ®c,µL·¥¸t¯ª,¶³ªL¿¤ªê§ÀÂí¦w·Ë¨½7¾F119¤§1¸¹,23.72159,120.440115
¸U¸t°ó,¸t¤½¸t¶ý,¶³ªL¿¤ªê§ÀÂíªF¤Ù¨½¤j¤Ù¸ô35¤§1¸¹,23.702794,120.382403
¿³«n®c,¦À©²¤d·³,¶³ªL¿¤ªê§ÀÂí¿³«n¨½¿³«n¸ô42¤§1¸¹,24.985308,121.506679
ºÖ¼w®c,ºÖ¼w¥¿¯«,¶³ªL¿¤ªê§ÀÂí¥ß¤¯¨½´_¿³¸ô128¸¹,23.707724,120.427936
Âí¿³®c,Ãö¸t«Ò§g,¶³ªL¿¤ªê§ÀÂí¦è¦w¨½5¶¡­í28¤§1¸¹,23.7056958,120.431082
µµ¶³¦x,Æ[­µ¦ò¯ª,¶³ªL¿¤ªê§ÀÂíÔ³ÀY¨½4¾F54¸¹,23.7176189,120.4487252
§®©v¦x,¦è¤Ñ¦ò¯ª,¶³ªL¿¤ªê§ÀÂí¥Á±Ú¸ô60¸¹,23.711937,120.439585
Àsµ½°ó,Æ[¥@­µµÐÂÄ,¶³ªL¿¤ªê§ÀÂí¤½¦w¨½·s¿³¸ô94¸¹,23.710904,120.433796
«ý¶³®c,»¯©²¤¸·³,¶³ªL¿¤ªê§ÀÂíÑM¤º¨½174¸¹,23.7283349,120.4487252
¥_·¥·µ,¥È¤Ñ¤W«Ò,¶³ªL¿¤ªê§ÀÂí¤U·Ë¨½¤jÉÜ77¸¹,23.712611,120.459434
¶¶¤Ñ®c,Ãö¸t«Ò§g,¶³ªL¿¤ªê§ÀÂí¥ß¤¯¨½´_¿³¸ô108¸¹,23.7071579,120.4275192
¼w¿³®c,¦À©²¤d·³,¶³ªL¿¤ªê§ÀÂí¤¤¤s¨½¤¤¥¿¸ô172¸¹,23.708044,120.432796
®Ê¤Ñ®c,§õ©²¤d·³,¶³ªL¿¤ªê§ÀÂí´f¨Ó¨½´f¨Ó152¸¹,23.7281817,120.4886897
¦w®õ¦x,²M¤ô¯ª®v,¶³ªL¿¤ªê§ÀÂí©µ¥­¨½¤¤«n19¸¹,23.686342,120.412825
¤Ñ¦Z®c,¤Ñ¤W¸t¥À,¶³ªL¿¤ªê§ÀÂí´_¿³¨½¥_¥­¸ô18¸¹,22.7629465,121.1381391
±Ï¥@°ó,Ãö¸t«Ò§g,¶³ªL¿¤ªê§ÀÂí·s¿³¨½·s¥Í¸ô21¸¹,23.7095735,120.4411995
ªê§À¦x,Æ[¥@­µµÐÂÄ,¶³ªL¿¤ªê§ÀÂí·s¿³¨½¥Á¥Í¸ô48¸¹,23.708307,120.436649
²M¶³®c,²M¶³§B,¶³ªL¿¤ªê§ÀÂí¿³¤¤¨½¿³¤¤220¸¹,23.7215547,120.4347996
®õ¦w¦x,²M¤ô¯ª®v,¶³ªL¿¤ªê§ÀÂí¿o¤t¨½³»«n116¸¹,23.6834543,120.417758
¥Ã¿³®c,¥È¤Ñ¤W«Ò,¶³ªL¿¤ªê§ÀÂí·G¨Ï¨½·G¨Ï1577¸¹,23.7223861,120.418602
·s¿³®c,§d©²¤T¤ý·Ý,¶³ªL¿¤ªê§ÀÂí·s¿³¨½·s¥Í¸ô141¸¹,23.7075691,120.4366556
Às¥Ð¦x,Æ[­µ¦ò¯ª,¶³ªL¿¤ªê§ÀÂíªF¤¯¨½«áÉÜµó51¸¹,23.6999179,120.5236868
¤TÄ_°ó,¤¤¾Â¤Ó¤l¤¸«Ó,¶³ªL¿¤ªê§ÀÂí¥ß¤¯¨½´_¿³¸ô106¸¹,23.706807,120.426562
Às¦w®c,¤¤¾Â¤Ó¤l¤¸«Ó,¶³ªL¿¤ªê§ÀÂí¥_·Ë¨½¥_·Ë29¸¹,23.7093424,120.3968238
¸U¹Ø°ó,¸U¹Ø¤½,¶³ªL¿¤ªê§ÀÂí«Ø°ê¨½¥ú´_¸ô757¸¹,23.714553,120.427774
·s¿«®c,ª÷©²¤d·³,¶³ªL¿¤ªê§ÀÂí·s¦N¨½¦Ë³ò¥J145¸¹,23.7030377,120.4170377
ºÖ¦w®c,µD¬w¤Ñ¤W¸t¥À,¶³ªL¿¤ªê§ÀÂí¤¤¤s¨½·s¥Í¤­¸ô13¸¹,23.7081492,120.4429644
Àsµ½®c,§B¸t´L¤ý,¶³ªL¿¤ªê§ÀÂíªF¤¯¨½ªF¤¯¸ô138¸¹,23.7127084,120.4403173
«À¥¿®c,«À©²¤d·³,¶³ªL¿¤ªê§ÀÂí¤U·Ë¨½3¶ô­í1¾F7¤§1¸¹,23.709547,120.4674459
ºÖ¼w·Ý®c,ºÖ¼w¥¿¯«,¶³ªL¿¤ªê§ÀÂí©µ¥­¨½¤U«n14¤§6¸¹,23.679469,120.409338
«°¶ª¼q,«°¶ª,¶³ªL¿¤ªê§ÀÂíªF¤Ù¨½31¤§1¸¹,23.701687,120.391441
ÀÙ¤½ÁI¦x,ÀÙ¤½¬¡¦ò,¶³ªL¿¤ªê§ÀÂí¼w¿³¨½¥_¥­¸ô64¸¹,23.712061,120.429125
¸t¥À®c,¤»©Ð¤Ñ¤W¸t¥À,¶³ªL¿¤ªê§ÀÂí³»·Ë¨½³»·Ë¸ô87¤§2¸¹,23.7342791,120.464566
ªê§À·O´f°ó,µL·¥º½¦Àª÷¥À,¶³ªL¿¤ªê§ÀÂí³»·Ë¨½11¾F¹L·Ë75¤§1¸¹,23.728647,120.463483
«Ó¿³®c,¤¤¾Â¤¸«Ó,¶³ªL¿¤ªê§ÀÂí¿³¤¤¨½3¾F205¤§1¸¹,23.7287738,120.4343228
ªZ¸t®c,Ãö¸t«Ò§g,¶³ªL¿¤ªê§ÀÂí¥­©M¨½6¾F«C®H¸ô27¤§1¸¹,23.702179,120.442717
ª÷Ã¹·µ,¤¤¤¸´¶´ç¤½,¶³ªL¿¤ªê§ÀÂíªF¤¯¨½¥Á±Ú¸ô122¸¹,23.711981,120.438054
Á§¥É¸t¶ý¼q,Á§¥É¸t¶ý,¶³ªL¿¤ªê§ÀÂí·s¦N¨½7¾F,23.7030377,120.4170377
¤Ñ¤AºÖ¼w®c,ºÖ¼w¥¿¯«,¶³ªL¿¤ªê§ÀÂí¤T¦X¨½1¾F(¦w¼y¬q187¸¹),23.6910993,120.4040725
¤T¦X¨½ºÖ¼w®c,ºÖ¼w¥¿¯«,¶³ªL¿¤ªê§ÀÂí¤T¦X¨½ÂÂ³¡27¸¹,23.697903,120.405768
¦X¦w®c,ªL©²¤d·³,¶³ªL¿¤ªê§ÀÂí¤T¦X¨½8¾F§d­í3¸¹,23.6987831,120.404379
Àµ¦a¨½¸Uµ½°ó,¸U¤H·Ý¤½,¶³ªL¿¤ªê§ÀÂíÀµ¦a¨½10¾F60¥Ò°Ï,23.6779405,120.4553272
¤j¤Ù¤lºÖ¼w®c,ºÖ¼w¥¿¯«,¶³ªL¿¤ªê§ÀÂí¦è¤Ù¨½10¾F339¤§9¸¹,23.7092614,120.3882242
¸Uµ½°ó,¦Ê©m¤½,¶³ªL¿¤ªê§ÀÂí´f¨Ó¨½´f¨Ó¤½¹Ó¤º,23.7292843,120.4876036
¸UÀ³®c,¸UÀ³¤½,¶³ªL¿¤ªê§ÀÂí·G¨Ï¨½1¾F1649¸¹,23.72488,120.4213592
¤T©m¤½¼q,¤T©m¤½,¶³ªL¿¤ªê§ÀÂíÑM¤º¨½10¾F156¤§3¸¹,23.7283349,120.4487252
©µ¥­¾_¤Ñ®c,¾G¦¨¥\,¶³ªL¿¤ªê§ÀÂí©µ¥­¨½4¾F¤U«n12¸¹,23.67967,120.409233
Ùõ¤l¸Uµ½°ó,¸Uµ½·Ý,¶³ªL¿¤ªê§ÀÂí©µ¥­¨½5¾F¤U«n14¤§22¸¹°¼,23.6828443,120.4112756
¼s¶³®c,±i§õ²ö©²¤d·³,¶³ªL¿¤ªê§ÀÂí©µ¥­¨½¤U«n55¤§1¸¹,23.681645,120.405502
¥_¿³®c,¥_·¥¥È¤Ñ¤W«Ò,¶³ªL¿¤ªê§ÀÂí¿³¤¤¨½15¾F225¸¹,23.7287738,120.4343228
Áú­ð¦x,Æ[¥@­µµÐÂÄ,¶³ªL¿¤ªê§ÀÂí¼w¿³¨½¦Û¥Ñ¸ô48¸¹,23.7112681,120.429851
¤TÄ_®c,©ú©ú¤W«Ò,¶³ªL¿¤ªê§ÀÂí¤T¦X¨½8¾F§d­í76¸¹,23.6910993,120.4040725
´f¸t®c,¤Ñ¤W¸t¥À,¶³ªL¿¤ªê§ÀÂí´f¨Ó¨½4¾F´f¨Ó,23.7281817,120.4886897
ºÖ¿³®c,ºÖ¼w¥¿¯«,¶³ªL¿¤ªê§ÀÂíªL´Ë¸ô¤@¬q103«Ñ21¸¹,23.7115231,120.434948
¥N¤Ñ®c,¤­©²¤d·³,¶³ªL¿¤ªê§ÀÂí¤T¦X¨½§d­íÉÜ90¸¹,23.6910993,120.4040725
¦æ¿³®c,¥È¤Ñ¤W«Ò,¶³ªL¿¤ªê§ÀÂí¥­©M¨½1¾F¥ú´_¸ô1¸¹,23.704196,120.456431
ºÖ¼w®c,ºÖ¼w¥¿¯«,¶³ªL¿¤ªê§ÀÂí´f¨Ó¨½1¾F´f¨Ó,23.7281817,120.4886897
¥]«C¤Ñ¼q,¥]«C¤Ñ,¶³ªL¿¤ªê§ÀÂíªF¤Ù¨½¤j¤Ù,23.7020435,120.387905
«ùªk¶ý¯ª®c,Ãö¤Ò¤lµÐÂÄµD¬w¤Ñ¤W¸t¥À,¶³ªL¿¤ªê§ÀÂí³»·Ë¨½15¾F¦è¶é46¸¹,23.7342791,120.464566
¥É¸t°ó,¤Ñ¤W¸t¥À,¶³ªL¿¤ªê§ÀÂíÀµ¦a¨½1¾F3¸¹¤§11,23.7385262,120.3954282
«Ó¤Ñ®c,¤¤¾Â¤Ó¤l¤¸«Ó,¶³ªL¿¤ªê§ÀÂí¿³¤¤¨½¿³¤¤¸ô132¸¹,23.7212096,120.4353171
¤Ñ¦ò¸t®c,ÀÙ¤½µÐÂÄ,¶³ªL¿¤ªê§ÀÂí¤U·Ë¨½¤jÉÜ35¤§10¸¹,23.712611,120.459434
©ú¤Ñ®c,§d©²¤d·³,¶³ªL¿¤ªê§ÀÂíÑM¤º¨½§À¶é9¸¹,23.737954,120.450953
·O¸t°ó,µL·¥º½¦À¦è¤ýª÷¥À¤j¤Ñ´L,¶³ªL¿¤ªê§ÀÂí¿o¤t¨½³»«n139¸¹,23.6834543,120.417758
¸t«ö®c,§õ©²¤d·³,¶³ªL¿¤ªê§ÀÂí¦w·Ë¨½166¤§23¸¹,23.7275268,120.4400839
¤g®w¶¶¤Ñ®c,¤Ñ¤W¸t¥À,¶³ªL¿¤¤g®wÂí¶¶¤Ñ¨½¤¤¥¿¸ô109¸¹,23.676142,120.39044
»ñ¤s¦x,¼s¿A´L¤ý,¶³ªL¿¤¤g®wÂí®c¥_¨½¤¤¥¿¸ô225¸¹,23.6781919,120.3918903
¨}¼w°ó,Æ[¥@­µµÐÂÄÄÀ­{¦È¥§¦ò,¶³ªL¿¤¤g®wÂí¶V´ä¨½3¾F¤j¦P¸ô105«Ñ2¸¹,23.676204,120.394149
¿³¦w®c,¾G¦¨¥\,¶³ªL¿¤¤g®wÂí¿³·s¨½3¾F·s¿³77¸¹,23.6661774,120.3742781
«O¥Í®c,«O¥Í¤j«Ò,¶³ªL¿¤¤g®wÂí¾Ä°_¨½4¾F¨q¼æ55¸¹,23.65461,120.349619
ºÖ¦w®c,¤T¤s°ê¤ý,¶³ªL¿¤¤g®wÂí°ñ¸}¨½9¾F°ñ¸}115¸¹,23.671526,120.347566
¯]¸t°ó,Ãö¸t«Ò§g,¶³ªL¿¤¤g®wÂí°ñ¸}¨½14¾F§ß´Â21¸¹,23.676548,120.362598
¥P©h®Q¼q,¥P©h®Q,¶³ªL¿¤¤g®wÂí·sÉÜ¨½0¾F¦è·sÉÜ10¸¹,23.737806,120.344811
¼y¦w®c,¶ý©j,¶³ªL¿¤¤g®wÂí·sÉÜ¨½8¾F·sÉÜ248¸¹,23.7413071,120.376675
¥ÈªZ®c,¥È¤Ñ¤W«Ò,¶³ªL¿¤¤g®wÂí¤jÓy¨½¤jÓy91¸¹,23.68513,120.369426
©^¬è®c,¶ý¯ª,¶³ªL¿¤¤g®wÂí·sÉÜ¨½10¾F·sÉÜ311¤§1¸¹,23.740155,120.374109
¤ÖªL®c,½²©²¤¸«Ó,¶³ªL¿¤¤g®wÂí±[¤º¨½±[¤º26¤§1¸¹,23.685934,120.356906
¹L´ä¤»©Ð¤Ñ¤W¸t¥À¼q,¤»©Ð¤Ñ¤W¸t¥À,¶³ªL¿¤¤g®wÂí¶V´ä¨½¦¨¥\¸ô3¸¹,23.674285,120.394692
¶¶¦w®c,¤Ñ¤W¸t¥À,¶³ªL¿¤¤g®wÂíªF¥­¨½°¨¥ú¸ô62¸¹,23.705568,120.35759
Âí´ò©²,¦À©²¤d·³,¶³ªL¿¤¤g®wÂí¾Ä°_¨½ºö´ò96¸¹,23.665418,120.357064
¦³¨D°ó,¤j²³¤½,¶³ªL¿¤¤g®wÂí¤jÓy¨½,23.6878387,120.369492
¹d¤Ñ®c,¦À©²¤d·³,¶³ªL¿¤¤g®wÂí«á®H¨½«á®H78¸¹,23.705255,120.372327
¸t¦w®c,±i§d¶ý¯ª,¶³ªL¿¤¤g®wÂí±[¤º¨½5¾F±[¤º¸ô30¤§6¸¹,23.6877541,120.353331
«°¶ª¼q,«°¶ª´L¯«,¶³ªL¿¤¤g®wÂí¿³·s¨½1¾F·s¿³9¸¹,23.6661774,120.3742781
ºÖ¼w¼q,ºÖ¼w¥¿¯«,¶³ªL¿¤¤g®wÂí¶V´ä¨½¦¨¥\¸ô29¸¹,23.674285,120.394692
°¨¥ú«n¤Ñ®c,Ãö¸t«Ò§g,¶³ªL¿¤¤g®wÂíªF¥­¨½·s¥ú36¸¹,23.7183332,120.3615702
¸q¶³®c,¸q¥Á·Ý,¶³ªL¿¤¤g®wÂí¿³·s¨½·s¿³40¸¹,23.6661774,120.3742781
ÀRªk¦x,«n®ü´¶ªû¤sÆ[¥@­µµÐÂÄ,¶³ªL¿¤¤g®wÂí±[¤º¨½1¾F214¤§7¸¹,23.6915659,120.3521983
©x®H¥N¤Ñ©²,¤­©²¤d·³,¶³ªL¿¤¤g®wÂí±[¤º¨½±[¤º¸ô115¤§4¸¹,23.6877541,120.353331
¸t¦w®c,±i¶ý¯ª,¶³ªL¿¤¤g®wÂí±[¤º¨½30¤§6¸¹,23.6915659,120.3521983
¸t«Ò®c,½L¥j¤½,¶³ªL¿¤¤g®wÂí·sÉÜ¨½·sÉÜ106¸¹,23.7327271,120.3716507
®¶¿³®c,º½¦Àª÷¥À,¶³ªL¿¤¤g®wÂí¾Ä°_¨½¨q¼æ166¸¹,23.655908,120.347688
¿³ÀÙ®c,©ú©ú¤W«Ò,¶³ªL¿¤¤g®wÂí·ËÃä¨½·Ë®H¼d50¸¹,23.6573065,120.3867834
¤Ñ¸t©²,¸t¤¯«O¥Í¤j«Ò,¶³ªL¿¤¤g®wÂí«á®H¨½Âù¤H­í23¸¹,23.697566,120.370792
ÆFÁô¦x,ÀÙ¤½ÁI®v,¶³ªL¿¤¤g®wÂí¥Û¼q¨½·Ë¤ß¸ô102¸¹,23.6894705,120.3867834
¥N¦w®c,¦¶©²¤d·³,¶³ªL¿¤¤g®wÂí¦è¥­¨½¤s¥J¸},23.6882639,120.3550808
²M¶³¸U¸t°ó,²M¶³¸U¸t·Ý,¶³ªL¿¤¤g®wÂí¤jÓy¨½70¤§2¸¹,23.6878387,120.369492
µL·¥¥É®f®c,µL·¥¦Ñ¥À®Q®Q,¶³ªL¿¤¤g®wÂí±[¤º¨½³»¼d56¤§11¸¹,23.6915659,120.3521983
ºÖ¼w®c,ºÖ¼w¥¿¯«,¶³ªL¿¤¤g®wÂí±[¤º¨½55¸¹,23.6915659,120.3521983
«°«n©²,«°¶ª´L¯«,¶³ªL¿¤¤g®wÂí±[¤º¨½³»¼d¸ô0¤§6¸¹,23.6915659,120.3521983
°¨»ï¤sÂí¦w®c,¤­¦~¤d·³,¶³ªL¿¤½Ç©¾¶m°¨»ï§øÂí¦w¸ô31¸¹,23.6996743,120.2782537
ºÖ¦w®c,¤g¦a¤½,¶³ªL¿¤½Ç©¾¶m¤¤³Ó§ø13¾F366¸¹,23.7004663,120.3046289
¸U¦w°ó,¸U¸t·Ý,¶³ªL¿¤½Ç©¾¶m®H«¸§ø¤¤³Ó¸ô44¸¹,23.697223,120.309584
ºÖ¿³®c,»¯©²¤¸«Ó,¶³ªL¿¤½Ç©¾¶m¦³¤~§ø1¾F7¤§5¸¹,23.7361617,120.2945362
¼é¬v®c,¤Ñ¤W¸t¥À,¶³ªL¿¤½Ç©¾¶m¼é­í§ø30¸¹,23.7295258,120.3377852
®õ¦w®c,Ä¬©²¤d·³,¶³ªL¿¤½Ç©¾¶m°¨»ï§ø®õ¦w5¤§1¸¹,23.6922361,120.292541
»E«O®c,¿½¤Ó³Å,¶³ªL¿¤½Ç©¾¶m®H«¸§ø¤¤¥¿¸ô206«Ñ8¸¹,23.6959908,120.3111512
¤j²³·Ý¼q,¤j²³·Ý,¶³ªL¿¤½Ç©¾¶m·s´ò§ø·s´ò2¤§3¸¹,23.711438,120.29083
¦X¦w®c,¤C©²¤d·³,¶³ªL¿¤½Ç©¾¶m¥Ð¬v§ø¤U¥Ð¬v33¸¹,23.71709,120.30955
Às¦w®c,Æ[­µ¦ò¯ª,¶³ªL¿¤½Ç©¾¶mÀs©¥§øÀs©¥¸ô50¸¹,23.719877,120.320973
°Ñ¤Ñ©²,¦À©²¤d·³,¶³ªL¿¤½Ç©¾¶m·s´ò§ø´_¿³¸ô25¤§11¸¹,23.7079888,120.285347
¶¶¤Ñ®c,Ä¬©²¤d·³,¶³ªL¿¤½Ç©¾¶m¤¤¥Á§ø¤j³¡45¤§1¸¹,23.704372,120.318776
µL·¥¤Ñ»ñ®c,¶ý¯ª,¶³ªL¿¤½Ç©¾¶m®H«¸¤j´ò¸ô9¤§1¸¹,23.691108,120.3033921
¥_¦w®c,¦èº»¤j«Ò,¶³ªL¿¤½Ç©¾¶m¦³¤~§ø9¾F¥_¿³26¸¹,23.739482,120.303164
¤ý¿³®c,¤ý©²¤d·³,¶³ªL¿¤½Ç©¾¶m¼é­í§ø9¾F¤ý­í6¤§1¸¹,23.7295258,120.3377852
¼sÀÙ¦x,Æ[­µ¦ò¯ª,¶³ªL¿¤½Ç©¾¶m®H«¸§ø13¾F¤Ó´ò¸ô413¸¹,23.706151,120.3087059
µ½¼w°ó,Æ[¥@­µµÐÂÄ,¶³ªL¿¤ªF¶Õ¶m¦w«n§ø¦w«n¸ô6¾F51¤§1¸¹,23.7049783,120.2492025
½ç¦w®c,¤T¤s°ê¤ý,¶³ªL¿¤ªF¶Õ¶mªF«n§ø4¦w¸ô¸ô25¸¹,23.680462,120.2541575
ª÷ªá°ó,¤ý¥À®Q®Qª÷©²¤d·³Ãö¸t«Ò§g,¶³ªL¿¤ªF¶Õ¶m¹Å¶©§ø¹Å³Ó¸ô7¸¹,23.6656018,120.2483881
«n¤Ñ®c,¤ý®]¤j¤G¡B¤T¨Ï,¶³ªL¿¤ªF¶Õ¶m©÷«n§ø©÷«n¸ô120¸¹,23.695113,120.260844
¶}¦w®c,§õ©²¤d·³,¶³ªL¿¤ªF¶Õ¶m¦P¦w§ø¦P¦w¸ô55¸¹,23.7122594,120.2669534
Âí¥È®c,¥È¤Ñ¤W«Ò,¶³ªL¿¤ªF¶Õ¶m¦w«n§ø¦w«n¸ô2¤§2¸¹,23.7049783,120.2492025
¥Ã¦w®c,¤Ó¤l¤¸«Ó,¶³ªL¿¤ªF¶Õ¶m¥|¬ü§ø17¾F¥Ã¦w¸ô22¤§1¸¹,23.715472,120.241185
Æ[­µ°ó,Æ[­µµÐÂÄ,¶³ªL¿¤ªF¶Õ¶m¦P¦w§ø¦P¦w¸ô85¤§1¸¹,23.7122594,120.2669534
¸t¦w®c,¤Ñ¤W¸t¥À¤T¥O¸t¥À,¶³ªL¿¤ªF¶Õ¶m¹Å¶©§ø¹ÅªÚ«n¸ô86¤§1¸¹,23.670396,120.2552079
¤å¿Å¾Â,Ãö¸t«Ò§g,¶³ªL¿¤ªF¶Õ¶mµ{®ü§øµ{«n¸ô43¤§1¸¹,23.6693118,120.2310784
¸Uµ½°ó,Ãö°ò¼q¥D,¶³ªL¿¤ªF¶Õ¶mªF«n§øªF¶Õ¦è¸ô48¸¹,23.6761447,120.2520459
²î¤¸©²,³¯¤¸«Ó,¶³ªL¿¤ªF¶Õ¶m¹Å¶©§ø¹ÅªÚ«n¸ô24¤§3¸¹,23.6593782,120.2449777
Âí¤Ñ©²,ªL©²¤d·³,¶³ªL¿¤ªF¶Õ¶m·s©[§ø·s¦N¸ô,23.715511,120.251833
¿³¼w°ó,Æ[­µ¦ò¯ª,¶³ªL¿¤ªF¶Õ¶m¦P¦w§ø24¾F¦P¥_¸ô26¸¹,23.7319755,120.2705914
«O¦w®c,¯«¹A¤j«Ò,¶³ªL¿¤ªF¶Õ¶m¦P¦w§ø¦P¦w¸ôªF¦w¬q236¸¹,23.7122594,120.2669534
¦P¦w®c,¤C¬Ù¤j¤¸«Ó,¶³ªL¿¤ªF¶Õ¶m¦P¦w§ø¦P¦w¸ôªF¦w¬q1474¸¹,23.7122594,120.2669534
Às®ü®c,¤Ñ¤W¸t¥À,¶³ªL¿¤ªF¶Õ¶mÀs¼æ§ø«H¸q¸ô1¤§13¸¹,23.6897299,120.2394633
«C­·Às¾Â,¤E¤Ñ¥È¤k,¶³ªL¿¤ªF¶Õ¶mÀs¼æ§ø¤¯·R¸ô41¸¹,23.6880107,120.2421295
±R¼w°ó,ª÷©²¤d·³,¶³ªL¿¤ªF¶Õ¶m¹Å¶©§ø¦u±Kµó37¸¹,23.665945,120.261351
¤ë¿³®c,¤B©²¤K¤d·³,¶³ªL¿¤ªF¶Õ¶m¤ë¬Ü§ø¦u¤¯µó6¤§6¸¹,23.6825217,120.2945362
¤T¦w®c,¤E¤Ñ¥È¤k,¶³ªL¿¤ªF¶Õ¶m´_¿³§ø8¾F¼w¬Fµó0¤§1¸¹,23.682113,120.2714642
¸t¥À®c,¤Ñ¤W¸t¥À,¶³ªL¿¤ªF¶Õ¶m¤ë¬Ü§ø19¾F¶ý®H20¸¹,23.6825217,120.2945362
®Ê¦w©²,§d©²¤T¤ý,¶³ªL¿¤ªF¶Õ¶m¦w«n§ø¦w«n¸ô106¤§9¸¹,23.704137,120.2497811
¼y¿³®c,ºÖ¼w¥¿¯«,¶³ªL¿¤ªF¶Õ¶m¦P¦w§ø¦P¦w¸ô90¤§2¸¹,23.7122594,120.2669534
ª÷Âö¤Ó·¥·µ,µL·¥¤Ó¤W¬Ó¥À,¶³ªL¿¤ªF¶Õ¶m¥ÁÅv¸ô121¸¹,23.6767233,120.2579105
¤­±ø´ä¦w¦è©²,±i¨µ,¶³ªL¿¤¥x¦è¶m¤­´ä§ø¤¤¥¡¸ô76¸¹,23.7171163,120.1997331
¬L¦w©²,§õ¤Ñ¦À©²¤d·³,¶³ªL¿¤¥x¦è¶m·Ë³»§ø¡]¸ô¡^200¤§20¸¹,23.68333,120.1906803
¦w®ü®c,¤Ñ¤W¸t¥À,¶³ªL¿¤¥x¦è¶m¥ÁÅv¸ô6«Ñ2¸¹,23.703633,120.2001685
Âí¦w©²,§õ¦Àµf¦¶·Å¤­©²¤d·³,¶³ªL¿¤¥x¦è¶m°A´ä§ø°A´ä130¸¹,23.756811,120.220344
¦w«n®c,²ö©²¤d·³,¶³ªL¿¤¥x¦è¶m¤û­í§ø20¾F178¸¹,23.6688883,120.2079953
¥¿¯u°ó,Æ[¥@­µµÐÂÄ,¶³ªL¿¤¥x¦è¶m®ü¥_§ø¥ÁÅv¸ô124¸¹,23.703633,120.2001685
ºÖ¦w®c,ºÖ¼w¥¿¯«,¶³ªL¿¤¥x¦è¶m¥ÁÅv¸ô71¸¹,23.703633,120.2001685
¶i¦w©²,¥î©²¤d·³,¶³ªL¿¤¥x¦è¶m±[Â×¸ô65¸¹,23.722092,120.2111132
»E¦w®c,¿½©²¤d·³,¶³ªL¿¤¥x¦è¶m¤­·}§ø3¾F24-2¸¹,23.6866485,120.225308
¸U¦w®c,¸U±Ð«Ò§g,¶³ªL¿¤¥x¦è¶m©MÂ×§ø«H¸q¸ô70¸¹,23.7239359,120.2120897
·O®ü®c,Æ[­µ¦ò¯ª,¶³ªL¿¤¥x¦è¶m®ü¤f§ø399«Ñ35¤§1¸¹,23.7050051,120.1834651
µØ¶§©²,¤B©²¤K¤d·³,¶³ªL¿¤¥x¦è¶m¥úµØ§ø¥úµØ¸ô100¤§1¸¹,23.691289,120.207104
¤¯µ½°ó,¯ª¤Ó,¶³ªL¿¤¥x¦è¶m¤­´ä§ø904¸¹,23.7118275,120.2079953
¤T¤j©m¤½¼q,ºÖ¼w¥¿¯«¤T¤j©m¤½¤ù©i±C,¶³ªL¿¤¥x¦è¶m®ü¤f§ø0¾F¤¤¤s¸ô299«Ñ2¸¹,23.7003264,120.1989441
«O¦w¤½¼q,¦³À³¤½,¶³ªL¿¤¥x¦è¶m°A´ä§ø3©m¼d,23.7535259,120.2137665
¬u©M®c,¿½¤Ó³Å¤d·³,¶³ªL¿¤¥x¦è¶m¤û­í§ø11¸¹,23.6688883,120.2079953
«n²M®c,¤Ñ¤W¸t¥À¤Ò¤H¤C©n©f,¶³ªL¿¤¥x¦è¶m¥ÃÂ×§ø·¾«n2¸¹,23.7295763,120.1877943
©ú¸t®c,»í¬P¤j«Ò,¶³ªL¿¤¥x¦è¶m·Ë³»§ø165¤§3¸¹,23.68333,120.1906803
©ú¼w¦x,Æ[¥@­µµÐÂÄ,¶³ªL¿¤¥x¦è¶m©MÂ×§ø©¾§µ¸ô99¸¹,23.7293978,120.2136666
¦°¦w©²,¤­©²¤d·³,¶³ªL¿¤¥x¦è¶m°A´ä§ø3©m85¤§2¸¹,23.7535259,120.2137665
·O¸t®c,¤T¶ý,¶³ªL¿¤¥x¦è¶m±[Â×§ø¡]¸ô¡^79«Ñ1¸¹,23.7004768,120.1959361
ÀÙ¶§©²,¤B©²¤K¤d·³,¶³ªL¿¤¥x¦è¶m¤s¼d§ø1¤§11¸¹,23.6998561,120.2137665
ÅãÆF®c,¤g¦a¤½,¶³ªL¿¤¥x¦è¶m´IµX§ø18¾F¤T©M28¤§0¸¹,23.7004768,120.1959361
·O¦w°ó,ÄÀ­{¦p¨Ó¦ò,¶³ªL¿¤¥x¦è¶m¤­·}§ø8¾F¤­·}86¸¹,23.6866485,120.225308
¬u¦w©²,§õ©²¤d·³,¶³ªL¿¤¥x¦è¶m¬u¦{§ø72¤§1¸¹,23.6794201,120.2152092
¶iÄ_©²,¤­©²¤d·³,¶³ªL¿¤¥x¦è¶m±[Â×§ø±[Â×291«Ñ1¸¹,23.7004768,120.1959361
¶¶¦w®c,µù¥Í®Q®Q¤­¤Ò¤H¶ý,¶³ªL¿¤¥x¦è¶m¤­´ä§ø¤¤¥¡¸ô7¸¹,23.7169426,120.2008019
¿³¦w®c,ªL§õ²ö©²¤d·³,¶³ªL¿¤¥x¦è¶m©MÂ×§ø¸U¿³¸ô19¸¹,23.7418198,120.1969049
»EºÖ®c,Á§©²¤d·³,¶³ªL¿¤¥x¦è¶m¤­´ä§ø®üÂ×¸ô28¸¹,23.712842,120.196539
Âí®ü®c,¤­©²¤d·³,¶³ªL¿¤¥x¦è¶m®ü¤f§ø4¾F¤¤¤s¸ô299«Ñ34¤§16¸¹,23.7003264,120.1989441
Âí¦w©²,§ö¤ý©²,¶³ªL¿¤¥x¦è¶m®ü¤f§ø12¾F¤¤¤s¸ô299«Ñ65¸¹,23.7003264,120.1989441
¥N¦w®c,¿½©²¤d·³,¶³ªL¿¤¥x¦è¶m¸U¿³¸ô88¸¹,23.7418198,120.1969049
¶¶¦w©²,¤­©²¤d·³,¶³ªL¿¤¥x¦è¶m©MÂ×§ø´_¿³¸ô2¸¹,23.747269,120.255532
«n¶³®c,«n¶³¤d·³,¶³ªL¿¤¥x¦è¶m´¶¥O­í¬q55¸¹,23.712842,120.196539
«J¿³®c,¤­¦~¤d·³,¶³ªL¿¤¥x¦è¶m©|¼w¬q1222¸¹,23.7004768,120.1959361
«n¤Ñ©²,¦À©²¤d·³,¶³ªL¿¤¥x¦è¶m®ü«n§ø¥Á±Ú¸ô20«Ñ49¸¹,23.6988165,120.1985673
¥È¼w·O´f°ó,¦è¤ýª÷¥À®Q®Q¥_·¥¥È¤Ñ¤W«Ò,¶³ªL¿¤¥x¦è¶m·Ë³»§ø1¾F·Ë³»2¤§12¸¹,23.681448,120.18629
¬u©M©²,¤­©²¤d·³,¶³ªL¿¤¥x¦è¶mÂÂ¬u¦{20¤§5¸¹,23.7004768,120.1959361
±[Â×·O´f°ó,¦è¤ýª÷¥À,¶³ªL¿¤¥x¦è¶m©MÂ×§ø®ü²£¸ô115¸¹,23.7241244,120.2087551
¦³À³¤½¼q,¦³À³¤½±C¤g¦a¤½,¶³ªL¿¤¥x¦è¶m¤­¶ô¼d¬q175¸¹,23.7128425,120.1965382
¶¶¦w®c,§õ©²¤d·³,¶³ªL¿¤¥x¦è¶m¤s¼d§ø11¾F¤U¤s¼d81¸¹,23.700399,120.206853
©úºÖ®c,§d©²¤d·³,¶³ªL¿¤¥x¦è¶m©MÂ×§ø´_¿³¸ô108¸¹,23.7476458,120.252524
Âí¦w®c,¤T«~¤Ò¤H,¶³ªL¿¤¥x¦è¶m¥úµØ§ø6¾F49¤§10¸¹,23.6891218,120.2137665
ºÖ¦w®c,ºÖ¼w¥¿¯«,¶³ªL¿¤¥x¦è¶m¥úµØ§ø,23.6891218,120.2137665
»EªF®c,¤­©²¤T¤d·³,¶³ªL¿¤¥x¦è¶m©MÂ×§ø33¾F¸U¿³46¤§26¸¹,23.7418198,120.1969049
¤Ñ¿Å®c,¥É¬Ó¤j¤Ñ´LµL·¥º½¦Àª÷¥À,¶³ªL¿¤±[­I¶mªF©ú§ø¥ÁÅv¸ô8¸¹,23.761983,120.357456
©ú­×°ó,ÄÀ­{¦È¥§¦ò,¶³ªL¿¤±[­I¶m¦èºa§ø10¾F©M¥­¸ô14¸¹,23.7623081,120.351342
±[«e¶¶¤Ñ®c,¤Ñ¤W¸t¥À,¶³ªL¿¤±[­I¶m±[«e§ø±[«e¸ô4¾F70¸¹,23.757065,120.357387
±Ò¦w¼q,¾G·sµn¤½,¶³ªL¿¤±[­I¶mÃ¹­í§ø2¾F121¤§2¸¹,23.7571701,120.365905
ÆQ¶é¶¶¤Ñ®c,Ãö¸t«Ò§g,¶³ªL¿¤±[­I¶mªüÄU§ø6¾FÆQ¶é76¸¹,23.764543,120.337016
¥Ã¦w®c,¥È¤Ñ¤W«Ò,¶³ªL¿¤±[­I¶m¤j¦³§ø165¸¹,23.7551316,120.3060706
®õ¦w®c,·Å©²¤d·³,¶³ªL¿¤±[­I¶mÂ×ºa§ø5¾F93¸¹,23.793342,120.310924
¼w­×°ó,¤å¿Å¸t«Ò,¶³ªL¿¤±[­I¶mÂ×ºa§ø1¾F9¸¹,23.787606,120.313009
¯ó´ò«ý¦Z®c,¤Ñ¤W¸t¥À,¶³ªL¿¤±[­I¶m¯ó´ò§ø3¾F50¤§1¸¹,23.7979041,120.332048
¥P©h°ó,¤T¥P©h,¶³ªL¿¤±[­I¶mªD«n§ø1¾F7¸¹,23.7773524,120.3521983
´ä§À¶¶¤Ñ®c,Ãö¸t«Ò§g,¶³ªL¿¤±[­I¶m´ä§À§ø3¾F30¸¹,23.748511,120.377675
·O´f¦x,«nµLÆ[¥@­µµÐÂÄ,¶³ªL¿¤±[­I¶m´ä§À§ø4¾F48¸¹,23.7550412,120.3810199
·sÉÜ¶}¤s®c,¶}¤s¸t«J,¶³ªL¿¤±[­I¶mªD«n§ø7¾F·sÉÜ64¸¹,23.786901,120.362964
ÂÂÉÜ«ý¦Z®c,¤Ñ¤W¸t¥À,¶³ªL¿¤±[­I¶mÂÂÉÜ§ø0¾F99¸¹,23.785544,120.328579
±[­I©^¤Ñ®c,¤Ñ¤W¸t¥À,¶³ªL¿¤±[­I¶mªF©ú§ø¤¤¤s¸ô280¸¹,23.7607615,120.3534311
¶¶¦w®c,±i§õ²ö©²¤d·³,¶³ªL¿¤±[­I¶m¦èºa§ø©¾§µ¥_µó29¸¹,23.7627083,120.3491798
±[«e·O¤Æ®c,À±°Ç¯ª®v,¶³ªL¿¤±[­I¶m±[«e§ø±[«e¸ô142¤§1¸¹,23.753105,120.350425
¤­¶ô­í¨µ¯E®c,¤T©²¤d·³,¶³ªL¿¤±[­I¶m¤­»í§ø3¾F130¸¹,23.7691691,120.32514
±[­IºÖ¼w®c,ºÖ¼w¥¿¯«,¶³ªL¿¤±[­I¶m¦èºa§ø¤¤¤s¸ôºÖ¼w«Ñ,23.7636951,120.346304
±[­I¦³À³¤½¼q,¦Ê©m¤½,¶³ªL¿¤±[­I¶m¦èºa§ø¥Á¦³¸ô,23.7790296,120.3320195
¤ô¨XÀY±R½å¦x,Æ[­µ¦ò¯ª,¶³ªL¿¤±[­I¶m´ä§À§ø13¾F¹Å«n¸ô23¤§21¸¹,23.7641301,120.378831
¸t¤¸®c,¤Ñ¤W¸t¥À,¶³ªL¿¤±[­I¶m¤j¦³§ø·sÂ×¸ô3¸¹,23.7551316,120.3060706
±i¤Ñ®v©²,¥¿¤@¤Ñ®v,¶³ªL¿¤±[­I¶mªüÄU§ø1¾F¤¤­í23¤§1¸¹,23.752661,120.33204
·O¬Â®c,¤è¥P©h,¶³ªL¿¤±[­I¶m¤j¦³¥Ã¦w¬q760¡B761¦a¸¹,23.760867,120.305984
ªüÄU¶¶¦w®c,¦À±i§õ©²¤d·³,¶³ªL¿¤±[­I¶mªüÄU§øªüÄU17¾F12¸¹,23.758351,120.32085
Ã¹­í¤K¨ö®c,¤K¨ö¯ª®v,¶³ªL¿¤±[­I¶mÃ¹­í§ø72¤§1¸¹,23.7628933,120.369492
¥É¦w®c,±i¸t¯u§g,¶³ªL¿¤³Á¼d¶m¿³µØ§ø16¾F¿³µØ50¸¹,23.747913,120.294742
¦¨¼w°ó,ÄÀ­{¦È¥§¦ò,¶³ªL¿¤³Á¼d¶m³ÁÂ×§ø5¾F¥ú¤j¼d41¸¹,23.745034,120.256531
»EÄ_®c,¿½©²¤Ó³Å,¶³ªL¿¤³Á¼d¶m³ÁÂ×§ø5¾F¥ú¤j¼d36¸¹,23.745034,120.256531
ºÖ¿³®c,§õ©²¤d·³,¶³ªL¿¤³Á¼d¶m¥Ë?§ø0¾F¾]¤¯­í47¤§17¸¹,23.75,120.25
ºÖ¦w®c,§d¡B¤T©²¤d·³,¶³ªL¿¤³Á¼d¶m¤T²±§ø8¾F43¸¹,23.797259,120.265446
Âí¦w®c,¤­¦~¤d·³¦¶©²¤d·³,¶³ªL¿¤³Á¼d¶m¤T²±§ø¤¤¤s¸ô5¾F30¸¹,23.750268,120.261913
¦ËªL¦x,«n®ü¦ò¯ª,¶³ªL¿¤³Á¼d¶m³ÁÂ×§ø·s¿³¸ô1¸¹,23.74584,120.251572
¶¶¤Ñ®c,¶ý¯ª,¶³ªL¿¤³Á¼d¶m¹p­í§ø6¾F62¸¹,23.806373,120.2894283
»EÄ_®c,¤­©²¤d·³,¶³ªL¿¤³Á¼d¶m¬I­í§ø11¾F176¸¹,23.7951381,120.282888
ºÖ¿³®c,§õ©²¤d·³,¶³ªL¿¤³Á¼d¶m«á¦w§ø2¾F49¸¹,23.7832543,120.1877943
³Á¼d«ý½d®c,¶ý¯ª,¶³ªL¿¤³Á¼d¶m³ÁÂ×§ø¤¤¥¿¸ô3¸¹,23.748232,120.2555846
Âí¦è®c,¿½©²¤d·³,¶³ªL¿¤³Á¼d¶m³Á¬z§ø¤¤¥¿¸ô194¸¹,23.74979,120.251687
Âí²±®c,¶ý¯ª,¶³ªL¿¤³Á¼d¶m¾ôÀY§ø2¾F51¸¹,23.791124,120.271692
Âí¥_®c,¤­©²¤d·³,¶³ªL¿¤³Á¼d¶m³Á¬z§ø¤¤¥¿¸ô90¸¹,23.748804,120.2537922
®õ¦w®c,¿½©²¤Ó³Å,¶³ªL¿¤³Á¼d¶m¾ôÀY§ø9¾F¾ôÀY247¸¹,23.79852,120.272586
ºÖ¦w®c,¦À¡B¦¶¡B±d¡B¥î©²¤d·³,¶³ªL¿¤³Á¼d¶m¥Ë?§ø2¾F¥Ë?38¸¹,23.75,120.25
¶}¤¸®c,¦¶¥î©²¤d·³,¶³ªL¿¤³Á¼d¶m±[«á§ø¨F±[«á43¸¹,23.772718,120.265974
ÂíªF®c,¥_·¥¥È¤Ñ¤W«Ò,¶³ªL¿¤³Á¼d¶m³ÁÂ×§ø6¾F¤¤¤s¸ô43¸¹,23.7494908,120.2603816
¤j²³¼q,¤j±N·Ý¤½,¶³ªL¿¤³Á¼d¶m³ÁÂ×§ø9¾F¤¤¤s¸ô¤j²³«Ñ3¸¹,23.7476291,120.257717
¥_¥È®c,¥_·¥¥È¤Ñ¤W«Ò,¶³ªL¿¤³Á¼d¶m±[«á§ø6¾F¨F±[«á141¸¹,23.772859,120.26697
¹DÀÙÁI°|,ÀÙ¤½¬¡¦ò,¶³ªL¿¤³Á¼d¶m¬I­í§ø16¾F¬I­í240¤§3¸¹,23.796957,120.281978
ºÖ¼w¯¨,¤g¦a¤½,¶³ªL¿¤³Á¼d¶m³Á¬z§ø¤¤¿³¸ô5¸¹,23.750458,120.251199
ºÖ¦w®c,¤­©²¤d·³,¶³ªL¿¤³Á¼d¶m¿³µØ§ø¿³¤Æ­í39¸¹,23.7715171,120.292709
Âí«n®c,¥È¤Ñ¤W«Ò,¶³ªL¿¤³Á¼d¶m³ÁÂ×§ø22¾F·s¿³¸ô27¤§6¸¹,23.7469012,120.2512982
¥_º»·µ,¦aÂÃ¤ý,¶³ªL¿¤³Á¼d¶m®üÂ×§ø1¾F©¾©M¸ô24¤§7¸¹,23.767873,120.224055
¦ÑÁÉ¤½¼q,¦ÑÁÉ¤½¦ò,¶³ªL¿¤³Á¼d¶m¤¤¿³¸ô232¸¹,23.755888,120.251521
Å@¦w©²,±dÄ¬¦À©²¤d·³,¶³ªL¿¤³Á¼d¶m¿³µØ§ø¤s¼d8¾F18¸¹,23.749886,120.293643
¾[¤s®c,·P¤Ñ¤j«Ò,¶³ªL¿¤³Á¼d¶m³Á¬z§ø¤¤¤s¸ô200«Ñ80¸¹,23.749513,120.259127
¦N¦w®c,§õ©²¤d·³,¶³ªL¿¤³Á¼d¶m·s¦N§ø7¾F·s¦N69¸¹,23.807883,120.275809
³\­íºÖ¿³®c,§d©²¤d·³,¶³ªL¿¤³Á¼d¶m¤T²±§ø³\­í3¾F52¤§3¸¹,23.8162619,120.2339635
§Q²³¤½¼q,§Q²³¤½,¶³ªL¿¤³Á¼d¶m³ÁÂ×§ø2¾F¿³¤Æ¼d23¤§50¸¹,23.740206,120.264563
¦w«n¯¨,¤Tªk¤j±N­x,¶³ªL¿¤³Á¼d¶m¾ôÀY§ø1¾F3¸¹,23.78608,120.269647
¦w¸t®c,¹p©²¤d·³,¶³ªL¿¤³Á¼d¶m®üÂ×§ø©¾©M¸ô59¸¹,23.767873,120.224055
¸t©^®c,¤Ñ¤W¸t¥À,¶³ªL¿¤³Á¼d¶m¬I­í§ø239¤§16¸¹,23.7941631,120.281058
¥ÃºÖ®c,ÀÙ¤½¬¡¦ò,¶³ªL¿¤³Á¼d¶m¿³µØ§ø18¾F¥Ã¦N¸ô100¸¹,23.7501922,120.2916524
¥È¤Ñ®c,¥È¤Ñ¤W«Ò,¶³ªL¿¤³Á¼d¶m·s¦N§ø5¾F·s¦N56¸¹,23.805962,120.275247
·O¶³®c,Æ[¥@­µµÐÂÄ,¶³ªL¿¤³Á¼d¶m¾ôÀY§ø6¾F¾ôÀY109¸¹,23.79852,120.272586
¸t«Ò®c,Ãö¸t«Ò§g,¶³ªL¿¤³Á¼d¶m¿³µØ§ø¤s¼d15¸¹¤§0,23.7514,120.287278
¦w¦è®c,§õ¥î©²¤d·³,¶³ªL¿¤³Á¼d¶m±[«á§ø261¸¹,23.77566,120.267317
µ½­×®c,Ãö¸t«Ò§g,¶³ªL¿¤¤æ¤»¥«¤æ ¤» ¥«ÂíªF¨½1¾F¥Ã¼Öµó1¸¹,23.7118232,120.5480855
´ò¤s¦x,«nµLÆ[¥@­µµÐÂÄ,¶³ªL¿¤¤æ¤»¥«¤æ ¤» ¥«´ò¤s¨½11¾F©¥¤s¸ô48¸¹,23.707734,120.6077965
ºÖ¼w®c,ºÖ¼w¥¿¯«,¶³ªL¿¤¤æ¤»¥«¤æ ¤» ¥«¤Ó¥­¨½¦¨¥\¸ô2¸¹,23.7082981,120.542078
¯u¤@¦x,Æ[¥@­µµÐÂÄ,¶³ªL¿¤¤æ¤»¥«¤æ ¤» ¥«ÂíªF¨½1¾F¥Ã¼Öµó2¸¹,23.7125116,120.5473112
¤æ¤»ºÖ¿³®c,¶}ºs¸t¤ý,¶³ªL¿¤¤æ¤»¥«¤æ ¤» ¥«Âí¦è¨½¶³ªL¸ô¤G¬q180¸¹,23.7037176,120.5315395
¥ÃºÖ¦x,Æ[¥@­µµÐÂÄ,¶³ªL¿¤¤æ¤»¥«¤æ ¤» ¥«¤¤©M¨½«°³»µó156¸¹,23.7063331,120.539677
·s¿³®c,¤Ñ¤W¸t¥À,¶³ªL¿¤¤æ¤»¥«¤æ ¤» ¥«¥|ºû¨½2¾F¤¤¥¿¸ô60¸¹,23.708763,120.543882
¤ÑÀs®c,»¯¸t©w»·«Ò§g,¶³ªL¿¤¤æ¤»¥«¤æ ¤» ¥«¤[¦w¨½¥Ã¿³¸ô82¸¹,23.687426,120.517763
±R­×°ó,©ú©ú¤W«Ò,¶³ªL¿¤¤æ¤»¥«¤æ ¤» ¥«ªÀ¤f¨½¤¤¤s¸ô149«Ñ20¸¹,23.6980154,120.538078
¤Þµ½¦x,ÄÀ­{¦ò,¶³ªL¿¤¤æ¤»¥«¤æ ¤» ¥«¤K¼w¨½¤Þµ½¸ô170¸¹,23.7105323,120.5667854
«n¤¯¦x,Æ[­µ¦ò¯ª,¶³ªL¿¤¤æ¤»¥«¤æ ¤» ¥«ºh«n¨½«n¤¯¸ô192¸¹,23.712384,120.587673
ªø¦wºÖ¿³®c,¤Ñ¤W¸t¥À·Å©²¤d·³,¶³ªL¿¤¤æ¤»¥«¤æ ¤» ¥«ªø¦w¨½2¾Fªø¦w¸ô3¸¹,23.734533,120.533577
¥É¦w®c,¥_·¥¥È¤Ñ¤W«Ò,¶³ªL¿¤¤æ¤»¥«¤æ ¤» ¥«Às¼æ¨½Às¼æ¸ô51¸¹,23.690844,120.526817
¶i¤Ñ®c,¦À©²¤d·³,¶³ªL¿¤¤æ¤»¥«¤æ ¤» ¥«ªø¥­¨½0¾F¥ÛªL¸ô28¸¹,23.6964562,120.5084951
¤j°®®c,¥È¤Ñ¤W«Ò,¶³ªL¿¤¤æ¤»¥«¤æ ¤» ¥«Âí¥_¨½Âí¥_¸ô234¸¹,23.7170925,120.5427667
ªø©M®c,¤Ñ¤W¸t¥À,¶³ªL¿¤¤æ¤»¥«¤æ ¤» ¥«ºh¤¤¨½ªø©M¸ô15¸¹,23.7245009,120.5769019
«n¸t®c,Ãö¸t«Ò§g,¶³ªL¿¤¤æ¤»¥«¤æ ¤» ¥«ªLÀY¨½«n¸t¸ô301¸¹,23.7009064,120.5582966
«O¦w®c,ª÷©²¤ý·Ý,¶³ªL¿¤¤æ¤»¥«¤æ ¤» ¥«©¾§µ¨½¤ºÀô¸ô625¸¹,23.70929,120.549247
¥É·í¤s,¥È¤Ñ¤W«Ò,¶³ªL¿¤¤æ¤»¥«¤æ ¤» ¥«´ò¤s¨½öæªL¸ô50¸¹,23.712841,120.545235
¥É¿³®c,¥È¤Ñ¤W«Ò,¶³ªL¿¤¤æ¤»¥«¤æ ¤» ¥«3¥ú¨½7¾FªO¾ô¸ô40¸¹,23.712841,120.545235
ºÖ¿³¤s,¥È¤Ñ¤W«Ò,¶³ªL¿¤¤æ¤»¥«¤æ ¤» ¥«´ò¤s¨½9¾F·¬´ò¸ô92¸¹,23.716487,120.606736
ºÖ¤Ñ®c,Æ[­µ¦ò¯ª,¶³ªL¿¤¤æ¤»¥«¤æ ¤» ¥«±öªL¨½¤ºªL¸ô58¸¹,23.702051,120.5977321
¶¶¤Ñ®c,¤T¤s°ê¤ý,¶³ªL¿¤¤æ¤»¥«¤æ ¤» ¥«ªÀ¤f¨½¤¤¤s¸ô171«Ñ6¸¹,23.7051722,120.5401434
¹ÅªF¥_¤Ñ®c,¤Ñ¤W¸t¥À,¶³ªL¿¤¤æ¤»¥«¤æ ¤» ¥«¹ÅªF¨½¹ÅªF¤¤¸ô21¸¹,23.6858751,120.545323
¤j¦~®c,¥È¤Ñ¤W«Ò,¶³ªL¿¤¤æ¤»¥«¤æ ¤» ¥«±[?¨½¤¯¸q¸ô44¸¹,23.712841,120.545235
¤Ñ¿³®c,·Å©²¤ý·Ý,¶³ªL¿¤¤æ¤»¥«¤æ ¤» ¥«ªÀ¤f¨½©²«eµó42¸¹,23.7058533,120.5418391
¬L¦w®c,¥È¤Ñ¤W«Ò,¶³ªL¿¤¤æ¤»¥«¤æ ¤» ¥«¹ÅªF¨½7¾F¼B­í¸ô5¸¹,23.677195,120.555859
Às¸t®c,Ãö¸t«Ò§g,¶³ªL¿¤¤æ¤»¥«¤æ ¤» ¥«¤[¦w¨½14¾F²`¦`¸ô9¸¹,23.712841,120.545235
¤T·µ®c,µµ¦çµÐÂÄ,¶³ªL¿¤¤æ¤»¥«¤æ ¤» ¥«¤[¦w¨½16¾F¥Ã¿³¸ô44¸¹,23.6907127,120.5183685
¥È¤Ó®c,¥È¤Ñ¤W«Ò,¶³ªL¿¤¤æ¤»¥«¤æ ¤» ¥«¤K¼w¨½¿³©M¸ô1¤§1¸¹,23.7182251,120.558159
ªLÀY¥_¤Ñ®c,¥_·¥¥È¤Ñ¤W«Ò,¶³ªL¿¤¤æ¤»¥«¤æ ¤» ¥«ªLÀY¨½ªLÀY¸ô30¸¹,23.6930254,120.5570257
©ú¸t®c,¥È¤Ñ¤W«Ò,¶³ªL¿¤¤æ¤»¥«¤æ ¤» ¥«­«¥ú¨½2¾F­«¥ú¸ô43¸¹,23.6935075,120.5661787
ÆF¼z¦x,ªüÀ±ªû¦ò,¶³ªL¿¤¤æ¤»¥«¤æ ¤» ¥«ªø¥­¨½ªøªL¸ô11¾F45¸¹,23.712841,120.545235
·O´f®c,º½¦Àª÷¥À,¶³ªL¿¤¤æ¤»¥«¤æ ¤» ¥««OÉÜ¨½¦ZÉÜ¸ô9¸¹,23.700125,120.52509
¤Ñ¸t®c,¤Ñ¤W¸t¥À,¶³ªL¿¤¤æ¤»¥«¤æ ¤» ¥«ªø¥­¨½ªø¥­¥_¸ô17¸¹,23.7050172,120.5050693
¦^¬K¦x,©ú©ú¤W«Ò,¶³ªL¿¤¤æ¤»¥«¤æ ¤» ¥«´ò¤s¨½12¾FöæªL¸ô83¸¹,23.712841,120.545235
ºÖÀs®c,¥È¤Ñ¤W«Ò,¶³ªL¿¤¤æ¤»¥«¤æ ¤» ¥«ªê·Ë¨½19¾Fªê·Ë¸ô67¤§1¸¹,23.721195,120.522065
¥É¥È®c,¥È¤Ñ¤W«Ò,¶³ªL¿¤¤æ¤»¥«¤æ ¤» ¥«ªÀ¤f¨½Âí«n¸ô150¸¹,23.700829,120.540655
¥É»ñ®c,¥È¤Ñ¤W«Ò,¶³ªL¿¤¤æ¤»¥«¤æ ¤» ¥«3¥­¨½¬¥¶§¸ô76¸¹,23.712841,120.545235
´ÂÀs®c,¥È¤Ñ¤W«Ò,¶³ªL¿¤¤æ¤»¥«¤æ ¤» ¥«¤[¦w¨½¤[¦w¸ô311¸¹,23.6888868,120.5088978
ÀÙ¦w®c,¤C¥P©h,¶³ªL¿¤¤æ¤»¥«¤æ ¤» ¥«­«¥ú¨½¦ËÀY¸ô11¸¹,23.7187838,120.5330495
«°¶ª¼q,«°¶ª´L¯«,¶³ªL¿¤¤æ¤»¥«¤æ ¤» ¥«¤¤µØ¸ô318¸¹,23.70823,120.549725
¤Ó©þ·µ,¥ý¤Ñ¤K¸ô°]¯«,¶³ªL¿¤¤æ¤»¥«¤æ ¤» ¥«¨|¼w¸ô28¸¹,23.7148029,120.5491142
«O²M®c,²M¤ô¯ª®v,¶³ªL¿¤¤æ¤»¥«¤æ ¤» ¥««OÉÜ¨½7¾F«Ø¿³¸ô87¡Ð1¸¹,23.709631,120.526568
ºh¤¤ºÖ¼w®c,ºÖ¼w¥¿¯«,¶³ªL¿¤¤æ¤»¥«¤æ ¤» ¥«ºh¤¤¨½¥_Àô¸ô9¤§6¸¹,23.724902,120.581275
¤G«°ºÖ¼w¼q,ºÖ¼w¥¿¯«,¶³ªL¿¤¤æ¤»¥«¤æ ¤» ¥«­«¥ú¨½16¾FºaÅA¸ô958«Ñ78¤§1¸¹,23.701346,120.574419
´_¤Ñ®c,¤Ñ¤W¸t¥À,¶³ªL¿¤¤æ¤»¥«¤æ ¤» ¥«´ò¤s¨½4¾F´ò¤s¸ô85¤§1¸¹,23.707905,120.59986
¥È¦w®c,¥È¤Ñ¤W«Ò,¶³ªL¿¤¤æ¤»¥«¤æ ¤» ¥«¦¿­í¨½15¾F¥Ë­í¸ô100¸¹,23.712841,120.545235
·O¤Ñ®c,Æ[¥@­µµÐÂÄ,¶³ªL¿¤¤æ¤»¥«¤æ ¤» ¥«±öªL¨½9¾F·Ë©³¸ô5¤§1¸¹,23.697515,120.610135
¨Ñ¤Ñ®c,¥_·¥¥È¤Ñ¤W«Ò,¶³ªL¿¤¤æ¤»¥«¤æ ¤» ¥«·Ë¬w¨½9¾F¦Ë³ò¸ô72¤§30¸¹,23.74177,120.558015
ª÷º³®c,¥È¤Ñ¤W«Ò,¶³ªL¿¤¤æ¤»¥«¤æ ¤» ¥«¦¿­í¨½3¾F¦¿­í¸ô62¸¹,23.712841,120.545235
¹t¦w¦x,¦aÂÃ¤ýµÐÂÄ,¶³ªL¿¤¤æ¤»¥«¤æ ¤» ¥«ªÀ¤f¨½14¾FÂí«n¸ô161¸¹,23.700796,120.541518
·O¥È®c,¥_·¥¥È¤Ñ¤W«Ò,¶³ªL¿¤¤æ¤»¥«¤æ ¤» ¥«Âí«n¨½©ú¼w¸ô575¸¹,23.699503,120.533401
®¶¤ý®c,¤­©²¤d·³,¶³ªL¿¤¤æ¤»¥«¤æ ¤» ¥«ºh¥_¨½9¾F¥Ð³¡1¤§10¸¹,23.711938,120.5564
¶¶¦w®c,½®ªLºF·\¯ª®v,¶³ªL¿¤¤æ¤»¥«¤æ ¤» ¥«ªê·Ë¨½6¾F¤å¥Í¸ô26¸¹,23.7178619,120.524195
¸t¼w®c,Ãö¸t«Ò§g,¶³ªL¿¤¤æ¤»¥«¤æ ¤» ¥«ºh¤¤¨½16¾F«n¤¯¸ô20¸¹,23.7119176,120.587934
«O¦w®c,¦aÂÃ¤ýµÐÂÄ,¶³ªL¿¤¤æ¤»¥«¤æ¸ô6¥«·Ë¬w¨½¸U¦~¸ô973¸¹,23.7203998,120.5351914
Å@¦w®c,¦Ê©m¤½,¶³ªL¿¤¤æ¤»¥«¤æ ¤» ¥«13¨½5¾F13«n¸ô35¸¹,23.712841,120.545235
´¶¥@®c,Ãö¸t«Ò§g,¶³ªL¿¤¤æ¤»¥«¤æ ¤» ¥«±öªL¨½3¾F±öªL¸ô96¸¹,23.702966,120.599987
¶¶»ö®c,¥È¤Ñ¤W«Ò,¶³ªL¿¤¤æ¤»¥«¤æ ¤» ¥«Âí«n¨½17¾F·s©÷µó40¸¹,23.696322,120.540611
¥Ûºh¯Zª÷¤W®c,¤Ñ¤W¸t¥À,¶³ªL¿¤¤æ¤»¥«¤æ ¤» ¥«ºh¤¤¨½17¾F¥Ûºh¸ô104¤§20¸¹,23.722828,120.583901
¥Ûºh¯ZºÖ¼w®c,ºÖ¼w¥¿¯«,¶³ªL¿¤¤æ¤»¥«¤æ ¤» ¥«ºh¥_¨½4¾F¤¤¿³¸ô146¸¹,23.7258931,120.576113
¥ÈÃö®c,¥È¤Ñ¤W«Ò,¶³ªL¿¤¤æ¤»¥«¤æ ¤» ¥«Âí«n¨½5¾F¤¤¤s¸ô214¸¹,23.704248,120.539059
¤¤©M®c,¥_·¥¥È¤Ñ¤W«Ò,¶³ªL¿¤¤æ¤»¥«¤æ ¤» ¥«ªê·Ë¨½24¾F±[¥J¸ô23¤§4¸¹,23.7180361,120.510004
±öªL¨½ºÖ¼w®c,ºÖ¼w¥¿¯«,¶³ªL¿¤¤æ¤»¥«¤æ ¤» ¥«±öªL¨½15¾F±öªL¸ô439¸¹,23.7032024,120.5960355
ºÖ¼w·Ý®c,ºÖ¼w¥¿¯«,¶³ªL¿¤¤æ¤»¥«¤æ ¤» ¥««OÉÜ¨½7¾F«Ø¿³¸ô116¸¹,23.7096378,120.5275843
¨ü¤Ñ®c,¤Ñ¤W¸t¥À,¶³ªL¿¤¤æ¤»¥«¤æ ¤» ¥«¦¨¥\¨½²ø·q¸ô55¸¹,23.7035447,120.5502501
¤½·~ºÖ¼w®c,ºÖ¼w¥¿¯«,¶³ªL¿¤¤æ¤»¥«¤æ ¤» ¥«Às¼æ¨½6¾FÀs¼æ¥_¸ô36¤§1¸¹,23.691649,120.526285
Às¥Ø¤«ºÖ¼w®c,ºÖ¼w¥¿¯«,¶³ªL¿¤¤æ¤»¥«¤æ ¤» ¥«Âí«n¨½¤¤°í¦è¸ô1¸¹,23.701582,120.533705
©Ó¤Ñ®c,¼B©²¥P¤½,¶³ªL¿¤¤æ¤»¥«¤æ ¤» ¥«±öªL¨½°ñÀY¸ô30¤§1¸¹,23.702251,120.578558
¸U¦~®c,¥È¤Ñ¤W«Ò,¶³ªL¿¤¤æ¤»¥«¤æ ¤» ¥«¸U¦~¸ô416«Ñ49¸¹,23.726636,120.550957
°ö¥ú¦x,Æ[¥@­µµÐÂÄ,¶³ªL¿¤¤æ¤»¥«¤æ ¤» ¥«ªê·Ë¨½¤å¥Í¸ô517«Ñ15¸¹,23.718098,120.524658
¾_¤Ñ©²,¤­©²¤d·³,¶³ªL¿¤¤æ¤»¥«¤æ ¤» ¥«¦¨¥\¨½¦Û±jµó39¸¹,23.7051168,120.5493562
¦¶¤l®c,¥È¤Ñ¤W«Ò¤¤¾Â¤¸«Ó,¶³ªL¿¤¤æ¤»¥«¤æ ¤» ¥«Âí«n¨½«n´­µó162¤§9¸¹,23.699858,120.533699
ÀÙ¤Æ®c,©ú©ú¤W«Ò,¶³ªL¿¤¤æ¤»¥«¤æ ¤» ¥«±[?¨½±[¥_¸ô7¤§12¸¹,23.712841,120.545235
«H¸q®c,Ãö¸t«Ò§g,¶³ªL¿¤¤æ¤»¥«¤æ ¤» ¥«¤K¼w¨½¨|­^¥_µó789¸¹,23.7160028,120.5511014
¦æ¸q®c,Ãö¸t«Ò§g,¶³ªL¿¤¤æ¤»¥«¤æ ¤» ¥««Oªø¨½¶³ªL¸ô¤G¬q6«Ñ73¸¹,,
¥Ûºh¯Z¸Uµ½®c,¸Uµ½·Ý,¶³ªL¿¤¤æ¤»¥«¤æ ¤» ¥«ºh¥_¨½¤¤¿³¸ô190¸¹,23.7306581,120.5709111
µL·¥¶}°ò¶À«Ò¥ÉÄ_·µ,°aÁÕ¶À«Ò,¶³ªL¿¤¤æ¤»¥«¤æ ¤» ¥«¦¿­í¨½¦¿­í¸ô25¸¹,23.712841,120.545235
¼s¥È®c,¥È¤Ñ¤W«Ò,¶³ªL¿¤¤æ¤»¥«¤æ ¤» ¥«´ò¤s¨½íB¥J§|ªL´Ë¸ô34¤§8¸¹,23.712841,120.545235
·O¼w®c,¥È¤Ñ¤W«Ò,¶³ªL¿¤¤æ¤»¥«¤æ ¤» ¥«ªLÀY¨½ºaÅA¸ô30¤§1¸¹,23.704633,120.556134
»ñ¶ý®c,¤Ñ¤W¸t¥À,¶³ªL¿¤¤æ¤»¥«¤æ ¤» ¥«ªø¦w¨½¸U¦~ªF¸ô210¸¹,23.7293697,120.556911
ºÖ¼w¦x,ºÖ¼w¥¿¯«,¶³ªL¿¤¤æ¤»¥«¤æ ¤» ¥«·¾Åò¨½¥ú©ú¸ô100¸¹,23.712841,120.545235
¤T¥È®c,¥È¤Ñ¤W«Ò,¶³ªL¿¤¤æ¤»¥«¤æ ¤» ¥«ªLÀY¨½«n¸t¸ô57¸¹,23.7030536,120.5553425
²M¤Ñ®c,²M¤ô¯ª®v,¶³ªL¿¤¤æ¤»¥«¤æ ¤» ¥««OÉÜ¨½20¾F«áÉÜ19¤§2¸¹,23.699738,120.523192
¤å®í¦x,ÄÀ­{¦È¥§¦ò,¶³ªL¿¤¤æ¤»¥«¤æ ¤» ¥«ºh¥_¨½¥Û¼d¸ô9¤§1¸¹,23.712841,120.545235
µ½Ä±ºëªÙ,Æ[¥@­µµÐÂÄ,¶³ªL¿¤¤æ¤»¥«¤æ ¤» ¥«Âí¥_¨½Âí¥_¸ô385¤§7¸¹,23.7209271,120.5413373
§õ¤Ñ®c,§õ©²¤d·³,¶³ªL¿¤¤æ¤»¥«¤æ ¤» ¥««Oªø¨½,23.712841,120.545235
Às¶³®c,¤¤¾Â¤¸«Ó,¶³ªL¿¤¤æ¤»¥«¤æ ¤» ¥«¦¿­í¨½³¡¤l11¸¹,23.712841,120.545235
¤Ñ¸t®c,¤ÑÃ¹¦Ü´L,¶³ªL¿¤¤æ¤»¥«¤æ ¤» ¥«©ú¼w¨½ªe³ö«n¸ô¤G¬q201¤§50¸¹,23.712841,120.545235
Ä_¦w©²,ºÖ¼w¥¿¯«,¶³ªL¿¤¤æ¤»¥«¤æ ¤» ¥«·Ë¬w¨½,23.712841,120.545235
µýªk¦x,¤d¤âÆ[­µ,¶³ªL¿¤¤æ¤»¥«¤æ ¤» ¥«ºh¤¤¨½1¾Fºh«n¸ô14«Ñ41¸¹,23.7164097,120.5810947
µµ¶³°ó,Æ[­µ¦ò¯ª,¶³ªL¿¤¤æ¤»¥«¤æ ¤» ¥«­«¥ú¨½,23.712841,120.545235
¶³ªL¤Ó¤l®c,¤¤¾Â¤¸«Ó,¶³ªL¿¤¤æ¤»¥«¤æ ¤» ¥«¤j¾Ç¸ô¤G¬q303«Ñ16¤§1¸¹,23.700781,120.548854
Æ[­µÁI¦x,ªüÀ±ªû¦ò,¶³ªL¿¤¤æ¤»¥«¤æ ¤» ¥«ªê·Ë¨½ªê·Ë¸ô4¡Ð7«Ñ2¸¹,23.721699,120.524853
ÀÙ¤½°ó,ÀÙ¤½ÁI®v,¶³ªL¿¤ªL¤º¶mªL¤¤§ø¤¤¤s¤½¶é1¸¹,23.756161,120.612887
ªZ¸t®c,Ãö¸t«Ò§g,¶³ªL¿¤ªL¤º¶mªL¤¤§ø·ç¹A27¤§1¸¹,23.756161,120.612887
¶ê©úÁI¦x,ÄÀ­{¦È¥§¦ò,¶³ªL¿¤ªL¤º¶mªL¤¤§ø¤¤¥¿¸ô329«Ñ8¸¹,23.761363,120.6182299
¶}´_¼q,©µ¥­°p¤ý,¶³ªL¿¤ªL¤º¶mªL«n§ø¦¨¥\¸ô48¸¹,23.7559543,120.6154572
Âí¦w®c,¯«¹A¤j«Ò,¶³ªL¿¤ªL¤º¶m¤EË|§ø¤¤¥¡¸ô160¸¹,23.7465056,120.6010704
¥Ã¦w®c,¥_·¥¥È¤Ñ¤W«Ò,¶³ªL¿¤ªL¤º¶m¯Q³Â§ø3¾F¥Ã¦w69¤§1¸¹,23.75135,120.582331
¤Ñ¸t®c,Ãö¸t«Ò§g,¶³ªL¿¤ªL¤º¶m´ò¥»§ø¸t®c¸ô15¸¹,23.7239626,120.6228659
Âí¦w®c,ÀH¾r¤ý·Ý§õ«i,¶³ªL¿¤ªL¤º¶m¯Q¶î§ø©¾ÉÜ9¤§6¸¹,23.76249,120.600353
¶i¶¯®c,¥È¤Ñ¤W«Ò,¶³ªL¿¤ªL¤º¶m¯Q¶î§ø8¾F¯Q¶î48¤§6¸¹,23.7684501,120.5963981
¶i¿³®c,¿½©²¤ý·Ý,¶³ªL¿¤ªL¤º¶m­«¿³§ø­«¿³¸ô159¸¹,23.767507,120.576206
ºÖ¼w®c,ºÖ¼w¥¿¯«,¶³ªL¿¤ªL¤º¶m¯Q¶î§ø22¤§3¸¹,23.7717947,120.5998528
ªø·½®c,ÀH¾r¤ý·Ý¥È¤Ñ¤W«Ò,¶³ªL¿¤ªL¤º¶m¯Q¶î§øªø·½¸ô3¤§7¸¹,23.75559,120.597096
¤jÃ¹¤Ñ¥P©²,°ê©m·Ý,¶³ªL¿¤ªL¤º¶mªL­Z§ø¤¤¿³¸ô19¤§1¸¹,23.744842,120.614982
°ê©m¼q,°ê©m¤½¡]¾G¦¨¥\¡^,¶³ªL¿¤ªL¤º¶mªL¥_§ø³»ÉÜ¸ô19¸¹,23.770867,120.6286186
¸Uµ½°ó,¸Uµ½¤½,¶³ªL¿¤ªL¤º¶mªL¥_§ø·s¥ú¸ô51¸¹,23.768532,120.631576
¶¶¦w®c,¦aÂÃ¤ýµÐÂÄ,¶³ªL¿¤ªL¤º¶m­«¿³§ø20¾F¶i¿³¸ô17¸¹,23.7734745,120.5851566
¸Uµ½¤½¯¨,¸Uµ½¤½,¶³ªL¿¤ªL¤º¶m¤EË|§ø22¾F¤j¦P¸ô15¤§1¸¹,23.735838,120.596894
¥P¤Ñ®c,¥È¤Ñ¤W«Ò,¶³ªL¿¤ªL¤º¶m­«¿³§ø¶i¿³¸ô46¤§1¸¹,23.773828,120.583742
©¾¸q¤½¼q,©¾¸q¤½,¶³ªL¿¤ªL¤º¶m¤EË|§ø1¾F¤j¦P¸ô6¤§1¸¹,23.746706,120.6077199
­»ÏV®c,¤E¤Ñ¥È¤k,¶³ªL¿¤ªL¤º¶m¯Q¶î§ø1¾FÆQÆg¸ô1¸¹,23.7641245,120.6010823
¥È¼w®c,¥È¤Ñ¤W«Ò,¶³ªL¿¤ªL¤º¶mªL¤¤§øºaÅA¸ô20¸¹,23.756161,120.612887
¥Ã©÷®c,Ãö¸t«Ò§g,¶³ªL¿¤ªL¤º¶m¯Q³Â§ø¥Ã©÷100¸¹,23.756245,120.589457
ºÖ¼w®c,ºÖ¼w¥¿¯«,¶³ªL¿¤ªL¤º¶mªL¤¤§ø¤¤¦è¸ô45¸¹,23.7584935,120.6134675
Às¼w¦x,Æ[­µ¤j¤h,¶³ªL¿¤ªL¤º¶m¯Q³Â§ø¥Ã©÷160¸¹,23.756245,120.589457
©^¤Ñ®c,¶¶¤Ñ¸t¥À³¯¹t©h,¶³ªL¿¤ªL¤º¶mªL«n§ø«Ø°ê«Ñ23¸¹,23.7588052,120.6177772
³Ó²W·O´f°ó,µL·¥º½¦Àª÷¥À®Q®Q,¶³ªL¿¤ªL¤º¶m¤EË|§ø¥Á¥ú¸ô69¸¹,23.742197,120.597402
º~¶§·O¸t®c,º½¦Àª÷¥À,¶³ªL¿¤ªL¤º¶m¤EË|§ø¤j®H11¤§5¸¹,23.7347965,120.597196
«C¤Ñ©²,¦À©²¤ý·Ý,¶³ªL¿¤ªL¤º¶m©W³»§ø©W³»2¸¹¤§6,23.753956,120.638241
¹Å¿³®c,¦À©²¤ý·Ý,¶³ªL¿¤¥j§|¶m´Â¶§§ø¤¤¤s¸ô182«Ñ2¸¹,23.649559,120.56076
®rÀY­í®¶¿³®c,¥È¤Ñ¤W«Ò,¶³ªL¿¤¥j§|¶m¥Ã©÷§ø¥ú©÷¸ô158¸¹,23.6305661,120.5495332
¼sÀÙ®c,¤Ñ¤W¸t¥À,¶³ªL¿¤¥j§|¶mªF©M§ø®c«e¸ô32¸¹,23.681946,120.569917
®r¸}«O¦w®c,«O¥Í¤j«Ò,¶³ªL¿¤¥j§|¶m®r¸}§ø®r¸}35¸¹,23.604674,120.530871
¤T®õ®c,¤T©x¤j«Ò,¶³ªL¿¤¥j§|¶m·sÉÜ§ø·sÉÜ43¸¹,23.690202,120.585558
Ä³¤Ñ®c,¥È¤Ñ¤W«ÒÆ[­µ¦ò¯ª,¶³ªL¿¤¥j§|¶m´Ñ½L§ø·s­í80¸¹,23.6824036,120.617113
¥É¤Ñ®c,¥_·¥¥È¤Ñ¤W«Ò,¶³ªL¿¤¥j§|¶m´Ñ½L§ø´Ñ¤s89¸¹,23.68488,120.604763
«n¤Ñ®c,Ãö¸t«Ò§g,¶³ªL¿¤¥j§|¶m´Ñ½L§ø¿³¶é32¸¹,23.6889761,120.608337
³q¤Ñ®c,¤­©²¤d·³,¶³ªL¿¤¥j§|¶m®r¸}§ø·s¿³¸ô42¸¹,23.5842057,120.5588701
«O¦w®c,«O¥Í¤j«Ò,¶³ªL¿¤¥j§|¶m°ªªL§ø°ªªL63¸¹,23.6710026,120.5710804
«Ø¼w¦x,¦a¥À¦Ü´L,¶³ªL¿¤¥j§|¶m²ü­c§ø¤p§|5¸¹,23.6539663,120.5913987
·O¥ú¦x,ÄÀ­{¦È¥§¦ò,¶³ªL¿¤¥j§|¶m¥Ã¥ú§ø¤j´ò¤f1¤§1¸¹,23.612553,120.5741959
¥É¬Û®c,¥È¤Ñ¤W«Ò,¶³ªL¿¤¥j§|¶m¥Ð¤ß§ø¥Ð¤ß90¸¹,23.670788,120.541988
¤Ñ©Ê®c,¥È¤Ñ¤W«Ò,¶³ªL¿¤¥j§|¶m²ü­c§ø²ü­c­í33¸¹,23.666961,120.580717
«n©÷®c,«O¥Í¤j«Ò,¶³ªL¿¤¥j§|¶m®r¸}§ø«n©÷45¸¹,23.618838,120.538612
µØ¤s²»¶³¦x,ÄÀ­{¦È¥§¦ò,¶³ªL¿¤¥j§|¶mµØ¤s§øµØ¤s¸ô6¸¹,23.592052,120.5538275
¥È¤Ñ®c,¥È¤Ñ¤W«Ò,¶³ªL¿¤¥j§|¶m²ü­c§ø¦y¤s§|818¸¹,23.6474419,120.6056064
¥_·¥·µ,¥È¤Ñ¤W«Ò,¶³ªL¿¤¥j§|¶m´Â¶§§ø¤j®H45¡Ð2¸¹,23.640386,120.594661
¥ÉÀs®c,¤Ó¤l¤¤¾Â¤¸«Ó,¶³ªL¿¤¥j§|¶m¤ô¸P§ø168¸¹,23.6536922,120.5768354
Âí¦w®c,¥È¤Ñ¤W«Ò,¶³ªL¿¤¥j§|¶mµØ«n§ø7¾FµØ¿³25¸¹,23.5956,120.565393
«n¤Ñ®c,¤¤¾Â¤¸«Ó,¶³ªL¿¤¥j§|¶mµØ«n§ø1¾FµØ«n10¤§1¸¹,23.591502,120.5797128
ºÖµØ®c,±d©²¤d·³,¶³ªL¿¤¥j§|¶mµØ¤s§øµØ¤s34¤§1¸¹,23.597888,120.613417
«n¥_®c,Æ[¥@­µµÐÂÄ,¶³ªL¿¤¥j§|¶mÙõ¥J§ø±[¥J,23.644074,120.54134
«O¥Í®c,«O¥Í¤j«Ò,¶³ªL¿¤¥j§|¶m¥Ã©÷§ø¥ú©÷¸ô246«Ñ1¸¹,23.629542,120.550172
¨ü¤s®c,¥È¤Ñ¤W«Ò,¶³ªL¿¤¥j§|¶m¥Ã¥ú§ø¥ú¤s¸ô17¤§1¸¹,23.6121114,120.5710804
¸Uµ½°ó,¦aÂÃ¤ýµÐÂÄ,¶³ªL¿¤¥j§|¶m´Ñ½L§ø·s­í20¡Ð3¸¹,23.6824036,120.617113
¤j´dºëªÙ,ÄÀ­{¦È¥§¦ò,¶³ªL¿¤¥j§|¶mµØ«n§ø8¾F47¤§2¸¹,23.60241,120.573713
ºÖ¼w®c,ºÖ¼w¥¿¯«,¶³ªL¿¤¥j§|¶m¯óÀ­§ø1¾F122¸¹,23.5920164,120.7005044
«ù©ú¦x,¤j±ë¤Ñ¤ý,¶³ªL¿¤¥j§|¶m¯óÀ­§ø¯óÀ­¸ô21¸¹¤§9,23.584607,120.692878
ÂíªF®c,°ê©m·Ý,¶³ªL¿¤¥j§|¶m®ÛªL§ø5¾F®ÛªL42¸¹,23.613065,120.606642
¤Ñ¯E®c,¦a¥À¦Ü´L,¶³ªL¿¤¥j§|¶mªF©M§ø¤å¤Æ¸ô2¤§8¸¹,23.678667,120.5741614
¤Ñ¹D°ó,¤¤¾Â¤¸«Ó,¶³ªL¿¤¥j§|¶m¥Ã©÷§ø4¾F¥ú¿³¸ô85¸¹,23.627537,120.5492272
·OÀs®c,¤Ñ¤W¤ý¥À®Q®Q,¶³ªL¿¤¥j§|¶m²ü­c§ø¦y¤s§|¸ô86¸¹,23.6569916,120.5912453
¶}¤s¹D°|,µL·¥¦Ñ¤¤,¶³ªL¿¤¥j§|¶mªF©M§ø23¾F¦y¤s§Ü41¸¹¤§1,23.6713536,120.5940988
¤@¦®¤s¤d¦ò¦x,¤d¤â¤d²´Æ[¥@­µµÐÂÄ,¶³ªL¿¤¥j§|¶m´Ñ½L§ø¿³¶é34¤§6¸¹,23.689782,120.609315
°ê¸t®c,¶}¥x°ê¸t¾G¦¨¥\,¶³ªL¿¤¥j§|¶m²ü­c§ø12¾F¦y¤s§|27¸¹,23.6474419,120.6056064
¥ÈªZ®c,¥È¤Ñ¤W«Ò,¶³ªL¿¤¥j§|¶m³Â¶é§ø¤¤¬w36¤§16¸¹,23.6253883,120.5221524
¦¶¤l®c,¯uªZ¤j«Ò,¶³ªL¿¤¥j§|¶m¥j§|§ø´Â¶§¸ô1¤§260¸¹,23.645326,120.5663708
¤E½¬µØ¤s¸t¹D°|,Ãö¸t«Ò§g,¶³ªL¿¤¥j§|¶mµØ¤s§øµØ¤s15¾F116¸¹,23.5885641,120.6056064
²ü­c¸t°ó,¯Â¶§«Ò§g,¶³ªL¿¤¥j§|¶m²ü­c§ø16¾F¤p§|23¸¹,23.8279862,120.7083247
®ÛªLÃÊßïÀ­©ú¼w®c,¤g¦a¤½,¶³ªL¿¤¥j§|¶m­W­d¸}¬q1¤§167¸¹,23.60669,120.60671
­W­d¸}ºÖ¼w®c,ºÖ¼w¥¿¯«,¶³ªL¿¤¥j§|¶m®ÛªL§ø7¾F®ÛªL67¤§0¸¹,23.613065,120.606642
¦N²»®c,«nµLÆ[¥@­µµÐÂÄ,¶³ªL¿¤¥j§|¶m®ÛªL§ø9¾F®ÛªL71¤§8¸¹,23.613065,120.606642
¶}¤Ñ®c,Ãö¸t«Ò§g,¶³ªL¿¤¥j§|¶m´Â¶§§ø¤j®H ¸ô66¸¹,23.6394391,120.594735
¤ô¸PÀÙ¤½°ó,ÀÙ¤½¬¡¦ò¨Ð®v,¶³ªL¿¤¥j§|¶m¤ô¸P§ø35¸¹,23.6536922,120.5768354
´¶©ú¦x,Æ[¥@­µµÐÂÄ,¶³ªL¿¤¥j§|¶m²ü­c§ø²ü­c¸ô76¤§6¸¹,23.6474419,120.6056064
ºÖ¼w¼q,ºÖ¼w¥¿¯«¤½¤½,¶³ªL¿¤¥j§|¶m¥Ã¥ú§ø®rÀY­í¬q,23.6121114,120.5710804
²M°Ñ®c,¤Ñ¤W¸t¥À,¶³ªL¿¤¥j§|¶mªF©M§ø¤å¤Æ¸ô201¸¹,23.6837939,120.5688488
À±ªû¦x,¦è¤è¤T¸t,¶³ªL¿¤¥j§|¶m²ü­c§ø²ü­c­í76¤§1¸¹,23.666961,120.580717
ªF©M§øºÖ¼w®c,¤g¦a¤½,¶³ªL¿¤¥j§|¶mªF©M§øªF¶§¬q1764¸¹,23.6713536,120.5940988
ºÖ¯«®c,ºÖ¼w¥¿¯«,¶³ªL¿¤¥j§|¶m¯óÀ­§ø¥ÛÂz,23.606907,120.709377
¨ü¤Ñ®c,¥_·¥¥È¤Ñ¤W«Ò,¶³ªL¿¤¥j§|¶m¯óÀ­§ø¥ÛÂz81¤§5¸¹,23.609776,120.709942
¼w¤Ñ®c,¶}¥x¸t¤ý,¶³ªL¿¤Ûl®ä¶m³Â¶é§øºa³e¸ô165¸¹,23.774537,120.531452
ºÖ¤Ñ®c,¤Ñ¤W¸t¥À,¶³ªL¿¤Ûl®ä¶m¿³®ä§ø®¶¿³¸ô55¸¹,23.769652,120.504798
°®¤¸®c,¥È¤Ñ¤W«Ò,¶³ªL¿¤Ûl®ä¶m¿³¶Q§ø¿³«n¸ô48¸¹,23.762489,120.518139
¼s¿³®c,¦À©²¤d·³,¶³ªL¿¤Ûl®ä¶mÄÇ¥­§øÄÇ¥­¸ô130¸¹,23.778253,120.519089
©M¿³®c,¤Ñ¤W¸t¥À,¶³ªL¿¤Ûl®ä¶m¿³¶Q§ø¿³¤¤¸ô35¸¹,23.709409,120.540603
¤Ñ¦Z®c,¤Ñ¤W¸t¥À,¶³ªL¿¤Ûl®ä¶m®H§À§øªo¨®72¸¹,23.7434201,120.524834
ªk¶³±g·P¼w°ó,Ãö¸t«Ò§g,¶³ªL¿¤Ûl®ä¶m¿³¶Q§ø¿³¥_¸ô116¸¹,23.7754521,120.522741
§»©M¦x,Æ[¥@­µµÐÂÄ,¶³ªL¿¤Ûl®ä¶mÛl®ä§ø¤¤¤s¸ô4¸¹,23.7538971,120.49784
¥É¾ð®c,ªk¥D¤½,¶³ªL¿¤Ûl®ä¶m¿³¶Q§ø¿³¥_39¸¹,23.772931,120.520135
ºÖ¦N®c,¥È¤Ñ¤W«Ò,¶³ªL¿¤Ûl®ä¶m¥|¦X§ø¥Ã°ò15¸¹,23.776118,120.525696
¸t¼w®c,©ú©ú¤W«Ò,¶³ªL¿¤Ûl®ä¶m¥Ì­í§ø22¸¹,23.7581194,120.4904831
®¶¿³®c,¥È¤Ñ¤W«Ò,¶³ªL¿¤Ûl®ä¶m¸q©M§ø¤T©M19¸¹,23.774131,120.480717
¤åªZ¸t¼q·P¼w°ó,Ãö¸t«Ò§g,¶³ªL¿¤Ûl®ä¶mÄÇ¥­§øÄÇ¥­¦è¸ô30¸¹,23.7795297,120.5133012
¤Ñº½®c,¤Ñ¤W¸t¥À,¶³ªL¿¤Ûl®ä¶mÛl®ä§ø¤¤¤s¸ô130¸¹,23.7579651,120.500115
¤¯©M®c,ÁÂ©²¤¸«Ó,¶³ªL¿¤Ûl®ä¶m ¤» ¦X§ø·sÉÜ44¸¹,23.7769338,120.5394232
®¦¼w®c,Ãö¸t«Ò§g,¶³ªL¿¤Ûl®ä¶m¿³¶Q§ø¿³¤¤34¸¹,23.770134,120.517986
¿üºÖ®c,¤Ñ¤W¸t¥À,¶³ªL¿¤Ûl®ä¶m®H¤l§ø63¸¹,23.7597232,120.5077582
¤ÑªÇ¦x,Æ[­µ¦ò¯ª¤Ñ¤W¸t¥À,¶³ªL¿¤Ûl®ä¶m¥Ì­í§ø¥Ì­í215¸¹,23.759801,120.488975
¤­¿³®c,Ãö¸t«Ò§g,¶³ªL¿¤Ûl®ä¶m¤­µØ§ø´ò¤º¸ô81¤§1¸¹,23.779683,120.561998
»ñ»ö®c,¤¤¾Â¤¸«Ó,¶³ªL¿¤Ûl®ä¶m«n¦w¸ô36¸¹,23.7552889,120.4949431
ªF¿³®c,¼Ì¥P®v,¶³ªL¿¤Ûl®ä¶m ¤» ¦X§øªF¿³·s²ø¬q165¸¹,23.7769338,120.5394232
¤T¸t®c,Ãö¸t«Ò§g,¶³ªL¿¤Ûl®ä¶m¿³¶Q§ø¿³¥_¸ô63¤§10¸¹,23.7754521,120.522741
ÂíµØ®c,¤­©²¤d·³,¶³ªL¿¤Ûl®ä¶m¤­µØ§ø´ò¤º57¤§1¸¹,23.779683,120.561998
ºÖ¼w®c,ºÖ¼w¥¿¯«,¶³ªL¿¤Ûl®ä¶m¸q©M§ø©±³¾ÉÜ25¸¹,23.7795441,120.4904831
­¯©m¯¨,­¯©m¤½­¯©m±C,¶³ªL¿¤Ûl®ä¶m¥|¦X§ø¦Z®H96¤§1¸¹,23.777328,120.5289
¶³¤s¦x,¦è¤è¤T¸t,¶³ªL¿¤Ûl®ä¶m¤­µØ§ø´ò¤º5¸¹,23.779683,120.561998
·O¸t®c¤Ñ¼w°ó,µL·¥¤­¥À,¶³ªL¿¤Ûl®ä¶m³Â¶é§ø°ñ¼d15¸¹,23.760072,120.5307881
µL·¥¸É¤Ñ®c,¤k´E®Q®Q,¶³ªL¿¤Ûl®ä¶m¤j¬ü§ø·Ë¬ü¸ô55¸¹,23.737958,120.508404
¨½¤s®c,±i¤Ñ®v,¶³ªL¿¤Ûl®ä¶mÛl®ä§ø¹A®Õ¸ô3¤§15¸¹,23.7491949,120.5060715
¸t¥À®c,¤Ñ¤W¸t¥À,¶³ªL¿¤Ûl®ä¶m¥|¦X§ø¦Z®H3¾F1¤§7¸¹,23.777328,120.5289
¨ü¤Ñ®c,¥È¤Ñ¤W«Ò,¶³ªL¿¤¦èÁ³Âí¤j¶é¨½2¾F¤j¶éµó13¸¹,23.7981201,120.4673064
¥Ã¿³®c,ºÖ¼w¥¿¯«,¶³ªL¿¤¦èÁ³Âí¥Ã¦w¨½¤j¾ô¸ô8¸¹,23.8040893,120.4620237
®¶¤å®Ñ°|,¤­¤å©÷«Ò§g,¶³ªL¿¤¦èÁ³Âí¼sºÖ¨½¿³¹A¦è¸ô6¸¹,23.7944934,120.4644841
Åt¼w°ó,¤­®¦¥D,¶³ªL¿¤¦èÁ³Âí¼sºÖ¨½¿³¹A¦è¸ô6¸¹,23.7944934,120.4644841
¦èÁ³¼sºÖ®c,¤Ñ¤W¸t¥À,¶³ªL¿¤¦èÁ³Âí¼sºÖ¨½11¾F·sµó¸ô32¸¹,23.7973886,120.4645148
¼s¥È®c,¥È¤Ñ¤W«Ò,¶³ªL¿¤¦èÁ³Âí¤j·s¨½15¾F¤j·s163¤§1¸¹,23.791642,120.494165
´Â¿³®c,¤Ñ¤W¸t¥À,¶³ªL¿¤¦èÁ³Âí§d­í¨½6¾F60¸¹,23.7456941,120.423581
ºÖ¤ß®c,¤Ñ¤W¸t¥À,¶³ªL¿¤¦èÁ³Âí¦w©w¨½11¾F¦w©w182¸¹,23.8008541,120.436521
ºÖ¤Ñ®c,¤Ñ¤W¸t¥À,¶³ªL¿¤¦èÁ³ÂíºÖ¥Ð¨½7¾FªÀ¤f88¸¹,23.7882641,120.439413
¦÷ÂÅ·Ý¼q,¦÷ÂÅ·Ý,¶³ªL¿¤¦èÁ³Âí¥úµØ¨½»·ªFµó2«Ñ12¸¹,23.800535,120.457655
±Ò¿³®c,¦À¤ý·Ý,¶³ªL¿¤¦èÁ³ÂíºÖ¿³¨½«Ø¿³¸ô336¸¹,23.800752,120.459311
¦èÁ³ºÖ¿³®c,¤Ñ¤W¸t¥À,¶³ªL¿¤¦èÁ³ÂíºÖ¿³¨½19¾F©µ¥­¸ô108¸¹,23.801776,120.46217
Âí«n®c,¥È¤Ñ¤W«Ò,¶³ªL¿¤¦èÁ³Âí¤¤©M¨½­×¤å¸ô28«Ñ27¸¹,23.8025585,120.462621
¥¿¿³®c,¤¤¾Â¤¸«Ó,¶³ªL¿¤¦èÁ³Âí¥¿¿³¨½¤½¥¿¸ô157¸¹,23.7988726,120.4619072
¼s¿³®c,¤T¤s°ê¤ý,¶³ªL¿¤¦èÁ³Âí¥¿¿³¨½·½¦¨ªF¸ô15¸¹,23.7993921,120.4619171
²³µ½¦x,¤j²³·Ý,¶³ªL¿¤¦èÁ³Âí¥¿¿³¨½¿³¹A¦è¸ô109¸¹,23.7938861,120.463141
ÆF¤s¦x,ÀÙ¤½¸t¦ò,¶³ªL¿¤¦èÁ³Âí¼sºÖ¨½¥Á¥Í¸ô11¸¹,23.7971711,120.465575
©ú¸t°ó,ÄÀ­{¦È¥§¦ò,¶³ªL¿¤¦èÁ³Âí¤½À]¨½12¾F3·½¸ô49¸¹,23.7495455,120.4559258
©ú·Ó°ó,Æ[­µ¦ò¯ª,¶³ªL¿¤¦èÁ³Âí§d­í¨½1¾F15¸¹,23.7450689,120.427121
ŽL¤l¦x,Æ[­µ¦ò¯ª,¶³ªL¿¤¦èÁ³Âí¤UÙõ¨½3¾F¦w«n39¸¹,23.76214,120.433362
©úµ½°ó,ÄÀ­{¦È¥§¦ò,¶³ªL¿¤¦èÁ³Âí¤¤¿³¨½5¾F©µ¥­¸ô564¸¹,23.800375,120.449669
µØÂÃ±g,ÄÀ­{¦È¥§¦ò,¶³ªL¿¤¦èÁ³Âí¥¿¿³¨½¿³¹A¦è¸ô108¸¹,23.79411,120.462135
¤Ó¤¸¦x,Æ[­µ¦ò¯ª,¶³ªL¿¤¦èÁ³Âí¤¤©M¨½¤¯©Mµó37¸¹,23.8010843,120.4629998
¦èÁ³ºÖµ½¦x,¦aÂÃ¤ýµÐÂÄ,¶³ªL¿¤¦èÁ³Âí¤¤©M¨½¤j¾ô¸ô5¸¹,23.8040893,120.4620237
«H¸q¦ò°ó,©ú©ú¤W«Ò,¶³ªL¿¤¦èÁ³Âí¤j¶é¨½¥ú´_ªF¸ô51«Ñ1¸¹,23.797908,120.466636
¤}§µ®c,¥ñÅ]¤j«Ò,¶³ªL¿¤¦èÁ³Âí¤E¶©¨½4¾F¤E¶©51¸¹,23.7496931,120.437152
ª÷¤s®c,º½¦Àª÷¥À,¶³ªL¿¤¦èÁ³Âí¥¿¿³¨½¤½¥¿¸ô97«Ñ3¤§1¸¹,23.7973421,120.46229
¾_¦w®c,¥ñÅ]¤j«Ò,¶³ªL¿¤¦èÁ³Âí¤E¶©¨½2¾F28¤§1¸¹,23.742574,120.4386437
ªø¤s®c,¤T¤s°ê¤ý,¶³ªL¿¤¦èÁ³Âí¤C®y¨½¤C®y60¸¹,23.757017,120.443544
·O´f°ó,µL·¥º½¦Àª÷¥À,¶³ªL¿¤¦èÁ³Âíº~¥ú¨½¥ú´_¦è¸ô378¸¹,23.796426,120.4539783
«ý¿³®c,¤Ñ¤W¸t¥À,¶³ªL¿¤¦èÁ³Âí¶@¦w¨½4¾F¶@¦w26¤§3¸¹,23.8068487,120.4480051
¸tÀÙ¦x,Æ[­µ¦ò¯ª,¶³ªL¿¤¦èÁ³Âí¤½À]¨½3·½92¸¹,23.7495455,120.4559258
¤Ñ¸t®c,±i¤Ñ®v,¶³ªL¿¤¦èÁ³Âí°ñÀY¨½5¾F°ñÀY1¤§1¸¹,23.780602,120.471777
°ñÀYÔÅ¸UÆF®c,¦aÂÃ¤ý,¶³ªL¿¤¦èÁ³Âí°ñÀY¨½0¾F°ñÀY79¤§1¸¹,23.780602,120.471777
®¶¿³®c,ªüµ½®v,¶³ªL¿¤¦èÁ³Âí¼s¿³¨½8¾F¼s¿³70¸¹,23.7698319,120.4598858
·O©M®c,Æ[­µ¦ò¯ª,¶³ªL¿¤¦èÁ³Âí¤E¶©¨½5¾F¤j©M6-3,23.746368,120.433893
¾_¤Ñ®c,¥_·¥¥È¤Ñ¤W«Ò,¶³ªL¿¤¦èÁ³Âí³À³õ¨½³À³õ83¤§1¸¹,23.749708,120.473362
®H¤ß¦Ê©m¤½¼q,¦aÂÃ¤ý,¶³ªL¿¤¦èÁ³Âí¦w©w¨½¦w©w68¸¹,23.802353,120.439755
·sªÀ¦Ê©m°ó,¦aÂÃ¤ý,¶³ªL¿¤¦èÁ³Âí·sÂ×¨½229¸¹,23.78419,120.4444046
ºÖ¼w¯¨,ºÖ¼w¥¿¯«,¶³ªL¿¤¦èÁ³Âí¦èÁ³¬q877¡Ð22¸¹,23.7755286,120.447285
ºÖ¼w·Ý¼q,ºÖ¼w¥¿¯«,¶³ªL¿¤¦èÁ³Âí³»Ùõ¬q1049¤§1¸¹,23.7755286,120.447285
©^¤Ñ®c,¤Ñ¤W¸t¥À¥_·¥¥È¤Ñ¤W«Ò,¶³ªL¿¤¦èÁ³Âí®¶¿³¨½®¶¿³139¸¹,23.79111,120.471062
¸Uµ½¦x,¦aÂÃ¤ýµÐÂÄ,¶³ªL¿¤¦èÁ³Âí¤j·s¨½277¤§5¸¹,23.7943604,120.4962417
ªÀ¤f¦Ê©m¤½¼q,¦aÂÃ¤ýµÐÂÄ,¶³ªL¿¤¦èÁ³ÂíºÖ¥Ð¨½ªÀ¦è¬q626¸¹,23.7813304,120.4328824
³ø®¦¦x,ÄÀ­{¦È¥§¦ò,¶³ªL¿¤¦èÁ³Âí¤¤¿³¨½·s¿³¸ô160«Ñ4¸¹,23.799857,120.451915
µ{¤ó®a¼q,¦ò¤½ºÖ¼w¥¿¯«Ãö¸t«Ò§g,¶³ªL¿¤¦èÁ³Âí®H¤ß¬q629¸¹,23.80127,120.440579
·O¿³®c,¦aÂÃ¤ýµÐÂÄ,¶³ªL¿¤¦èÁ³Âí·sªÀ¬q1520¤§1¸¹,23.789182,120.448883
¤½·~ºÖ¼w·Ý¼q,ºÖ¼w¥¿¯«,¶³ªL¿¤¦èÁ³Âí¤T¶ô­í¬q³À³õ¤p¬q1110¦a¸¹,23.7755286,120.447285
ªÀ¤f¤ô¼w°ó,¸Uµ½¤½,¶³ªL¿¤¦èÁ³ÂíºÖ¥Ð¨½ªÀ¤f¬q1268¸¹,23.7813304,120.4328824
·OÄ_¦x,¦aÂÃ¤ýµÐÂÄ,¶³ªL¿¤¦èÁ³Âí¦w©w¨½³ö¨¾¸ô3¸¹,23.8122293,120.4386437
¤f©±ºÖ¼w·Ý¼q,ºÖ¼w¥¿¯«,¶³ªL¿¤¦èÁ³Âí¥Ã¦w¨½¤¯©Mµó2¤§3¸¹,23.8013481,120.464251
°ê¿³®c,Ãö¸t«Ò§g,¶³ªL¿¤¤G±[¶m¤G±[¶m±[ªF§ø¤¤µØ¸ô150¸¹,23.7697098,120.4150064
¯¬¤Ñ®c,¤Ñ¤W¸t¥À,¶³ªL¿¤¤G±[¶m¤G±[¶m¨Ó´f§ø22¾F·s©±¸ô7¸¹,23.772489,120.412818
¨ó¤Ñ®c,Ãö¸t«Ò§g,¶³ªL¿¤¤G±[¶m¤G±[¶m¤T©M§ø3¶ô­í60¸¹,23.772489,120.412818
½çºÖ®c,¤Ñ¤W¸t¥À,¶³ªL¿¤¤G±[¶m¤G±[¶m¥Ð§À§ø92¸¹,23.772489,120.412818
©w¦w®c,¤T¤s°ê¤ý,¶³ªL¿¤¤G±[¶m¤G±[¶m©w¦w§ø15¸¹,23.772489,120.412818
¤j¦w®c,Ä¬©²¤d·³,¶³ªL¿¤¤G±[¶m¤G±[¶m¤jµØ§ø¤jµØ¸ô61¸¹,23.8019569,120.417667
·sºÖ¿³®c,¤Ñ¤W¸t¥À,¶³ªL¿¤¤G±[¶m¤G±[¶m¸qÉÜ§ø·sÉÜ29¸¹,23.772489,120.412818
»ö¤Ñ®c,¤Ñ¤W¸t¥À,¶³ªL¿¤¤G±[¶m¤G±[¶m·¨½å§ø·¨½å¸ô50¸¹,23.772489,120.412818
¦w¥­®c,¤Ñ¤W¸t¥À,¶³ªL¿¤¤G±[¶m¤G±[¶m´ä«á§ø¦w¥­¸ô33¸¹,23.8039194,120.396449
¤Ñ¦Z®c,¤Ñ¤W¸t¥À,¶³ªL¿¤¤G±[¶m¤G±[¶m¤j¸q§ø¤j¸q46¸¹,23.772489,120.412818
Âí¦w®c,§d©²¤T¤ý,¶³ªL¿¤¤G±[¶m¤G±[¶mÉÜ¦è§ø11¾F¬w¤l51¸¹,23.772489,120.412818
¿³°ê®c,Ãö¸t«Ò§g,¶³ªL¿¤¤G±[¶m¤G±[¶m±[¦è§ø¤¤¤s¸ô160¸¹,23.7696468,120.4117482
´f¿³®c,¤Ñ¤W¸t¥À,¶³ªL¿¤¤G±[¶m¤G±[¶m¨Ó´f§ø15¾F´f¨Ó¸ô45¤§1¸¹,23.772489,120.412818
ÁI©M®c,¤T¤s°ê¤ý,¶³ªL¿¤¤G±[¶m¤G±[¶mÉÜ¦è§ø¤½À]¸ô15¤§1¸¹,23.79871,120.363686
ºÖ¦¨®c,Ãö¸t«Ò§g,¶³ªL¿¤¤G±[¶m¤G±[¶m·¨½å§ø¦Ë³ò¸ô36¸¹,23.772489,120.412818
¦Z»ö®c,¤Ñ¤W¸t¥À,¶³ªL¿¤¤G±[¶m¤G±[¶m¥Ã©w§ø7¾F¥Ã©w¸ô353¸¹,23.772489,120.412818
·O¤¯¦x,Æ[­µ¦ò¯ª,¶³ªL¿¤¤G±[¶m¤G±[¶m¤jÉÜ§ø4¾F¤jÉÜ¸ô28¤§1¸¹,23.772489,120.412818
·O©M®c,Æ[­µ¤j¤h,¶³ªL¿¤¤G±[¶m¤G±[¶m¨Ó´f§ø¤¤©M¸ô31¤§4¸¹,23.763831,120.397666
¤T·OÀÙ´¶¹D¦x,ÀÙ¤½¬¡¦ò,¶³ªL¿¤¤G±[¶m¤G±[¶m¦w©w§ø¥Ð¼d130¸¹,23.772489,120.412818
«Ø¥x®c,¶}¥x´L¤ý,¶³ªL¿¤¤G±[¶m¤G±[¶m´ä«á§ø9¾F¤Ó¥­¸ô91¤§12¸¹,23.772489,120.412818
¶¶¤Ñ®c,¤Ñ¤W¸t¥À¶ý¯ª,¶³ªL¿¤¤G±[¶m¤G±[¶m¤jµØ§øµØ¥_¸ô3¤§16¸¹,23.8011007,120.4203319
¸tÀÙ°ó,ÀÙ¤½¬¡¦ò,¶³ªL¿¤¤G±[¶m¤G±[¶m¥Ð§À§ø²p¥÷¸ô18¤§12¸¹,23.772489,120.412818
Âí¤Ñ®c,¥É¬Ó¤W«Ò,¶³ªL¿¤¤G±[¶m¤G±[¶m¤jµØ§øµØ¥_¸ô15¤§12¸¹,23.805182,120.41819
¥_´ä´Â¤Ñ®c,¤Ñ¤W¸t¥À,¶³ªL¿¤¥_´äÂí¥ú¥Á¨½¤¤¤s¸ô178¸¹,23.5678072,120.3046617
À±ªû¦x,ÄÀ­{¦È¥§¦ò,¶³ªL¿¤¥_´äÂí¥ú¥Á¨½¤¤¬î¸ô94¸¹,23.567456,120.305916
¸q¥Á¼q,¸q¥Á¤½,¶³ªL¿¤¥_´äÂí±Ü¸qµó20¸¹,23.56772,120.30286
·O¼w°ó,Æ[¥@­µµÐÂÄ,¶³ªL¿¤¥_´äÂí¥ú©ú¸ô162¸¹,23.5668726,120.3000363
Âí¦w®c,·¨©²¤C¤d·³,¶³ªL¿¤¥_´äÂí¦è¶Õ¨½À]«eµó22¸¹,23.566978,120.301852
¥N¤Ñ®c,¤­©²¤d·³,¶³ªL¿¤¥_´äÂí¤½À]¨½´_¿³µó20¸¹,23.5714821,120.3048985
¬L¯P®c,¶}ºs¸t¤ý,¶³ªL¿¤¥_´äÂí¤j¦P¨½¤½¥Á¸ô104¸¹,23.5705465,120.3022796
¸t¦w®c,¤­¤å©÷¤Ò¤l¤­¦~¤d·³,¶³ªL¿¤¥_´äÂíµØ³Ó¨½¥Áªv¸ô33¸¹,23.57396,120.300946
¨µ¦w®c,³¯¹t©h,¶³ªL¿¤¥_´äÂí¤å¬P¸ô144¸¹,23.575695,120.296679
¨µ¤Ñ®c,¿½©²¤d·³,¶³ªL¿¤¥_´äÂí·sµó¨½µØ³Ó¸ô571¸¹,23.587913,120.300268
¼w¦w®c,¤­©²¤d·³,¶³ªL¿¤¥_´äÂí¼B­í¨½¼B­í116¤§1,23.589647,120.292345
¸t¥­®c,¤Ñ¤W¸t¥À,¶³ªL¿¤¥_´äÂí«á·¾¨½4¾F«á·¾¸ô74¸¹,23.5860785,120.3240748
´_¿³®c,¤Ñ¤W¸t¥À,¶³ªL¿¤¥_´äÂí©²µf¨½60¸¹,23.6012365,120.3233704
©^¤T®c,¤T¤s°ê¤ý,¶³ªL¿¤¥_´äÂí¦n¦¬¨½¦n¦¬52¸¹,23.602101,120.276828
°®¤¸®c,¤T¤s°ê¤ý,¶³ªL¿¤¥_´äÂí¾ð¸}¨½¤jÉÜ2¸¹,23.577139,120.275832
¸t¼w®c,Ãö¸t«Ò§g,¶³ªL¿¤¥_´äÂí¤¯¦w¨½¤¤¥¿¸ô135¸¹,23.570043,120.300486
¶¶¤Ñ®c,¤­©²¤d·³,¶³ªL¿¤¥_´äÂí¤ô®H¨½¤ô®H42¤§1¸¹,23.551096,120.281719
¥_´äªZ¼w®c,¤Ñ©xªZ°]¯«,¶³ªL¿¤¥_´äÂí·sµó¨½µØ³Ó¸ô330¸¹,23.5810008,120.2990713
ªZ¥|®c,¦À©²¤ý·Ý,¶³ªL¿¤¥_´äÂí¾ð¸}¨½¹L·¾51¸¹,23.5810034,120.2801166
¨ü¤Ñ®c,¤j©P©²·Å©²«J©²¯³©²¤G©P©²¤d·³,¶³ªL¿¤¥_´äÂí·s­í¨½61¤§1¸¹,23.5853508,120.3161625
«J¤Ñ©²,¾G©²¸t«J,¶³ªL¿¤¥_´äÂí¯ó´ò¨½¦è´ò100¤§1¸¹,23.597662,120.301338
¤­ºÖ®c,¤Ñ¾E¥î«Ò,¶³ªL¿¤¥_´äÂí§ß´Â¨½192¤§1¸¹,23.56006,120.284061
¯uªZ·µ,¥È¤Ñ¤W«Ò,¶³ªL¿¤¥_´äÂí·¾¨m¨½4¾F160¤§2¸¹,23.6127855,120.2945362
¸t¤Ñ®c,¥È¤Ñ¤W«Ò,¶³ªL¿¤¥_´äÂí·sµó¨½22¾F¥_¨°¸ô13¸¹,23.5800521,120.3029123
¿³¤Ñ©²,§õ©²¤d·³,¶³ªL¿¤¥_´äÂí©²µf¨½183¸¹,23.6012365,120.3233704
¶¶¤Ñ®c,¯Õ©²¤d·³,¶³ªL¿¤¥_´äÂíµf·¾¨½9¾Fµf·¾,23.62604,120.27506
¾_«Â©²,ª÷©²¤d·³,¶³ªL¿¤¥_´äÂí«á·¾¨½Ås¤º¸ô21¸¹,23.5839092,120.3291365
Âí¦w®c,¦¶©²¤d·³,¶³ªL¿¤¥_´äÂí·¾¨m¨½13¾F217¸¹,23.6127855,120.2945362
ªk½ü¦x,ÄÀ­{¦ò,¶³ªL¿¤¤ôªL¶m¤ô¥_§ø¼q«e¸ô101¸¹,23.5748651,120.240608
ºÑ²M¦x,Æ[¥@­µµÐÂÄ,¶³ªL¿¤¤ôªL¶mÆWªF§ø§»¤¯¸ô38¸¹,23.6041958,120.2397497
³q¤Ñ©²,·Å¤ý¤d·³,¶³ªL¿¤¤ôªL¶m¤ô¥_§ø¼q«e¸ô86¸¹,23.5745857,120.2414367
¶¶¤Ñ©²,§õ©²¤d·³,¶³ªL¿¤¤ôªL¶m¤j¤s§ø10¡Ð9¸¹,23.5578383,120.225308
©^¤Ñ©²,¤­©²¤d·³,¶³ªL¿¤¤ôªL¶m«á¼d§ø50¸¹,23.5529101,120.2483881
¤C¬P®c,¤C®Q¶ý,¶³ªL¿¤¤ôªL¶m«á¼d§ø«á®H29¸¹,23.5529101,120.2483881
ºÖ¿³®c,¦À©²¤d·³,¶³ªL¿¤¤ôªL¶m¬K®H§ø1¾F62¸¹,23.5958416,120.2483881
¶¶¤Ñ®c,¶ý¯ª¤Ñ¤W¸t¥À,¶³ªL¿¤¤ôªL¶m¿»Á¦§ø¿»Á¦­í102¸¹,23.54411,120.223933
´º¶§®c,±d»¯·Å¤¸«Ó,¶³ªL¿¤¤ôªL¶mªQ¥_§øªQªF¸ô24¸¹,23.520693,120.2323701
¤Ñ«O®c,¤Ñ¤W¸t¥À,¶³ªL¿¤¤ôªL¶mªQ¤¤§øçrªQ¸ô204¸¹,23.512415,120.227936
Ãí¤¸©²,¤­¤ý¥N¤Ñ¨µ¦u,¶³ªL¿¤¤ôªL¶m¤s¸}§ø¦y¤s¸}27¸¹,23.5351376,120.2310784
³ø®¦°ó,¯ª¥ý¤½,¶³ªL¿¤¤ôªL¶mÆWªF§ø§»¤¯¸ô38¸¹,23.6041958,120.2397497
«O¦w®c,¤­©²¤d·³¤Ñ¤W¸t¥À,¶³ªL¿¤¤ôªL¶m¶ó©³§ø¶ó©³30¸¹,23.516765,120.201856
¤¸¤Ñ®c,¥_·¥¥È¤Ñ¤W«Ò,¶³ªL¿¤¤ôªL¶m¦y¤s§ø3¾F³»¦y¤s30¸¹,23.5685731,120.225308
¥N¤Ñ®c,§õ©²¤d·³,¶³ªL¿¤¤ôªL¶m¶¶¿³§ø¶¶¿³¸ô45¸¹,23.5549367,120.2042066
³q¤Ñ®c,¤Ñ¤W¸t¥À¤­¦~¤d·³¤­©²¤d·³,¶³ªL¿¤¤ôªL¶m¤g­í§ø¤U¼d11¸¹,23.5651616,120.259329
«O¦w®c,¦À©²¤d·³,¶³ªL¿¤¤ôªL¶m·ËáY§ø4¾F33¸¹,23.537793,120.265765
¤j¿³®c,§õ©²¤d·³,¶³ªL¿¤¤ôªL¶m¤j·¾§ø¤j·¾66¤§2¸¹,23.568656,120.206637
¯P®­®c,¬K©h±C±Û§B¤½,¶³ªL¿¤¤ôªL¶m¤j¤s§ø125¸¹,23.5578383,120.225308
Â×¼w®c,§õ©²¤d·³,¶³ªL¿¤¤ôªL¶mÄ¬¯³§ø®üÂ×¸ô12¤§1¸¹,23.6274602,120.257012
¸t©÷®c,¤ý¥À®Q®Q,¶³ªL¿¤¤ôªL¶m¸U¿³§ø1¾F2¤§11¸¹,23.5834422,120.2310784
³£¥È¤Ñ®c,¥È¤Ñ¤W«Ò,¶³ªL¿¤¤ôªL¶m®ü®H§ø67¤§1¸¹,23.5624102,120.2541575
ÀsÄ_·µ,¶µ¦Ð¤¸«Ó,¶³ªL¿¤¤ôªL¶m¤ô«n§ø®H§À¸ô59¸¹,23.5705032,120.2416029
¤Tµ½¤½¼q,¤Tµ½¤½,¶³ªL¿¤¤ôªL¶m¸U¿³§ø¸U¿³1¤§20¸¹,23.587334,120.23093
ºÑ¶³¦x,Æ[¥@­µ,¶³ªL¿¤¤ôªL¶mÆW¦è§ø«á´ò3¸¹,23.5912752,120.2195374
¦ö¯u©²,¤­©²¤d·³,¶³ªL¿¤¤ôªL¶m¤ô¥_§øÃC­í¼d43¤§1¸¹,23.571027,120.255797
¥¿¸q¤½¼q,¥¿¸q¤½,¶³ªL¿¤¤ôªL¶m¤s¸}§ø¿»ªF¸ô40¸¹,23.5383357,120.2252715
¤Ñ¦Z®c,¤Ñ¤W¸t¥À,¶³ªL¿¤¤ôªL¶mªQ¤¤§øçrªQ¸ô172¤§1¸¹,23.5123402,120.2280049
¤ôªLºÖ¼w¼q,ºÖ¼w¥¿¯«,¶³ªL¿¤¤ôªL¶m¤ô«n§øªF¶§µó67«Ñ1¸¹,23.570402,120.246346
´_¿³¦x,¤T¸t¦ò,¶³ªL¿¤¤ôªL¶m¬K®H§ø¤s¼d¸ô15¤§1¸¹,23.596009,120.252455
¦X¤Ñ®c,®}©²¤d·³,¶³ªL¿¤¤f´ò¶m´ò¤f§ø1¾F91¸¹,23.5296449,120.1560436
¤T°ê¼q,¤­©²¤d·³,¶³ªL¿¤¤f´ò¶m³H¼d§ø6¾F³H¼d28¸¹,23.574377,120.178325
½Õ¤Ñ©²,§õ©²¤d·³,¶³ªL¿¤¤f´ò¶m±ï¥_§ø8¾F´_¿³¸ô144¸¹,23.5469381,120.1909612
¤U±[ºÖ¦w®c,¤B©²¤K¤d·³,¶³ªL¿¤¤f´ò¶m±[¤¤§øºÖ¦w¸ô22¸¹,23.616472,120.161515
¦wÀs®c,¦À©²¤d·³,¶³ªL¿¤¤f´ò¶m¦¨Às§ø5¾F89¸¹,23.5552665,120.161817
©^¤Ñ®c,¥È¤Ñ¤W«Ò,¶³ªL¿¤¤f´ò¶m¤ô¤«§ø21¤§2¸¹,23.5259607,120.1733631
¥_¤Ñ®c,¥È¤Ñ¤W«Ò,¶³ªL¿¤¤f´ò¶m¹L´ä§ø8¾F¹L´ä96¸¹,23.571668,120.191856
·s¿³®c,¤C©²¤d·³,¶³ªL¿¤¤f´ò¶m´äªF§ø12¾F¥Á¥D¸ô9¸¹,23.5744555,120.1533565
¤Ñ¥x®c,¤Ñ¤W¸t¥À,¶³ªL¿¤¤f´ò¶m¥x¤l§ø16¾F¥x¿³¸ô86¸¹,23.5623132,120.1423984
ÄÉ­»®c,¦¶©²¤d·³,¶³ªL¿¤¤f´ò¶m®H«n§ø9¾F¥~®H126¸¹,23.5974369,120.1906803
ºÖ¼w®c,¤g¦a¤½,¶³ªL¿¤¤f´ò¶m¤f´ò§ø4¾F¤f´ò127¸¹,23.587028,120.181572
·|¤ô®c,¦¶©²¤d·³,¶³ªL¿¤¤f´ò¶m´òªF§ø40¸¹,23.586417,120.182729
¶¶¤Ñ®c,§õ©²¤d·³,¶³ªL¿¤¤f´ò¶m³H¼d§ø±R¤å¸ô¤G¬q160¸¹,23.5745867,120.1767438
«O¦w®c,±d©²¤¸«Ó,¶³ªL¿¤¤f´ò¶m«C³F§ø6¾F56¸¹,23.5982244,120.161817
¶¶¤Ñ®c,§õ©²¤d·³,¶³ªL¿¤¤f´ò¶m±ï«n§ø14¾F·ç¿³µó26¤§3¸¹,23.5420692,120.1733631
Âí¦w®c,¿½©²¤d·³,¶³ªL¿¤¤f´ò¶m³»´ò§ø6¾F·ç¿³109¤§1¸¹,23.5999003,120.1791357
¤Ó¤l®c,³³§L¤Ó¤l,¶³ªL¿¤¤f´ò¶m´òªF§ø7¾F´òªF144¸¹,23.584738,120.1894879
¥N¦w©²,¤­©²¤d·³,¶³ªL¿¤¤f´ò¶m´òªF§ø6¾F193¤§1¸¹,23.5866998,120.1906803
´I¦w®c,¤­¦~¤d·³,¶³ªL¿¤¤f´ò¶m´òªF§ø256¸¹,23.5866998,120.1906803
ºÖ¤Ñ®c,¤­©²¤d·³,¶³ªL¿¤¤f´ò¶m³H¼d§ø¥|ºûµó45¸¹,23.581631,120.170893
Às¥x®c,¥È¤Ñ¤W«Ò,¶³ªL¿¤¤f´ò¶m´ä¦è§ø¤T¥Á¸ô1¸¹,23.5753306,120.1477994
ºÖ¤Ñ®c,ª÷©²¤d·³,¶³ªL¿¤¤f´ò¶m¥x¤l§ø³F¼d¸ô22¸¹,23.552354,120.1502699
¶}¤¸®c,¾G¦¨¥\,¶³ªL¿¤¤f´ò¶m«á­í§ø8¾F«á­í110¸¹,23.545754,120.197264
®ü¤Ñ®c,Ãö¸t«Ò§g,¶³ªL¿¤¤f´ò¶m³H¼d§ø5¾F¥|ºûµó99¸¹,23.581631,120.170893
¤ô§À¶¶¤Ñ®c,¤T¤Ó¤l,¶³ªL¿¤¤f´ò¶mÁÂ­í§ø7¾F¤ô§À34¸¹,23.5842365,120.2022239
¶¶¤Ñ®c,§d©²¤T¤d·³,¶³ªL¿¤¤f´ò¶mÁÂ­í§øÁÂ­í¸ô36¤§1¸¹,23.586974,120.198924
ª÷´ò¸Uµ½·Ý¼q,¸Uµ½·Ý,¶³ªL¿¤¤f´ò¶m´äªF§ø¥Á¥D¸ô5¸¹,23.5743058,120.1523176
Âí¤Ñ®c,¤­¦~¤d·³,¶³ªL¿¤¤f´ò¶m®H¥_§ø5¾F¨F±[19¤§1¸¹,23.6187901,120.180925
¿³¦w¥N¤Ñ©²,¤­©²¤d·³,¶³ªL¿¤¤f´ò¶m±[ªF§ø¥Á¥Í¸ô79«Ñ28¸¹,23.617047,120.161922
¸t¦w®c,¤Ñ¤W¸t¥À,¶³ªL¿¤¤f´ò¶m¤f´ò§ø7¾F¤U¤f´ò18¸¹,23.589396,120.178658
Âí®ü®c,Â×³£¤j«Ò,¶³ªL¿¤¤f´ò¶m¥x¤l§ø³F¼d¸ô124¸¹,23.552354,120.1502699
«n¦w®c,¤T«Ó¤Ò¤H,¶³ªL¿¤¤f´ò¶m¥x¤l§ø³F¼d¸ô116¡Ð1¸¹,23.552354,120.1502699
¥_¦w®c,¾G©²¤¸«Ó,¶³ªL¿¤¤f´ò¶m¥x¤l§ø³F¼d60¡Ð6¸¹,23.552354,120.1502699
¸Uµ½¯¨,¦aÂÃ¤ýµÐÂÄ¸Uµ½·Ý,¶³ªL¿¤¤f´ò¶m¥x¤l§ø5¾F³F¼d126¸¹,23.552354,120.1502699
¸t½å¤½¼q,ºÖ¼w¥¿¯«,¶³ªL¿¤¤f´ò¶m³»´ò§ø107¸¹,23.5999003,120.1791357
¸t­×®c,Ãö¸t«Ò§g,¶³ªL¿¤¤f´ò¶m¥x¤l§ø¥x¿³¸ô280¤§1¸¹,23.5623132,120.1423984
³q¤j©²,§d©²¤d·³,¶³ªL¿¤¤f´ò¶m«á­í§ø1¾F«á­í8¸¹,23.545754,120.197264
¶¶¼d®c,µ×®H¤Ò¤H,¶³ªL¿¤¤f´ò¶m¤U±[§ø1¾F¤U¼d25¸¹,23.632231,120.163463
¶¶¦w®c,¤­©²¤d·³,¶³ªL¿¤¤f´ò¶m¤f´ò§ø5¾F¤f´ò¸ô131¸¹,23.585286,120.18133
©M¤Ñ®c,¤Ñ¤W¸t¥À,¶³ªL¿¤¥|´ò¶m¥|´ò¶m¼s·¾§ø97¸¹,23.638166,120.224449
´I¦w®c,¤­©²¤d·³,¶³ªL¿¤¥|´ò¶m¥|´ò¶m·Ë©³§ø¥ÁÅv¸ô1¸¹,23.638166,120.224449
¤T¦w®c,±i©²¤d·³,¶³ªL¿¤¥|´ò¶m¥|´ò¶m±[¥_§ø®ü²M¸ô35¸¹,23.652437,120.156594
®ü²M®c,¥]«C¤Ñ,¶³ªL¿¤¥|´ò¶m¥|´ò¶m±[¥_§ø®ü²M¸ô93¸¹,23.6569253,120.1534614
­¸¤ý®c,§õ©²¤d·³,¶³ªL¿¤¥|´ò¶m¥|´ò¶m­¸¨F§ø¤j¦P¸ô47«Ñ7¸¹,23.6502419,120.1739755
«O¦w®c,«O¦w¤Ò¤H,¶³ªL¿¤¥|´ò¶m¥|´ò¶mªLªF§ø14¾F¤¤µØ¸ô81¸¹,23.638166,120.224449
¥|´ò°Ñ¤Ñ®c,Ãö¸t«Ò§g,¶³ªL¿¤¥|´ò¶m¥|´ò¶m´ò¦è§ø8¾FÃö¸t¸ô87¸¹,23.638166,120.224449
®Ê¦w®c,¦¶©²¤d·³,¶³ªL¿¤¥|´ò¶m¥|´ò¶m¬I´ò§øªFÉÜ¸ô2¾F2-2¸¹,23.638166,120.224449
«O¦w®c,Ãö¸t«Ò§g,¶³ªL¿¤¥|´ò¶m¥|´ò¶m´ò¦è§ø«Oªø´ò120¸¹,23.638166,120.224449
ºÖ¦w®c,¤Ñ¤W¸t¥À,¶³ªL¿¤¥|´ò¶m¥|´ò¶m¤U³À³õ¸ô55¸¹,23.638166,120.224449
°Ñ¤Ñ©²,¤T©²¤d·³,¶³ªL¿¤¥|´ò¶m¥|´ò¶m¦Ï½Õ§ø¤¤¬v¥_¸ô100¸¹,23.638166,120.224449
³¹Ä_®c,¤Ñ¤W¸t¥À,¶³ªL¿¤¥|´ò¶m¥|´ò¶m¤º´ò§ø¤U®Û¤s4¸¹,23.638166,120.224449
¬ü¤s¦ò¦x,Æ[¥@­µµÐÂÄ,¶³ªL¿¤¥|´ò¶m¥|´ò¶m´ò¦è§ø¬ü¤sµó160¸¹,23.638166,120.224449
¶¶¤Ñ©²,¤­©²¤d·³,¶³ªL¿¤¥|´ò¶m¥|´ò¶mªLªF§ø14¾F¤¤µØ¸ô81¸¹,23.638166,120.224449
®õ¦w®c,¤Ñ¤W¸t¥À¤Ó¤lÆ[­µ¦ò¯ª,¶³ªL¿¤¥|´ò¶m¥|´ò¶m¬I´ò§øªFÉÜ¸ô47¸¹,23.638166,120.224449
·s¿³®c,¤­©²¤d·³,¶³ªL¿¤¥|´ò¶m¥|´ò¶m3©m§ø¤¤¿³18¤§1¸¹,23.638166,120.224449
®Ê¦w®c,¥î¦~¤d·³,¶³ªL¿¤¥|´ò¶m¥|´ò¶m·Ë§À§ø«n·Ë§À100¸¹,23.638166,120.224449
¨µ¤Ñ©²,¤­©²¤d·³,¶³ªL¿¤¥|´ò¶m¥|´ò¶m·sÉÜ§ø¬â±[¸}37¸¹,23.638166,120.224449
¥_¦w®c,¥È¤Ñ¤W«Ò,¶³ªL¿¤¥|´ò¶m¥|´ò¶m­¸¨F§ø³»­¸¨F40¸¹,23.638166,120.224449
´¶¤Ñ®c,·Å©²¤d·³,¶³ªL¿¤¥|´ò¶m¥|´ò¶mºäªF§ø118¤§1¸¹,23.638166,120.224449
¤Ñ¶³¦x,Æ[­µ¦ò¯ª,¶³ªL¿¤¥|´ò¶m¥|´ò¶m¦Ï½Õ§ø¤¤¬v«n¸ô10¸¹,23.638166,120.224449
ºÖ¿³°ó,ºÖ¼w¥¿¯«,¶³ªL¿¤¥|´ò¶m¥|´ò¶m¥|´ò§ø5¾F¤¤¤sªF¸ô21¤§23¸¹,23.638166,120.224449
Âí«O®c,¤­¦~¤d·³,¶³ªL¿¤¥|´ò¶m¥|´ò¶m´ò¼d§ø¤U¼d57¤§1¸¹,23.638166,120.224449
¦è¤Ñ¦x,À±°Ç¦ò¯ª,¶³ªL¿¤¥|´ò¶m¥|´ò¶mºäªF§ø23¾Fºä¤l¼d167¸¹,23.638166,120.224449
ªkµØ¦x,¦ò¯ª,¶³ªL¿¤¥|´ò¶m¥|´ò¶m¬I´ò§ø¤¤¤s¦è¸ô160¸¹,23.6375853,120.2210372
ºÖ¸t®c,ºÖ¼w¥¿¯«,¶³ªL¿¤¥|´ò¶m¥|´ò¶m±[«n§ø·s­íµó26¤§3¸¹,23.6425,120.163537
«°¦P©²,«°¶ª¼q¤½,¶³ªL¿¤¥|´ò¶m¥|´ò¶m¬I´ò§ø¤¤´òµó1¤§1¸¹,23.634091,120.220753
¶¶¤Ñ®c,³¯¤¸®v,¶³ªL¿¤¤¸ªø¶mªø«n§ø¶¶¤Ñµó14¸¹,23.6564812,120.3117948
Âí¥­®c,¤­¦~¤d·³,¶³ªL¿¤¤¸ªø¶m¤U¼d§ø1¾F®HáY¸ô5¸¹,23.62094,120.321413
«C­·¤Ñ¾Â,¤E¤Ñ¥È¤k,¶³ªL¿¤¤¸ªø¶m¤l­Z§ø6¾F¤l­Z81¸¹,23.661569,120.330762
«O¦w©²,±i§õ²ö©²¤d·³,¶³ªL¿¤¤¸ªø¶m¦X©M§ø4¾F3©Ð48¸¹,23.6651903,120.3003035
«n¤Ñ®c,¤­©²¤d·³,¶³ªL¿¤¤¸ªø¶m¤l­Z§ø2¾F¤l­Z21¸¹,23.658671,120.334222
¸t¦w¾Â,¤E¤Ñ¥È¤k,¶³ªL¿¤¤¸ªø¶m«á´ò§ø7¾F«á´ò¸ô34¸¹,23.6891495,120.3140953
¥j¦w®c,¤E¤Ñ¥È¤k,¶³ªL¿¤¤¸ªø¶m¤s¤º§ø¦w°È¸ô7¸¹,23.672436,120.311439
÷´?®c,«O¥Í¤j«Ò,¶³ªL¿¤¤¸ªø¶mªø¥_§ø¤¸¤¤¸ô70¸¹,23.651463,120.313835
·Pµ½°ó,Ãö¸t«Ò§g,¶³ªL¿¤¤¸ªø¶m¤l­Z§ø¤T¥Á¸ô38¸¹,23.6845063,120.3131504
ªZ¸t®c,©ú©ú¤W«Ò,¶³ªL¿¤¤¸ªø¶mªø«n§ø¶i¤Æµó4¤§1¸¹,23.649163,120.314743
²M¤s«n¤Ñ©²,±d©²¤d·³,¶³ªL¿¤¤¸ªø¶m¤s¤º§ø«n¤s¸ô8¤§1¸¹,23.6732557,120.3130601
ª÷¥À®c,Ãö¸t«Ò§g,¶³ªL¿¤¤¸ªø¶m¼æªF§ø¥Ë?¸ô3¤§1¸¹,23.6396077,120.2945362
«n¦w©²,¤­©²¤d·³,¶³ªL¿¤¤¸ªø¶m¼æªF§ø4¾F¥Ë?¸ô43¸¹,23.6396077,120.2945362
«O¦w®c,«O¥Í¤j«Ò,¶³ªL¿¤¤¸ªø¶m¼æ¦è§ø¼æ¤º¸ô31¤§5¸¹,23.6413395,120.286043
©Ó¼w©²,¦À©²¤d·³,¶³ªL¿¤¤¸ªø¶m¦X©M§ø16¾F¦X©M67¤§12¸¹,23.655253,120.296358
µL·¥¸t·µ,¥È¤Ñ¤W«Ò,¶³ªL¿¤¤¸ªø¶m¤º¼d§ø11¾F¦n¦¬5¤§6¸¹,23.6123733,120.3464333
¸q¤Ñ®c,Ãö¸t«Ò§g,¶³ªL¿¤¤¸ªø¶m³À«n§ø«á«Ø¸ô37¸¹,23.641885,120.372009
Âí¿³®c,§d©²¤d·³,¶³ªL¿¤¤¸ªø¶m¤U¼d§ø8¾F¤U¼d7¡Ð5¸¹,23.614432,120.330789
¥]«C©²,¥]©²¤d·³,¶³ªL¿¤¤¸ªø¶mªø¥_§ø¤¸¥_¸ô34¤§1¸¹,23.6535691,120.3143289
ªZ¦w¬w¼q,¥]©²¤d·³,¶³ªL¿¤¤¸ªø¶m³À¥_§ø10¾F¦Ë³ò¸ô21¸¹,23.6478266,120.3810199
¥N¸t©²,¤­©²¤d·³,¶³ªL¿¤¤¸ªø¶m¤º¼d§ø4¾F¤º¼d54¸¹,23.618229,120.347939
´Â©^®c,«O¥Í¤G¤j«Ò,¶³ªL¿¤¤¸ªø¶m·s¦N§ø3¾F·sÉÜ16¸¹,23.6197845,120.3636854
·¥©ú·µ,¥È¤Ñ¤W«Ò,¶³ªL¿¤¤¸ªø¶m·s¦N§ø·s¦N¸ô13¸¹,23.6236215,120.3646271
³Ó·×®c,§õ©²¤d·³,¶³ªL¿¤¤¸ªø¶m¤U¼d§ø´ò¤º13¤§1¸¹,23.6088794,120.3284279
«O³Ó®c,«O¥Í¤j«Ò,¶³ªL¿¤¤¸ªø¶m³À¥_§ø©ú³À¸ô21¤§1¸¹,23.646258,120.379096
¸t©^®c,Ä¬©²¤d·³,¶³ªL¿¤¤¸ªø¶m¤­¶ô§ø«n¤õ¸ô4¤§6¸¹,23.6546031,120.279159
¥É¦w®c,¤E¤Ñ¥È¤k,¶³ªL¿¤¤¸ªø¶m«á´ò§ø¤¤´ò¸ô18¸¹,23.685673,120.331216
®õ¦w©²,±i§õ²ö°¨¦À©²¤d·³,¶³ªL¿¤¤¸ªø¶m³À«n§ø2¾F¤¤¬¢¸ô28¸¹¤§3,23.6431048,120.3727692
¬ü¤s¦x,Æ[­µ¦ò¯ª,¶³ªL¿¤¤¸ªø¶m¦X©M§ø9¾F2©Ð¸ô56¤§3¸¹,23.6651903,120.3003035
ªZ¼w®c,ªZ¼w­^«J,¶³ªL¿¤¤¸ªø¶m¨ô¹B§øÉÜ¤º¸ô48¤§3¸¹,23.641383,120.348781
¶¶¼w©²,±i©²¤d·³,¶³ªL¿¤¤¸ªø¶m¦X©M§ø6¾F¤s¤t¸ô14¤§1¸¹,23.6651903,120.3003035
¥]¤d®c,¥]©²¤d·³,¶³ªL¿¤¤¸ªø¶m«á´ò§ø8¾F·Ë©³,23.687799,120.31253
µL·¥·OÀÙ®c,µL·¥ÀÙ¤½¬¡¦ò,¶³ªL¿¤¤¸ªø¶mªø«n§ø¤¸¦è¸ô399¤§9¸¹,23.653346,120.299112
»ö¤Ñ®c,¤Ñ¤W¸t¥À,¶³ªL¿¤¤¸ªø¶mªø¥_§ø5¾F¤¸ªF¸ô¤T¬q2¤§3¸¹,23.6495065,120.3233704
